{
    "workclass_?": [
        "onehot"
    ],
    "workclass_Federal-gov": [
        "onehot"
    ],
    "workclass_Local-gov": [
        "onehot"
    ],
    "workclass_Never-worked": [
        "onehot"
    ],
    "workclass_Private": [
        "onehot"
    ],
    "workclass_Self-emp-inc": [
        "onehot"
    ],
    "workclass_Self-emp-not-inc": [
        "onehot"
    ],
    "workclass_State-gov": [
        "onehot"
    ],
    "workclass_Without-pay": [
        "onehot"
    ],
    "marital.status_Divorced": [
        "onehot"
    ],
    "marital.status_Married-AF-spouse": [
        "onehot"
    ],
    "marital.status_Married-civ-spouse": [
        "onehot"
    ],
    "marital.status_Married-spouse-absent": [
        "onehot"
    ],
    "marital.status_Never-married": [
        "onehot"
    ],
    "marital.status_Separated": [
        "onehot"
    ],
    "marital.status_Widowed": [
        "onehot"
    ],
    "occupation_?": [
        "onehot"
    ],
    "occupation_Adm-clerical": [
        "onehot"
    ],
    "occupation_Armed-Forces": [
        "onehot"
    ],
    "occupation_Craft-repair": [
        "onehot"
    ],
    "occupation_Exec-managerial": [
        "onehot"
    ],
    "occupation_Farming-fishing": [
        "onehot"
    ],
    "occupation_Handlers-cleaners": [
        "onehot"
    ],
    "occupation_Machine-op-inspct": [
        "onehot"
    ],
    "occupation_Other-service": [
        "onehot"
    ],
    "occupation_Priv-house-serv": [
        "onehot"
    ],
    "occupation_Prof-specialty": [
        "onehot"
    ],
    "occupation_Protective-serv": [
        "onehot"
    ],
    "occupation_Sales": [
        "onehot"
    ],
    "occupation_Tech-support": [
        "onehot"
    ],
    "occupation_Transport-moving": [
        "onehot"
    ],
    "race_Amer-Indian-Eskimo": [
        "onehot",
        "non-actionable"
    ],
    "race_Asian-Pac-Islander": [
        "onehot",
        "non-actionable"
    ],
    "race_Black": [
        "onehot",
        "non-actionable"
    ],
    "race_Other": [
        "onehot",
        "non-actionable"
    ],
    "race_White": [
        "onehot",
        "non-actionable"
    ],
    "sex_Female": [
        "onehot",
        "non-actionable"
    ],
    "sex_Male": [
        "onehot",
        "non-actionable"
    ],
    "native.country_?": [
        "onehot",
        "non-actionable"
    ],
    "native.country_Cambodia": [
        "onehot",
        "non-actionable"
    ],
    "native.country_Canada": [
        "onehot",
        "non-actionable"
    ],
    "native.country_China": [
        "onehot",
        "non-actionable"
    ],
    "native.country_Columbia": [
        "onehot",
        "non-actionable"
    ],
    "native.country_Cuba": [
        "onehot",
        "non-actionable"
    ],
    "native.country_Dominican-Republic": [
        "onehot",
        "non-actionable"
    ],
    "native.country_Ecuador": [
        "onehot",
        "non-actionable"
    ],
    "native.country_El-Salvador": [
        "onehot",
        "non-actionable"
    ],
    "native.country_England": [
        "onehot",
        "non-actionable"
    ],
    "native.country_France": [
        "onehot",
        "non-actionable"
    ],
    "native.country_Germany": [
        "onehot",
        "non-actionable"
    ],
    "native.country_Greece": [
        "onehot",
        "non-actionable"
    ],
    "native.country_Guatemala": [
        "onehot",
        "non-actionable"
    ],
    "native.country_Haiti": [
        "onehot",
        "non-actionable"
    ],
    "native.country_Holand-Netherlands": [
        "onehot",
        "non-actionable"
    ],
    "native.country_Honduras": [
        "onehot",
        "non-actionable"
    ],
    "native.country_Hong": [
        "onehot",
        "non-actionable"
    ],
    "native.country_Hungary": [
        "onehot",
        "non-actionable"
    ],
    "native.country_India": [
        "onehot",
        "non-actionable"
    ],
    "native.country_Iran": [
        "onehot",
        "non-actionable"
    ],
    "native.country_Ireland": [
        "onehot",
        "non-actionable"
    ],
    "native.country_Italy": [
        "onehot",
        "non-actionable"
    ],
    "native.country_Jamaica": [
        "onehot",
        "non-actionable"
    ],
    "native.country_Japan": [
        "onehot",
        "non-actionable"
    ],
    "native.country_Laos": [
        "onehot",
        "non-actionable"
    ],
    "native.country_Mexico": [
        "onehot",
        "non-actionable"
    ],
    "native.country_Nicaragua": [
        "onehot",
        "non-actionable"
    ],
    "native.country_Outlying-US(Guam-USVI-etc)": [
        "onehot",
        "non-actionable"
    ],
    "native.country_Peru": [
        "onehot",
        "non-actionable"
    ],
    "native.country_Philippines": [
        "onehot",
        "non-actionable"
    ],
    "native.country_Poland": [
        "onehot",
        "non-actionable"
    ],
    "native.country_Portugal": [
        "onehot",
        "non-actionable"
    ],
    "native.country_Puerto-Rico": [
        "onehot",
        "non-actionable"
    ],
    "native.country_Scotland": [
        "onehot",
        "non-actionable"
    ],
    "native.country_South": [
        "onehot",
        "non-actionable"
    ],
    "native.country_Taiwan": [
        "onehot",
        "non-actionable"
    ],
    "native.country_Thailand": [
        "onehot",
        "non-actionable"
    ],
    "native.country_Trinadad&Tobago": [
        "onehot",
        "non-actionable"
    ],
    "native.country_United-States": [
        "onehot",
        "non-actionable"
    ],
    "native.country_Vietnam": [
        "onehot",
        "non-actionable"
    ],
    "native.country_Yugoslavia": [
        "onehot",
        "non-actionable"
    ],
    "dataset_shortname": "adult",
    "features_order_nonsplit": [
        "age",
        "education.num",
        "capital.gain",
        "capital.loss",
        "hours.per.week",
        "workclass",
        "marital.status",
        "occupation",
        "race",
        "sex",
        "native.country",
        "income"
    ],
    "categorical_features_nonsplit": [
        "workclass",
        "marital.status",
        "occupation",
        "race",
        "sex",
        "native.country"
    ],
    "continuous_features_nonsplit": [
        "age",
        "education.num",
        "capital.gain",
        "capital.loss",
        "hours.per.week"
    ],
    "target_feature": "income",
    "features_count_split_without_target": 85,
    "non_actionable_features": [
        "race",
        "sex",
        "native.country"
    ],
    "actionable_features": [
        "capital.loss",
        "occupation",
        "workclass",
        "education.num",
        "marital.status",
        "capital.gain",
        "age",
        "hours.per.week"
    ],
    "features_count_nonsplit": {
        "age": 2,
        "education.num": 1,
        "capital.gain": 1,
        "capital.loss": 1,
        "hours.per.week": 1,
        "workclass": 9,
        "marital.status": 7,
        "occupation": 15,
        "race": 5,
        "sex": 2,
        "native.country": 42
    },
    "feature_first_occurrence_after_split": {
        "age": 0,
        "education.num": 1,
        "capital.gain": 2,
        "capital.loss": 3,
        "hours.per.week": 4,
        "workclass": 5,
        "marital.status": 14,
        "occupation": 21,
        "race": 36,
        "sex": 41,
        "native.country": 43
    },
    "categorical_features_map_to_thier_splits": {
        "workclass": [
            "workclass_?",
            "workclass_Federal-gov",
            "workclass_Local-gov",
            "workclass_Never-worked",
            "workclass_Private",
            "workclass_Self-emp-inc",
            "workclass_Self-emp-not-inc",
            "workclass_State-gov",
            "workclass_Without-pay"
        ],
        "marital.status": [
            "marital.status_Divorced",
            "marital.status_Married-AF-spouse",
            "marital.status_Married-civ-spouse",
            "marital.status_Married-spouse-absent",
            "marital.status_Never-married",
            "marital.status_Separated",
            "marital.status_Widowed"
        ],
        "occupation": [
            "occupation_?",
            "occupation_Adm-clerical",
            "occupation_Armed-Forces",
            "occupation_Craft-repair",
            "occupation_Exec-managerial",
            "occupation_Farming-fishing",
            "occupation_Handlers-cleaners",
            "occupation_Machine-op-inspct",
            "occupation_Other-service",
            "occupation_Priv-house-serv",
            "occupation_Prof-specialty",
            "occupation_Protective-serv",
            "occupation_Sales",
            "occupation_Tech-support",
            "occupation_Transport-moving"
        ],
        "race": [
            "race_Amer-Indian-Eskimo",
            "race_Asian-Pac-Islander",
            "race_Black",
            "race_Other",
            "race_White"
        ],
        "sex": [
            "sex_Female",
            "sex_Male"
        ],
        "native.country": [
            "native.country_?",
            "native.country_Cambodia",
            "native.country_Canada",
            "native.country_China",
            "native.country_Columbia",
            "native.country_Cuba",
            "native.country_Dominican-Republic",
            "native.country_Ecuador",
            "native.country_El-Salvador",
            "native.country_England",
            "native.country_France",
            "native.country_Germany",
            "native.country_Greece",
            "native.country_Guatemala",
            "native.country_Haiti",
            "native.country_Holand-Netherlands",
            "native.country_Honduras",
            "native.country_Hong",
            "native.country_Hungary",
            "native.country_India",
            "native.country_Iran",
            "native.country_Ireland",
            "native.country_Italy",
            "native.country_Jamaica",
            "native.country_Japan",
            "native.country_Laos",
            "native.country_Mexico",
            "native.country_Nicaragua",
            "native.country_Outlying-US(Guam-USVI-etc)",
            "native.country_Peru",
            "native.country_Philippines",
            "native.country_Poland",
            "native.country_Portugal",
            "native.country_Puerto-Rico",
            "native.country_Scotland",
            "native.country_South",
            "native.country_Taiwan",
            "native.country_Thailand",
            "native.country_Trinadad&Tobago",
            "native.country_United-States",
            "native.country_Vietnam",
            "native.country_Yugoslavia"
        ]
    },
    "features_monotonocity": {
        "age": "increasing",
        "education.num": "increasing"
    },
    "feature_ranges": {
        "age": [
            17,
            99
        ],
        "education.num": [
            1,
            16
        ],
        "capital.gain": [
            0,
            99999
        ],
        "capital.loss": [
            0,
            4356
        ],
        "hours.per.week": [
            1,
            99
        ]
    },
    "map_target_to_encoded": {
        "<=50K": 0,
        ">50K": 1
    },
    "features_order_after_split": [
        "age",
        "education.num",
        "capital.gain",
        "capital.loss",
        "hours.per.week",
        "workclass_?",
        "workclass_Federal-gov",
        "workclass_Local-gov",
        "workclass_Never-worked",
        "workclass_Private",
        "workclass_Self-emp-inc",
        "workclass_Self-emp-not-inc",
        "workclass_State-gov",
        "workclass_Without-pay",
        "marital.status_Divorced",
        "marital.status_Married-AF-spouse",
        "marital.status_Married-civ-spouse",
        "marital.status_Married-spouse-absent",
        "marital.status_Never-married",
        "marital.status_Separated",
        "marital.status_Widowed",
        "occupation_?",
        "occupation_Adm-clerical",
        "occupation_Armed-Forces",
        "occupation_Craft-repair",
        "occupation_Exec-managerial",
        "occupation_Farming-fishing",
        "occupation_Handlers-cleaners",
        "occupation_Machine-op-inspct",
        "occupation_Other-service",
        "occupation_Priv-house-serv",
        "occupation_Prof-specialty",
        "occupation_Protective-serv",
        "occupation_Sales",
        "occupation_Tech-support",
        "occupation_Transport-moving",
        "race_Amer-Indian-Eskimo",
        "race_Asian-Pac-Islander",
        "race_Black",
        "race_Other",
        "race_White",
        "sex_Female",
        "sex_Male",
        "native.country_?",
        "native.country_Cambodia",
        "native.country_Canada",
        "native.country_China",
        "native.country_Columbia",
        "native.country_Cuba",
        "native.country_Dominican-Republic",
        "native.country_Ecuador",
        "native.country_El-Salvador",
        "native.country_England",
        "native.country_France",
        "native.country_Germany",
        "native.country_Greece",
        "native.country_Guatemala",
        "native.country_Haiti",
        "native.country_Holand-Netherlands",
        "native.country_Honduras",
        "native.country_Hong",
        "native.country_Hungary",
        "native.country_India",
        "native.country_Iran",
        "native.country_Ireland",
        "native.country_Italy",
        "native.country_Jamaica",
        "native.country_Japan",
        "native.country_Laos",
        "native.country_Mexico",
        "native.country_Nicaragua",
        "native.country_Outlying-US(Guam-USVI-etc)",
        "native.country_Peru",
        "native.country_Philippines",
        "native.country_Poland",
        "native.country_Portugal",
        "native.country_Puerto-Rico",
        "native.country_Scotland",
        "native.country_South",
        "native.country_Taiwan",
        "native.country_Thailand",
        "native.country_Trinadad&Tobago",
        "native.country_United-States",
        "native.country_Vietnam",
        "native.country_Yugoslavia"
    ]
}