{
  "dataset_shortname": "fico",
  "features_order_nonsplit": [
    "ExternalRiskEstimate",
    "MSinceOldestTradeOpen",
    "MSinceMostRecentTradeOpen",
    "AverageMInFile",
    "NumSatisfactoryTrades",
    "NumTrades60Ever2DerogPubRec",
    "NumTrades90Ever2DerogPubRec",
    "PercentTradesNeverDelq",
    "MSinceMostRecentDelq",
    "MaxDelq2PublicRecLast12M",
    "MaxDelqEver",
    "NumTotalTrades",
    "NumTradesOpeninLast12M",
    "PercentInstallTrades",
    "MSinceMostRecentInqexcl7days",
    "NumInqLast6M",
    "NumInqLast6Mexcl7days",
    "NetFractionRevolvingBurden",
    "NetFractionInstallBurden",
    "NumRevolvingTradesWBalance",
    "NumInstallTradesWBalance",
    "NumBank2NatlTradesWHighUtilization",
    "PercentTradesWBalance",
    "RiskPerformance"
  ],
  "categorical_features_nonsplit": [],
  "continuous_features_nonsplit": [
    "ExternalRiskEstimate",
    "MSinceOldestTradeOpen",
    "MSinceMostRecentTradeOpen",
    "AverageMInFile",
    "NumSatisfactoryTrades",
    "NumTrades60Ever2DerogPubRec",
    "NumTrades90Ever2DerogPubRec",
    "PercentTradesNeverDelq",
    "MSinceMostRecentDelq",
    "MaxDelq2PublicRecLast12M",
    "MaxDelqEver",
    "NumTotalTrades",
    "NumTradesOpeninLast12M",
    "PercentInstallTrades",
    "MSinceMostRecentInqexcl7days",
    "NumInqLast6M",
    "NumInqLast6Mexcl7days",
    "NetFractionRevolvingBurden",
    "NetFractionInstallBurden",
    "NumRevolvingTradesWBalance",
    "NumInstallTradesWBalance",
    "NumBank2NatlTradesWHighUtilization",
    "PercentTradesWBalance"
  ],
  "target_feature": "RiskPerformance",
  "features_count_split_without_target": 23,
  "non_actionable_features": [
    "ExternalRiskEstimate"
  ],
  "actionable_features": [
    "MSinceOldestTradeOpen",
    "NumTradesOpeninLast12M",
    "NumSatisfactoryTrades",
    "MSinceMostRecentTradeOpen",
    "NumBank2NatlTradesWHighUtilization",
    "MaxDelqEver",
    "PercentTradesNeverDelq",
    "MaxDelq2PublicRecLast12M",
    "NumRevolvingTradesWBalance",
    "PercentTradesWBalance",
    "NetFractionRevolvingBurden",
    "NetFractionInstallBurden",
    "MSinceMostRecentDelq",
    "NumInstallTradesWBalance",
    "NumInqLast6M",
    "PercentInstallTrades",
    "NumInqLast6Mexcl7days",
    "NumTrades60Ever2DerogPubRec",
    "MSinceMostRecentInqexcl7days",
    "NumTrades90Ever2DerogPubRec",
    "NumTotalTrades",
    "AverageMInFile"
  ],
  "features_count_nonsplit": {
    "ExternalRiskEstimate": 1,
    "MSinceOldestTradeOpen": 1,
    "MSinceMostRecentTradeOpen": 1,
    "AverageMInFile": 1,
    "NumSatisfactoryTrades": 1,
    "NumTrades60Ever2DerogPubRec": 1,
    "NumTrades90Ever2DerogPubRec": 1,
    "PercentTradesNeverDelq": 1,
    "MSinceMostRecentDelq": 1,
    "MaxDelq2PublicRecLast12M": 1,
    "MaxDelqEver": 1,
    "NumTotalTrades": 1,
    "NumTradesOpeninLast12M": 1,
    "PercentInstallTrades": 1,
    "MSinceMostRecentInqexcl7days": 1,
    "NumInqLast6M": 2,
    "NumInqLast6Mexcl7days": 1,
    "NetFractionRevolvingBurden": 1,
    "NetFractionInstallBurden": 1,
    "NumRevolvingTradesWBalance": 1,
    "NumInstallTradesWBalance": 1,
    "NumBank2NatlTradesWHighUtilization": 1,
    "PercentTradesWBalance": 1
  },
  "feature_first_occurrence_after_split": {
    "ExternalRiskEstimate": 0,
    "MSinceOldestTradeOpen": 1,
    "MSinceMostRecentTradeOpen": 2,
    "AverageMInFile": 3,
    "NumSatisfactoryTrades": 4,
    "NumTrades60Ever2DerogPubRec": 5,
    "NumTrades90Ever2DerogPubRec": 6,
    "PercentTradesNeverDelq": 7,
    "MSinceMostRecentDelq": 8,
    "MaxDelq2PublicRecLast12M": 9,
    "MaxDelqEver": 10,
    "NumTotalTrades": 11,
    "NumTradesOpeninLast12M": 12,
    "PercentInstallTrades": 13,
    "MSinceMostRecentInqexcl7days": 14,
    "NumInqLast6M": 15,
    "NumInqLast6Mexcl7days": 16,
    "NetFractionRevolvingBurden": 17,
    "NetFractionInstallBurden": 18,
    "NumRevolvingTradesWBalance": 19,
    "NumInstallTradesWBalance": 20,
    "NumBank2NatlTradesWHighUtilization": 21,
    "PercentTradesWBalance": 22
  },
  "categorical_features_map_to_thier_splits": {},
  "features_monotonocity": {},
  "feature_ranges": {
    "PercentTradesNeverDelq": [
      0,
      100
    ],
    "PercentInstallTrades": [
      0,
      100
    ],
    "PercentTradesWBalance": [
      0,
      100
    ]
  },
  "map_target_to_encoded": {
    "Bad": 0,
    "Good": 1
  },
  "features_order_after_split": [
    "ExternalRiskEstimate",
    "MSinceOldestTradeOpen",
    "MSinceMostRecentTradeOpen",
    "AverageMInFile",
    "NumSatisfactoryTrades",
    "NumTrades60Ever2DerogPubRec",
    "NumTrades90Ever2DerogPubRec",
    "PercentTradesNeverDelq",
    "MSinceMostRecentDelq",
    "MaxDelq2PublicRecLast12M",
    "MaxDelqEver",
    "NumTotalTrades",
    "NumTradesOpeninLast12M",
    "PercentInstallTrades",
    "MSinceMostRecentInqexcl7days",
    "NumInqLast6M",
    "NumInqLast6Mexcl7days",
    "NetFractionRevolvingBurden",
    "NetFractionInstallBurden",
    "NumRevolvingTradesWBalance",
    "NumInstallTradesWBalance",
    "NumBank2NatlTradesWHighUtilization",
    "PercentTradesWBalance"
  ]
}