{
  "dataset_shortname": "german",
  "features_order_nonsplit": [
    "duration",
    "credit_amount",
    "installment_commitment",
    "residence_since",
    "age",
    "existing_credits",
    "num_dependents",
    "checking_status",
    "credit_history",
    "purpose",
    "savings_status",
    "employment",
    "personal_status",
    "other_parties",
    "property_magnitude",
    "other_payment_plans",
    "housing",
    "job",
    "own_telephone",
    "foreign_worker",
    "class"
  ],
  "categorical_features_nonsplit": [
    "checking_status",
    "credit_history",
    "purpose",
    "savings_status",
    "employment",
    "personal_status",
    "other_parties",
    "property_magnitude",
    "other_payment_plans",
    "housing",
    "job",
    "own_telephone",
    "foreign_worker"
  ],
  "continuous_features_nonsplit": [
    "duration",
    "credit_amount",
    "installment_commitment",
    "residence_since",
    "age",
    "existing_credits",
    "num_dependents"
  ],
  "target_feature": "class",
  "features_count_split_without_target": 61,
  "non_actionable_features": [
    "foreign_worker"
  ],
  "actionable_features": [
    "savings_status",
    "other_payment_plans",
    "duration",
    "checking_status",
    "personal_status",
    "property_magnitude",
    "own_telephone",
    "credit_amount",
    "housing",
    "purpose",
    "other_parties",
    "credit_history",
    "age",
    "residence_since",
    "job",
    "employment",
    "existing_credits",
    "installment_commitment",
    "num_dependents"
  ],
  "features_count_nonsplit": {
    "duration": 1,
    "credit_amount": 1,
    "installment_commitment": 1,
    "residence_since": 1,
    "age": 1,
    "existing_credits": 1,
    "num_dependents": 1,
    "checking_status": 4,
    "credit_history": 5,
    "purpose": 10,
    "savings_status": 5,
    "employment": 5,
    "personal_status": 4,
    "other_parties": 3,
    "property_magnitude": 4,
    "other_payment_plans": 3,
    "housing": 3,
    "job": 4,
    "own_telephone": 2,
    "foreign_worker": 2
  },
  "feature_first_occurrence_after_split": {
    "duration": 0,
    "credit_amount": 1,
    "installment_commitment": 2,
    "residence_since": 3,
    "age": 4,
    "existing_credits": 5,
    "num_dependents": 6,
    "checking_status": 7,
    "credit_history": 11,
    "purpose": 16,
    "savings_status": 26,
    "employment": 31,
    "personal_status": 36,
    "other_parties": 40,
    "property_magnitude": 43,
    "other_payment_plans": 47,
    "housing": 50,
    "job": 53,
    "own_telephone": 57,
    "foreign_worker": 59
  },
  "categorical_features_map_to_thier_splits": {
    "checking_status": [
      "checking_status_0<=X<200",
      "checking_status_<0",
      "checking_status_>=200",
      "checking_status_no checking"
    ],
    "credit_history": [
      "credit_history_all paid",
      "credit_history_critical/other existing credit",
      "credit_history_delayed previously",
      "credit_history_existing paid",
      "credit_history_no credits/all paid"
    ],
    "purpose": [
      "purpose_business",
      "purpose_domestic appliance",
      "purpose_education",
      "purpose_furniture/equipment",
      "purpose_new car",
      "purpose_other",
      "purpose_radio/tv",
      "purpose_repairs",
      "purpose_retraining",
      "purpose_used car"
    ],
    "savings_status": [
      "savings_status_100<=X<500",
      "savings_status_500<=X<1000",
      "savings_status_<100",
      "savings_status_>=1000",
      "savings_status_no known savings"
    ],
    "employment": [
      "employment_1<=X<4",
      "employment_4<=X<7",
      "employment_<1",
      "employment_>=7",
      "employment_unemployed"
    ],
    "personal_status": [
      "personal_status_female div/dep/mar",
      "personal_status_male div/sep",
      "personal_status_male mar/wid",
      "personal_status_male single"
    ],
    "other_parties": [
      "other_parties_co applicant",
      "other_parties_guarantor",
      "other_parties_none"
    ],
    "property_magnitude": [
      "property_magnitude_car",
      "property_magnitude_life insurance",
      "property_magnitude_no known property",
      "property_magnitude_real estate"
    ],
    "other_payment_plans": [
      "other_payment_plans_bank",
      "other_payment_plans_none",
      "other_payment_plans_stores"
    ],
    "housing": [
      "housing_for free",
      "housing_own",
      "housing_rent"
    ],
    "job": [
      "job_high qualif/self emp/mgmt",
      "job_skilled",
      "job_unemp/unskilled non res",
      "job_unskilled resident"
    ],
    "own_telephone": [
      "own_telephone_none",
      "own_telephone_yes"
    ],
    "foreign_worker": [
      "foreign_worker_no",
      "foreign_worker_yes"
    ]
  },
  "features_monotonocity": {},
  "feature_ranges": {
    "duration": [
      4,
      72
    ],
    "credit_amount": [
      250,
      18424
    ],
    "installment_commitment": [
      1,
      4
    ],
    "residence_since": [
      1,
      4
    ],
    "existing_credits": [
      1,
      4
    ],
    "num_dependents": [
      1,
      2
    ],
    "age": [
      18,
      75
    ]
  },
  "map_target_to_encoded": {
    "bad": 0,
    "good": 1
  },
  "features_order_after_split": [
    "duration",
    "credit_amount",
    "installment_commitment",
    "residence_since",
    "age",
    "existing_credits",
    "num_dependents",
    "checking_status_0<=X<200",
    "checking_status_<0",
    "checking_status_>=200",
    "checking_status_no checking",
    "credit_history_all paid",
    "credit_history_critical/other existing credit",
    "credit_history_delayed previously",
    "credit_history_existing paid",
    "credit_history_no credits/all paid",
    "purpose_business",
    "purpose_domestic appliance",
    "purpose_education",
    "purpose_furniture/equipment",
    "purpose_new car",
    "purpose_other",
    "purpose_radio/tv",
    "purpose_repairs",
    "purpose_retraining",
    "purpose_used car",
    "savings_status_100<=X<500",
    "savings_status_500<=X<1000",
    "savings_status_<100",
    "savings_status_>=1000",
    "savings_status_no known savings",
    "employment_1<=X<4",
    "employment_4<=X<7",
    "employment_<1",
    "employment_>=7",
    "employment_unemployed",
    "personal_status_female div/dep/mar",
    "personal_status_male div/sep",
    "personal_status_male mar/wid",
    "personal_status_male single",
    "other_parties_co applicant",
    "other_parties_guarantor",
    "other_parties_none",
    "property_magnitude_car",
    "property_magnitude_life insurance",
    "property_magnitude_no known property",
    "property_magnitude_real estate",
    "other_payment_plans_bank",
    "other_payment_plans_none",
    "other_payment_plans_stores",
    "housing_for free",
    "housing_own",
    "housing_rent",
    "job_high qualif/self emp/mgmt",
    "job_skilled",
    "job_unemp/unskilled non res",
    "job_unskilled resident",
    "own_telephone_none",
    "own_telephone_yes",
    "foreign_worker_no",
    "foreign_worker_yes"
  ]
}