age,education.num,capital.gain,capital.loss,hours.per.week,workclass,marital.status,occupation,race,sex,native.country,explainer,income
28.0,13.0,0.0,1564.0,50.0,Private,Married-civ-spouse,Other-service,White,Female,United-States,dice,1
28.0,13.0,0.0,3111.0,50.0,Private,Married-civ-spouse,Exec-managerial,White,Female,United-States,dice,1
28.0,13.0,0.0,1564.0,50.0,Self-emp-inc,Married-civ-spouse,Exec-managerial,White,Female,United-States,dice,1
28.0,13.0,92642.0,1564.0,99.0,Private,Never-married,Exec-managerial,White,Female,United-States,dice,1
28.0,13.0,11768.0,1564.0,50.0,Private,Never-married,Exec-managerial,White,Female,United-States,dice,1
70.0,13.0,2618.0,1564.0,50.0,Private,Never-married,Exec-managerial,White,Female,United-States,dice,1
28.0,13.0,56634.0,1564.0,50.0,Private,Never-married,Exec-managerial,White,Female,United-States,dice,1
71.0,13.0,48457.0,1564.0,50.0,Private,Never-married,Exec-managerial,White,Female,United-States,dice,1
28.0,13.0,44065.0,1564.0,85.0,Private,Never-married,Exec-managerial,White,Female,United-States,dice,1
48.0,13.0,0.0,1564.0,50.0,Private,Never-married,Exec-managerial,White,Female,United-States,dice,1
28.0,13.0,0.0,1564.0,96.0,Private,Never-married,Exec-managerial,White,Female,United-States,dice,1
28.0,13.0,5172.0,1564.0,50.0,Private,Married-spouse-absent,Exec-managerial,White,Female,United-States,dice,1
46.0,13.0,0.0,1564.0,50.0,Private,Never-married,Exec-managerial,White,Female,United-States,dice,1
28.0,13.0,16145.0,1564.0,50.0,Private,Never-married,Protective-serv,White,Female,United-States,dice,1
28.0,13.0,55107.0,1564.0,50.0,Private,Never-married,Armed-Forces,White,Female,United-States,dice,1
28.0,13.0,0.0,3604.0,50.0,Private,Never-married,Exec-managerial,White,Female,United-States,dice,1
28.0,13.0,23192.0,1564.0,50.0,Private,Never-married,Exec-managerial,White,Female,United-States,dice,1
28.0,13.0,5831.0,1564.0,71.0,Private,Never-married,Exec-managerial,White,Female,United-States,dice,1
28.0,15.0,0.0,1564.0,50.0,Private,Never-married,Exec-managerial,White,Female,United-States,dice,1
28.0,16.0,0.0,1564.0,50.0,Private,Never-married,Exec-managerial,White,Female,United-States,dice,1
28.0,13.0,4999.0,1564.0,50.0,Private,Never-married,Exec-managerial,White,Female,United-States,cadex,1
29.0,13.0,1334.0,1573.0,50.0,Private,Married-civ-spouse,Farming-fishing,White,Female,United-States,fimap,1
29.0,13.0,857.0,1568.0,50.0,Private,Married-civ-spouse,Transport-moving,White,Female,United-States,fimap,1
29.0,13.0,1342.0,1577.0,49.0,Private,Married-civ-spouse,Adm-clerical,White,Female,United-States,fimap,1
29.0,13.0,1760.0,1575.0,50.0,Private,Never-married,Sales,White,Female,United-States,fimap,0
30.0,13.0,1947.0,1587.0,50.0,Private,Married-civ-spouse,Sales,White,Female,United-States,fimap,1
30.0,12.0,1271.0,1580.0,49.0,Private,Married-civ-spouse,Farming-fishing,White,Female,United-States,fimap,1
31.0,13.0,4999.0,1564.0,50.0,Private,Never-married,Exec-managerial,White,Female,United-States,cadex,1
31.0,13.0,4999.0,1564.0,50.0,Private,Never-married,Exec-managerial,White,Female,United-States,cadex,1
31.0,13.0,4999.0,1564.0,54.0,Private,Never-married,Exec-managerial,White,Female,United-States,cadex,1
31.0,13.0,4999.0,1781.0,54.0,Private,Never-married,Exec-managerial,White,Female,United-States,cadex,1
87.0,15.0,4026.0,384.0,99.0,Private,Married-civ-spouse,Transport-moving,White,Female,United-States,wachter,1
82.0,15.0,4835.0,5.0,98.0,Self-emp-not-inc,Married-civ-spouse,Craft-repair,White,Female,United-States,wachter,1
86.0,15.0,4112.0,385.0,98.0,Private,Married-civ-spouse,Transport-moving,White,Female,United-States,wachter,1
88.0,12.0,7782.0,343.0,95.0,Private,Married-civ-spouse,?,White,Female,United-States,wachter,1
49.0,15.0,4121.0,477.0,98.0,Private,Married-civ-spouse,Transport-moving,White,Female,United-States,wachter,1
86.0,15.0,6473.0,757.0,98.0,Private,Married-civ-spouse,Other-service,White,Female,United-States,wachter,1
62.0,15.0,2015.0,1270.0,98.0,Private,Married-civ-spouse,Transport-moving,White,Female,United-States,wachter,1
86.0,15.0,6473.0,757.0,98.0,Private,Married-civ-spouse,Other-service,White,Female,United-States,wachter,1
89.0,15.0,8705.0,111.0,98.0,Self-emp-not-inc,Married-civ-spouse,Sales,White,Female,United-States,wachter,1
86.0,11.0,8331.0,468.0,94.0,Self-emp-inc,Married-civ-spouse,?,White,Female,United-States,wachter,1
28.0,13.0,2588.0,1564.0,50.0,Private,Never-married,Exec-managerial,White,Female,United-States,cem,1
28.0,13.0,391.0,1564.0,50.0,Private,Never-married,Exec-managerial,White,Female,France,cfproto,1
28.0,13.0,0.0,1564.0,50.0,Private,Never-married,Exec-managerial,White,Female,Ireland,cfproto,1
28.0,13.0,13884.0,1564.0,50.0,Private,Never-married,Exec-managerial,White,Female,United-States,cfproto,1
31.0,13.0,28089.0,1564.0,50.0,?,Never-married,Protective-serv,White,Female,Outlying-US(Guam-USVI-etc),cfproto,1
28.0,13.0,0.0,1564.0,50.0,Private,Never-married,Exec-managerial,White,Female,Ireland,cfproto,1
28.0,13.0,0.0,1564.0,50.0,Private,Never-married,Exec-managerial,White,Female,Ireland,cfproto,1
28.0,13.0,573.0,1564.0,50.0,Private,Never-married,Exec-managerial,White,Female,France,cfproto,1
28.0,13.0,22487.0,1564.0,50.0,Private,Never-married,Exec-managerial,White,Female,United-States,cfproto,1
28.0,13.0,0.0,1564.0,50.0,Private,Never-married,Exec-managerial,White,Female,Ireland,cfproto,1
28.0,13.0,391.0,1564.0,50.0,Private,Never-married,Exec-managerial,White,Female,France,cfproto,1
41.0,12.0,10273.0,1971.0,67.0,?,Married-AF-spouse,Craft-repair,White,Female,United-States,growing-spheres,1
30.0,14.0,10535.0,1890.0,50.0,?,Married-AF-spouse,Craft-repair,White,Female,United-States,growing-spheres,1
26.0,13.0,17362.0,1416.0,51.0,Local-gov,Married-AF-spouse,Craft-repair,White,Female,United-States,growing-spheres,1
33.0,16.0,22935.0,1212.0,39.0,Private,Married-AF-spouse,Craft-repair,White,Female,United-States,growing-spheres,1
25.0,9.0,14186.0,1554.0,29.0,Federal-gov,Married-civ-spouse,Prof-specialty,White,Female,United-States,growing-spheres,1
27.0,8.0,24439.0,2411.0,51.0,Never-worked,Married-AF-spouse,Craft-repair,White,Female,United-States,growing-spheres,1
39.0,13.0,23488.0,1245.0,41.0,Local-gov,Married-AF-spouse,Adm-clerical,White,Female,United-States,growing-spheres,1
28.0,14.0,19241.0,1544.0,19.0,Federal-gov,Married-civ-spouse,Craft-repair,White,Female,United-States,growing-spheres,1
25.0,14.0,25855.0,1717.0,48.0,Local-gov,Married-AF-spouse,Handlers-cleaners,White,Female,United-States,growing-spheres,1
32.0,15.0,22083.0,1919.0,74.0,Federal-gov,Divorced,Exec-managerial,White,Female,United-States,growing-spheres,1
17.0,13.0,32393.0,1898.0,43.0,?,Divorced,Farming-fishing,White,Female,United-States,growing-spheres,1
45.0,15.0,17831.0,1872.0,53.0,Federal-gov,Married-civ-spouse,Adm-clerical,White,Female,United-States,growing-spheres,1
30.0,12.0,15093.0,2116.0,35.0,?,Married-AF-spouse,?,White,Female,United-States,growing-spheres,1
42.0,10.0,22275.0,806.0,48.0,Federal-gov,Divorced,?,White,Female,United-States,growing-spheres,1
41.0,15.0,18858.0,1754.0,35.0,Private,Divorced,?,White,Female,United-States,growing-spheres,1
37.0,14.0,21056.0,2189.0,41.0,Federal-gov,Married-AF-spouse,Craft-repair,White,Female,United-States,growing-spheres,1
17.0,14.0,5337.0,2414.0,65.0,?,Married-AF-spouse,Protective-serv,White,Female,United-States,growing-spheres,1
39.0,15.0,0.0,1858.0,63.0,?,Divorced,Armed-Forces,White,Female,United-States,growing-spheres,0
38.0,11.0,18610.0,1688.0,63.0,?,Married-AF-spouse,Armed-Forces,White,Female,United-States,growing-spheres,1
26.0,12.0,25657.0,1946.0,34.0,?,Divorced,Exec-managerial,White,Female,United-States,growing-spheres,1
28.0,13.0,0.0,1564.0,50.0,Private,Married-AF-spouse,Exec-managerial,White,Female,United-States,actionable-recourse,1
55.0,13.0,8614.0,0.0,54.0,Private,Never-married,Exec-managerial,White,Female,United-States,face,1
32.0,12.0,0.0,1485.0,39.0,Private,Married-civ-spouse,Exec-managerial,White,Female,United-States,face,1
42.0,14.0,14083.0,0.0,50.0,Private,Never-married,Exec-managerial,White,Female,United-States,face,1
55.0,13.0,8614.0,0.0,54.0,Private,Never-married,Exec-managerial,White,Female,United-States,face,1
53.0,14.0,0.0,0.0,59.0,Private,Never-married,Exec-managerial,White,Female,United-States,face,1
34.0,13.0,0.0,1741.0,44.0,Private,Never-married,Exec-managerial,White,Female,United-States,face,1
42.0,14.0,0.0,2547.0,39.0,Private,Divorced,Exec-managerial,White,Female,United-States,face,1
38.0,13.0,0.0,1340.0,39.0,Private,Never-married,Exec-managerial,White,Male,United-States,face,1
25.0,13.0,0.0,1589.0,59.0,Private,Never-married,Exec-managerial,White,Male,United-States,face,1
38.0,13.0,0.0,0.0,69.0,Private,Never-married,Exec-managerial,White,Female,United-States,face,1
