age,education.num,capital.gain,capital.loss,hours.per.week,workclass,marital.status,occupation,race,sex,native.country,explainer,income
53.0,5.0,8614.0,0,50.0,Private,Divorced,Other-service,White,Male,Italy,dice,0
70.0,2.0,8614.0,0,50.0,Private,Never-married,Other-service,White,Male,Italy,dice,0
53.0,4.0,8614.0,0,50.0,?,Never-married,Other-service,White,Male,Italy,dice,0
53.0,2.0,8614.0,0,50.0,Private,Separated,Other-service,White,Male,Italy,dice,0
53.0,13.0,8614.0,0,50.0,Without-pay,Never-married,Machine-op-inspct,White,Male,Italy,dice,0
53.0,13.0,8614.0,0,10.0,Without-pay,Never-married,Other-service,White,Male,Italy,dice,0
19.0,13.0,8614.0,0,50.0,Private,Never-married,Other-service,White,Male,Italy,dice,0
35.0,4.0,8614.0,0,50.0,Private,Never-married,Other-service,White,Male,Italy,dice,0
53.0,13.0,6041.0,0,50.0,Without-pay,Never-married,Other-service,White,Male,Italy,dice,0
21.0,13.0,8614.0,0,50.0,Private,Never-married,Other-service,White,Male,Italy,dice,0
22.0,13.0,8614.0,0,50.0,Without-pay,Never-married,Other-service,White,Male,Italy,dice,0
18.0,13.0,8614.0,0,50.0,Private,Never-married,Other-service,White,Male,Italy,dice,0
53.0,13.0,8614.0,0,50.0,Without-pay,Never-married,Prof-specialty,White,Male,Italy,dice,0
43.0,3.0,8614.0,0,50.0,Private,Never-married,Other-service,White,Male,Italy,dice,0
85.0,1.0,8614.0,0,50.0,Private,Never-married,Other-service,White,Male,Italy,dice,0
53.0,5.0,8614.0,0,50.0,Private,Separated,Other-service,White,Male,Italy,dice,0
53.0,13.0,8614.0,0,50.0,Never-worked,Never-married,Other-service,White,Male,Italy,dice,0
28.0,13.0,8614.0,0,50.0,Without-pay,Never-married,Other-service,White,Male,Italy,dice,0
53.0,1.0,8614.0,0,73.0,Private,Never-married,Other-service,White,Male,Italy,dice,0
53.0,13.0,8614.0,0,50.0,Without-pay,Never-married,Transport-moving,White,Male,Italy,dice,0
40.0,10.0,0.0,0,42.0,Private,Married-civ-spouse,Craft-repair,White,Male,Italy,fimap,0
41.0,10.0,0.0,0,43.0,Private,Married-civ-spouse,Handlers-cleaners,White,Male,Italy,fimap,0
44.0,11.0,0.0,0,45.0,Private,Married-civ-spouse,Handlers-cleaners,White,Male,Italy,fimap,0
46.0,11.0,0.0,0,41.0,Private,Never-married,Other-service,White,Male,Italy,cadex,0
46.0,11.0,0.0,0,41.0,Private,Never-married,Other-service,White,Male,Italy,cadex,0
49.0,11.0,0.0,0,45.0,Private,Never-married,Craft-repair,White,Male,Italy,fimap,0
49.0,11.0,0.0,0,45.0,Private,Divorced,Handlers-cleaners,White,Male,Italy,fimap,0
49.0,11.0,0.0,0,45.0,Private,Married-civ-spouse,Handlers-cleaners,White,Male,Italy,fimap,1
53.0,11.0,0.0,0,50.0,Private,Never-married,Other-service,White,Male,Italy,cadex,0
53.0,11.0,0.0,0,50.0,Private,Never-married,Other-service,White,Male,Italy,cadex,0
53.0,11.0,0.0,0,50.0,Private,Never-married,Other-service,White,Male,Italy,cadex,0
53.0,11.0,0.0,0,50.0,Private,Never-married,Other-service,White,Male,Italy,cadex,0
53.0,11.0,0.0,0,41.0,Private,Never-married,Other-service,White,Male,Italy,cadex,0
53.0,13.0,0.0,0,50.0,Private,Never-married,Other-service,White,Male,Italy,cadex,0
68.0,12.0,0.0,0,46.0,Private,Never-married,Other-service,White,Male,Italy,wachter,0
53.0,12.0,0.0,0,49.0,Private,Never-married,Other-service,White,Male,Italy,wachter,0
52.0,12.0,0.0,0,49.0,Private,Never-married,Other-service,White,Male,Italy,wachter,0
59.0,12.0,0.0,0,70.0,Private,Never-married,Other-service,White,Male,Italy,wachter,1
67.0,12.0,43.0,0,49.0,Private,Never-married,Other-service,White,Male,Italy,wachter,0
53.0,13.0,0.0,0,49.0,Private,Never-married,Other-service,White,Male,Italy,wachter,0
52.0,12.0,0.0,0,50.0,Private,Never-married,Other-service,White,Male,Italy,wachter,0
51.0,12.0,0.0,0,51.0,Private,Never-married,Other-service,White,Male,Italy,wachter,0
62.0,12.0,0.0,0,46.0,Private,Never-married,Other-service,White,Male,Italy,wachter,0
53.0,13.0,0.0,0,49.0,Private,Never-married,Other-service,White,Male,Italy,wachter,0
53.0,13.0,8614.0,0,50.0,Private,Never-married,Other-service,White,Male,Italy,cem,1
53.0,13.0,8614.0,0,50.0,Private,Never-married,Other-service,White,Male,Dominican-Republic,cfproto,0
53.0,13.0,5994.0,0,50.0,Private,Never-married,Other-service,White,Male,Haiti,cfproto,0
53.0,13.0,6512.0,0,50.0,Private,Never-married,Other-service,White,Male,Columbia,cfproto,0
53.0,13.0,5659.0,0,50.0,State-gov,Never-married,Other-service,White,Male,Haiti,cfproto,0
53.0,13.0,9474.0,0,50.0,Private,Never-married,Priv-house-serv,White,Male,El-Salvador,cfproto,0
53.0,13.0,8614.0,0,50.0,Private,Never-married,Other-service,White,Male,Dominican-Republic,cfproto,0
49.0,12.0,8935.0,187,46.0,Local-gov,Divorced,?,White,Male,Italy,growing-spheres,1
54.0,12.0,8022.0,32,47.0,?,Divorced,?,White,Male,Italy,growing-spheres,1
53.0,13.0,8348.0,0,50.0,Local-gov,Married-AF-spouse,Armed-Forces,White,Male,Italy,growing-spheres,1
52.0,13.0,11790.0,0,53.0,Federal-gov,Never-married,Other-service,White,Male,Italy,growing-spheres,1
52.0,12.0,7241.0,0,45.0,Federal-gov,Married-civ-spouse,Adm-clerical,White,Male,Italy,growing-spheres,1
52.0,12.0,13040.0,30,52.0,Private,Divorced,Adm-clerical,White,Male,Italy,growing-spheres,1
58.0,11.0,11971.0,4,43.0,Private,Never-married,Adm-clerical,White,Male,Italy,growing-spheres,1
53.0,13.0,1270.0,0,42.0,Federal-gov,Divorced,Exec-managerial,White,Male,Italy,growing-spheres,1
48.0,14.0,8831.0,115,37.0,Private,Married-spouse-absent,Craft-repair,White,Male,Italy,growing-spheres,1
55.0,13.0,6296.0,0,57.0,?,Never-married,Craft-repair,White,Male,Italy,growing-spheres,1
54.0,11.0,3094.0,131,59.0,?,Never-married,Exec-managerial,White,Male,Italy,growing-spheres,1
53.0,13.0,7658.0,0,53.0,Private,Married-AF-spouse,Priv-house-serv,White,Male,Italy,growing-spheres,0
53.0,13.0,13660.0,0,50.0,Private,Married-civ-spouse,Craft-repair,White,Male,Italy,growing-spheres,1
58.0,12.0,11715.0,0,51.0,?,Divorced,Other-service,White,Male,Italy,growing-spheres,1
56.0,12.0,5635.0,0,54.0,Local-gov,Married-civ-spouse,Other-service,White,Male,Italy,growing-spheres,1
61.0,12.0,9294.0,0,43.0,Never-worked,Divorced,Adm-clerical,White,Male,Italy,growing-spheres,1
53.0,12.0,9004.0,0,50.0,Private,Married-civ-spouse,Exec-managerial,White,Male,Italy,growing-spheres,1
52.0,13.0,8884.0,16,50.0,?,Never-married,?,White,Male,Italy,growing-spheres,1
52.0,12.0,10737.0,27,50.0,Federal-gov,Married-AF-spouse,Adm-clerical,White,Male,Italy,growing-spheres,1
52.0,12.0,9460.0,57,49.0,Federal-gov,Married-civ-spouse,Handlers-cleaners,White,Male,Italy,growing-spheres,1
46.0,13.0,0.0,0,39.0,Private,Never-married,Other-service,White,Male,United-States,face,0
36.0,10.0,0.0,0,48.0,Private,Never-married,Other-service,White,Male,United-States,face,0
46.0,13.0,0.0,0,39.0,Private,Never-married,Other-service,White,Male,United-States,face,0
40.0,9.0,0.0,0,39.0,Private,Never-married,Other-service,White,Male,United-States,face,0
42.0,10.0,0.0,0,39.0,Private,Never-married,Other-service,White,Male,United-States,face,0
38.0,13.0,0.0,0,48.0,Private,Never-married,Other-service,White,Male,United-States,face,0
48.0,13.0,0.0,0,50.0,Private,Never-married,Other-service,White,Male,Mexico,face,0
36.0,10.0,0.0,0,48.0,Private,Never-married,Other-service,White,Male,United-States,face,0
40.0,13.0,0.0,0,37.0,Private,Never-married,Other-service,White,Male,United-States,face,0
58.0,9.0,0.0,0,39.0,Private,Never-married,Other-service,White,Male,United-States,face,0
