age,education.num,capital.gain,capital.loss,hours.per.week,workclass,marital.status,occupation,race,sex,native.country,explainer,income
60.0,3.0,71004.0,0.0,30.0,?,Widowed,?,White,Male,United-States,dice,1
60.0,3.0,71841.0,0.0,30.0,?,Married-civ-spouse,?,White,Male,United-States,dice,1
60.0,3.0,40227.0,0.0,30.0,?,Married-civ-spouse,?,White,Male,United-States,dice,1
60.0,3.0,47321.0,0.0,30.0,State-gov,Married-civ-spouse,?,White,Male,United-States,dice,1
60.0,3.0,91697.0,0.0,41.0,?,Married-civ-spouse,?,White,Male,United-States,dice,1
85.0,3.0,82203.0,0.0,30.0,?,Married-civ-spouse,?,White,Male,United-States,dice,1
60.0,3.0,78138.0,0.0,30.0,?,Married-civ-spouse,?,White,Male,United-States,dice,1
60.0,12.0,0.0,3974.0,30.0,?,Married-civ-spouse,?,White,Male,United-States,dice,1
60.0,3.0,84896.0,3364.0,30.0,?,Married-civ-spouse,?,White,Male,United-States,dice,1
60.0,3.0,64361.0,0.0,77.0,?,Married-civ-spouse,?,White,Male,United-States,dice,1
60.0,3.0,78492.0,2245.0,30.0,?,Married-civ-spouse,?,White,Male,United-States,dice,1
60.0,3.0,57235.0,0.0,30.0,?,Married-civ-spouse,?,White,Male,United-States,dice,1
60.0,3.0,45442.0,3060.0,30.0,?,Married-civ-spouse,?,White,Male,United-States,dice,1
60.0,7.0,33259.0,0.0,30.0,?,Married-civ-spouse,?,White,Male,United-States,dice,1
60.0,3.0,61868.0,0.0,30.0,?,Married-civ-spouse,?,White,Male,United-States,dice,1
60.0,5.0,0.0,4088.0,30.0,?,Married-civ-spouse,?,White,Male,United-States,dice,1
60.0,3.0,13678.0,0.0,30.0,?,Married-civ-spouse,?,White,Male,United-States,dice,1
60.0,3.0,20927.0,0.0,30.0,?,Married-civ-spouse,Sales,White,Male,United-States,dice,1
60.0,12.0,83658.0,0.0,30.0,?,Married-civ-spouse,?,White,Male,United-States,dice,1
60.0,3.0,40227.0,0.0,30.0,Local-gov,Married-civ-spouse,?,White,Male,United-States,dice,1
53.0,4.0,9216.0,398.0,38.0,?,Married-civ-spouse,?,White,Male,United-States,cadex,1
54.0,4.0,11743.0,81.0,35.0,Private,Married-civ-spouse,Prof-specialty,White,Male,United-States,fimap,1
54.0,4.0,12282.0,88.0,35.0,Private,Divorced,Sales,White,Male,United-States,fimap,1
55.0,4.0,12660.0,95.0,35.0,Private,Never-married,Craft-repair,White,Male,United-States,fimap,1
56.0,5.0,16035.0,110.0,36.0,Private,Divorced,Prof-specialty,White,Male,United-States,fimap,1
60.0,3.0,9896.0,0.0,39.0,?,Married-civ-spouse,?,White,Male,United-States,cadex,1
60.0,3.0,9938.0,0.0,30.0,?,Married-civ-spouse,?,White,Male,United-States,cadex,1
60.0,4.0,9233.0,394.0,38.0,?,Married-civ-spouse,?,White,Male,United-States,cadex,1
60.0,4.0,9293.0,0.0,38.0,?,Married-civ-spouse,?,White,Male,United-States,cadex,1
60.0,4.0,9436.0,0.0,38.0,?,Married-civ-spouse,?,White,Male,United-States,cadex,1
60.0,4.0,9874.0,0.0,39.0,?,Married-civ-spouse,?,White,Male,United-States,cadex,1
60.0,4.0,9950.0,0.0,39.0,?,Married-civ-spouse,?,White,Male,United-States,cadex,1
62.0,6.0,27920.0,202.0,41.0,Private,Never-married,Transport-moving,White,Male,United-States,fimap,1
65.0,6.0,27282.0,223.0,40.0,Private,Married-civ-spouse,Protective-serv,White,Male,United-States,fimap,1
59.0,2.0,8288.0,0.0,33.0,?,Married-civ-spouse,?,White,Male,United-States,wachter,0
59.0,3.0,4910.0,0.0,55.0,?,Married-civ-spouse,?,White,Male,United-States,wachter,1
59.0,3.0,8354.0,0.0,33.0,?,Married-civ-spouse,?,White,Male,United-States,wachter,1
60.0,3.0,6700.0,0.0,42.0,?,Married-civ-spouse,?,White,Male,United-States,wachter,0
59.0,2.0,6146.0,0.0,47.0,?,Married-civ-spouse,?,White,Male,United-States,wachter,0
60.0,3.0,7298.0,0.0,39.0,?,Married-civ-spouse,?,White,Male,United-States,wachter,1
60.0,3.0,8882.0,0.0,29.0,?,Married-civ-spouse,?,White,Male,United-States,wachter,1
59.0,3.0,8859.0,0.0,30.0,?,Married-civ-spouse,?,White,Male,United-States,wachter,1
60.0,2.0,5032.0,2.0,54.0,?,Married-civ-spouse,?,White,Male,United-States,wachter,0
60.0,3.0,8843.0,0.0,29.0,?,Married-civ-spouse,?,White,Male,United-States,wachter,1
60.0,3.0,10506.0,0.0,30.0,?,Married-civ-spouse,?,White,Male,United-States,cem,1
60.0,3.0,9692.0,0.0,30.0,?,Married-civ-spouse,?,White,Male,Haiti,cfproto,1
60.0,3.0,8370.0,0.0,30.0,?,Married-civ-spouse,?,White,Male,South,cfproto,1
60.0,3.0,28124.0,0.0,30.0,?,Married-civ-spouse,Other-service,White,Male,Haiti,cfproto,1
60.0,3.0,6243.0,0.0,30.0,?,Married-civ-spouse,?,White,Male,Yugoslavia,cfproto,1
60.0,3.0,12064.0,0.0,30.0,?,Married-civ-spouse,?,White,Male,China,cfproto,1
60.0,3.0,31793.0,0.0,30.0,?,Married-civ-spouse,Sales,White,Male,Italy,cfproto,1
60.0,3.0,25351.0,0.0,30.0,?,Married-civ-spouse,Protective-serv,White,Male,Outlying-US(Guam-USVI-etc),cfproto,1
60.0,3.0,34079.0,0.0,30.0,?,Married-civ-spouse,Protective-serv,White,Male,Nicaragua,cfproto,1
60.0,3.0,13163.0,0.0,30.0,?,Married-civ-spouse,?,White,Male,France,cfproto,1
60.0,3.0,6243.0,0.0,30.0,?,Married-civ-spouse,?,White,Male,Yugoslavia,cfproto,1
96.0,4.0,28211.0,405.0,25.0,?,Divorced,?,White,Male,United-States,growing-spheres,1
65.0,2.0,15828.0,0.0,6.0,Federal-gov,Married-AF-spouse,Exec-managerial,White,Male,United-States,growing-spheres,1
66.0,1.0,40524.0,605.0,35.0,Local-gov,Married-civ-spouse,Craft-repair,White,Male,United-States,growing-spheres,1
60.0,2.0,18966.0,1063.0,29.0,?,Married-AF-spouse,Exec-managerial,White,Male,United-States,growing-spheres,1
56.0,1.0,26503.0,240.0,21.0,Self-emp-not-inc,Divorced,?,White,Male,United-States,growing-spheres,1
69.0,8.0,32514.0,0.0,41.0,?,Divorced,Adm-clerical,White,Male,United-States,growing-spheres,1
47.0,1.0,28480.0,832.0,29.0,Federal-gov,Divorced,?,White,Male,United-States,growing-spheres,1
71.0,2.0,34326.0,939.0,40.0,Federal-gov,Married-AF-spouse,?,White,Male,United-States,growing-spheres,1
57.0,4.0,40918.0,663.0,27.0,Federal-gov,Married-AF-spouse,Exec-managerial,White,Male,United-States,growing-spheres,1
57.0,6.0,48475.0,596.0,32.0,Federal-gov,Married-AF-spouse,Protective-serv,White,Male,United-States,growing-spheres,1
66.0,7.0,24349.0,1530.0,27.0,?,Married-AF-spouse,Craft-repair,White,Male,United-States,growing-spheres,1
54.0,6.0,27828.0,215.0,25.0,Local-gov,Widowed,Exec-managerial,White,Male,United-States,growing-spheres,1
47.0,7.0,39983.0,0.0,28.0,Local-gov,Married-AF-spouse,?,White,Male,United-States,growing-spheres,1
53.0,2.0,34613.0,532.0,29.0,?,Married-AF-spouse,?,White,Male,United-States,growing-spheres,1
51.0,3.0,48833.0,464.0,31.0,?,Divorced,Adm-clerical,White,Male,United-States,growing-spheres,1
60.0,2.0,27924.0,0.0,52.0,?,Divorced,Armed-Forces,White,Male,United-States,growing-spheres,1
54.0,2.0,16429.0,0.0,32.0,Private,Married-civ-spouse,Adm-clerical,White,Male,United-States,growing-spheres,1
71.0,1.0,36667.0,1414.0,32.0,?,Married-civ-spouse,Adm-clerical,White,Male,United-States,growing-spheres,1
67.0,5.0,41468.0,0.0,33.0,?,Divorced,?,White,Male,United-States,growing-spheres,1
51.0,1.0,41363.0,206.0,32.0,State-gov,Married-civ-spouse,Other-service,White,Male,United-States,growing-spheres,1
65.0,9.0,2414.0,0.0,29.0,?,Married-civ-spouse,?,White,Male,United-States,face,1
50.0,9.0,0.0,0.0,59.0,?,Married-civ-spouse,?,White,Male,United-States,face,1
61.0,9.0,0.0,0.0,39.0,?,Married-civ-spouse,?,White,Male,United-States,face,1
62.0,9.0,0.0,0.0,39.0,?,Married-civ-spouse,?,White,Male,United-States,face,1
59.0,9.0,0.0,0.0,39.0,?,Married-civ-spouse,?,White,Male,United-States,face,1
61.0,9.0,0.0,0.0,39.0,?,Married-civ-spouse,?,White,Male,United-States,face,1
61.0,9.0,0.0,0.0,38.0,?,Married-civ-spouse,?,White,Male,United-States,face,1
54.0,9.0,0.0,0.0,50.0,?,Married-civ-spouse,?,White,Male,United-States,face,1
62.0,9.0,0.0,0.0,39.0,?,Married-civ-spouse,?,White,Male,United-States,face,1
61.0,9.0,0.0,0.0,39.0,?,Married-civ-spouse,?,White,Male,United-States,face,1
