age,education.num,capital.gain,capital.loss,hours.per.week,workclass,marital.status,occupation,race,sex,native.country,explainer,income
33.0,16.0,0,0.0,50.0,State-gov,Divorced,Transport-moving,White,Male,United-States,dice,0
33.0,5.0,0,0.0,70.0,State-gov,Married-civ-spouse,Prof-specialty,White,Male,United-States,dice,0
33.0,16.0,0,0.0,50.0,State-gov,Never-married,Farming-fishing,White,Male,United-States,dice,0
33.0,16.0,0,0.0,50.0,Without-pay,Married-civ-spouse,Machine-op-inspct,White,Male,United-States,dice,0
33.0,16.0,0,1662.0,50.0,Without-pay,Married-civ-spouse,Prof-specialty,White,Male,United-States,dice,0
24.0,16.0,0,0.0,5.0,State-gov,Married-civ-spouse,Prof-specialty,White,Male,United-States,dice,0
33.0,2.0,0,0.0,34.0,State-gov,Married-civ-spouse,Prof-specialty,White,Male,United-States,dice,0
73.0,16.0,0,0.0,50.0,State-gov,Divorced,Prof-specialty,White,Male,United-States,dice,0
33.0,16.0,0,3050.0,50.0,Without-pay,Married-civ-spouse,Prof-specialty,White,Male,United-States,dice,0
33.0,8.0,0,0.0,50.0,State-gov,Married-civ-spouse,Prof-specialty,White,Male,United-States,dice,0
99.0,16.0,0,0.0,50.0,State-gov,Divorced,Prof-specialty,White,Male,United-States,dice,0
33.0,16.0,0,0.0,50.0,Never-worked,Divorced,Prof-specialty,White,Male,United-States,dice,0
98.0,16.0,0,0.0,50.0,State-gov,Married-spouse-absent,Prof-specialty,White,Male,United-States,dice,0
33.0,16.0,0,0.0,50.0,State-gov,Separated,Armed-Forces,White,Male,United-States,dice,0
33.0,16.0,0,0.0,24.0,State-gov,Married-civ-spouse,Farming-fishing,White,Male,United-States,dice,0
33.0,3.0,0,0.0,50.0,State-gov,Married-civ-spouse,Priv-house-serv,White,Male,United-States,dice,0
33.0,6.0,0,0.0,50.0,Private,Married-civ-spouse,Prof-specialty,White,Male,United-States,dice,0
77.0,6.0,0,0.0,50.0,State-gov,Married-civ-spouse,Prof-specialty,White,Male,United-States,dice,0
33.0,16.0,0,0.0,50.0,State-gov,Separated,Prof-specialty,White,Male,United-States,dice,0
33.0,2.0,0,0.0,50.0,State-gov,Married-civ-spouse,Craft-repair,White,Male,United-States,dice,0
25.0,14.0,0,0.0,44.0,Private,Never-married,Other-service,White,Male,United-States,fimap,0
25.0,14.0,0,0.0,44.0,Private,Married-civ-spouse,Transport-moving,White,Male,United-States,fimap,0
25.0,16.0,0,0.0,50.0,State-gov,Married-civ-spouse,Prof-specialty,White,Male,United-States,cadex,0
25.0,16.0,0,0.0,50.0,State-gov,Married-civ-spouse,Prof-specialty,White,Male,United-States,cadex,0
26.0,16.0,0,0.0,50.0,State-gov,Married-civ-spouse,Prof-specialty,White,Male,United-States,cadex,0
28.0,15.0,0,0.0,47.0,Private,Married-civ-spouse,Craft-repair,White,Male,United-States,fimap,0
29.0,15.0,0,0.0,45.0,State-gov,Married-civ-spouse,Prof-specialty,White,Male,United-States,cadex,0
29.0,15.0,0,0.0,50.0,State-gov,Married-civ-spouse,Prof-specialty,White,Male,United-States,cadex,0
29.0,16.0,0,0.0,50.0,State-gov,Married-civ-spouse,Prof-specialty,White,Male,United-States,cadex,0
31.0,15.0,0,0.0,47.0,Private,Married-civ-spouse,Protective-serv,White,Male,United-States,fimap,0
31.0,15.0,0,0.0,47.0,Private,Married-civ-spouse,?,White,Male,United-States,fimap,0
31.0,15.0,0,0.0,47.0,Private,Married-civ-spouse,Prof-specialty,White,Male,United-States,fimap,1
33.0,16.0,0,0.0,50.0,State-gov,Married-civ-spouse,Prof-specialty,White,Male,United-States,cadex,0
17.0,15.0,0,0.0,49.0,State-gov,Married-civ-spouse,Prof-specialty,White,Male,United-States,wachter,0
18.0,15.0,0,0.0,50.0,State-gov,Married-civ-spouse,Prof-specialty,White,Male,United-States,wachter,0
17.0,16.0,0,0.0,49.0,State-gov,Married-civ-spouse,Prof-specialty,White,Male,United-States,wachter,0
17.0,16.0,0,0.0,49.0,State-gov,Married-civ-spouse,Prof-specialty,White,Male,United-States,wachter,0
17.0,16.0,0,0.0,49.0,State-gov,Married-civ-spouse,Prof-specialty,White,Male,United-States,wachter,0
17.0,16.0,0,0.0,51.0,State-gov,Married-civ-spouse,Prof-specialty,White,Male,United-States,wachter,0
18.0,15.0,0,0.0,50.0,State-gov,Married-civ-spouse,Prof-specialty,White,Male,United-States,wachter,0
17.0,16.0,0,0.0,50.0,State-gov,Married-civ-spouse,Prof-specialty,White,Male,United-States,wachter,0
18.0,15.0,0,0.0,49.0,State-gov,Married-civ-spouse,Prof-specialty,White,Male,United-States,wachter,0
17.0,16.0,0,0.0,49.0,State-gov,Married-civ-spouse,Prof-specialty,White,Male,United-States,wachter,0
19.0,16.0,0,0.0,50.0,State-gov,Married-civ-spouse,Prof-specialty,White,Male,United-States,cem,1
33.0,16.0,0,0.0,50.0,State-gov,Married-civ-spouse,Prof-specialty,White,Male,Greece,cfproto,0
32.0,16.0,0,0.0,50.0,Self-emp-not-inc,Married-civ-spouse,Other-service,White,Male,Vietnam,cfproto,0
33.0,16.0,0,0.0,50.0,State-gov,Married-civ-spouse,Other-service,White,Male,?,cfproto,0
33.0,16.0,0,0.0,50.0,State-gov,Married-civ-spouse,Other-service,White,Male,?,cfproto,0
33.0,15.0,0,0.0,49.0,?,Divorced,Handlers-cleaners,White,Male,United-States,growing-spheres,0
31.0,16.0,1777,0.0,50.0,Local-gov,Married-AF-spouse,?,White,Male,United-States,growing-spheres,1
24.0,16.0,5784,157.0,44.0,State-gov,Divorced,Adm-clerical,White,Male,United-States,growing-spheres,0
44.0,15.0,0,0.0,52.0,Local-gov,Divorced,Craft-repair,White,Male,United-States,growing-spheres,0
27.0,16.0,0,248.0,50.0,?,Married-civ-spouse,Armed-Forces,White,Male,United-States,growing-spheres,0
39.0,16.0,0,72.0,46.0,Never-worked,Divorced,?,White,Male,United-States,growing-spheres,0
31.0,16.0,2842,13.0,51.0,Local-gov,Divorced,?,White,Male,United-States,growing-spheres,0
30.0,16.0,6255,380.0,46.0,Self-emp-inc,Married-civ-spouse,Farming-fishing,White,Male,United-States,growing-spheres,1
37.0,16.0,0,0.0,43.0,Private,Married-civ-spouse,Machine-op-inspct,White,Male,United-States,growing-spheres,1
39.0,16.0,1412,0.0,50.0,State-gov,Married-AF-spouse,Exec-managerial,White,Male,United-States,growing-spheres,1
34.0,16.0,539,0.0,49.0,?,Divorced,Prof-specialty,White,Male,United-States,growing-spheres,1
33.0,16.0,0,0.0,52.0,Self-emp-inc,Divorced,Adm-clerical,White,Male,United-States,growing-spheres,0
33.0,15.0,0,2.0,50.0,Self-emp-not-inc,Married-civ-spouse,Adm-clerical,White,Male,United-States,growing-spheres,1
34.0,16.0,347,42.0,45.0,Private,Married-civ-spouse,Exec-managerial,White,Male,United-States,growing-spheres,1
32.0,16.0,1352,35.0,50.0,Self-emp-inc,Married-civ-spouse,Farming-fishing,White,Male,United-States,growing-spheres,1
29.0,15.0,0,0.0,58.0,?,Married-civ-spouse,Farming-fishing,White,Male,United-States,growing-spheres,0
24.0,15.0,0,178.0,44.0,?,Married-AF-spouse,Machine-op-inspct,White,Male,United-States,growing-spheres,0
37.0,14.0,0,597.0,55.0,State-gov,Divorced,?,White,Male,United-States,growing-spheres,0
32.0,16.0,0,19.0,49.0,State-gov,Widowed,?,White,Male,United-States,growing-spheres,0
40.0,16.0,8071,52.0,53.0,Local-gov,Married-civ-spouse,Farming-fishing,White,Male,United-States,growing-spheres,1
36.0,14.0,0,0.0,39.0,State-gov,Never-married,Prof-specialty,White,Male,United-States,face,0
34.0,13.0,0,0.0,48.0,State-gov,Never-married,Prof-specialty,White,Male,United-States,face,0
33.0,13.0,0,0.0,19.0,State-gov,Never-married,Prof-specialty,White,Male,United-States,face,0
28.0,15.0,0,0.0,39.0,State-gov,Never-married,Prof-specialty,White,Male,United-States,face,0
34.0,13.0,0,0.0,50.0,State-gov,Never-married,Prof-specialty,White,Male,United-States,face,0
29.0,14.0,0,0.0,39.0,State-gov,Never-married,Prof-specialty,White,Male,United-States,face,0
33.0,14.0,0,0.0,50.0,State-gov,Never-married,Prof-specialty,White,Male,United-States,face,0
36.0,14.0,5455,0.0,29.0,State-gov,Divorced,Prof-specialty,White,Male,United-States,face,0
28.0,15.0,0,0.0,39.0,State-gov,Never-married,Prof-specialty,White,Male,United-States,face,0
24.0,13.0,0,0.0,39.0,State-gov,Never-married,Prof-specialty,White,Male,United-States,face,0
