age,education.num,capital.gain,capital.loss,hours.per.week,workclass,marital.status,occupation,race,sex,native.country,explainer,income
23.0,11.0,0,0.0,45.0,Private,Married-civ-spouse,Craft-repair,White,Male,United-States,dice,0
96.0,11.0,0,491.0,45.0,Private,Married-civ-spouse,Craft-repair,White,Male,United-States,dice,0
56.0,11.0,0,0.0,16.0,Private,Married-civ-spouse,Craft-repair,White,Male,United-States,dice,0
29.0,11.0,0,0.0,4.0,Private,Married-civ-spouse,Craft-repair,White,Male,United-States,dice,0
56.0,11.0,0,0.0,29.0,Private,Widowed,Craft-repair,White,Male,United-States,dice,0
56.0,11.0,0,0.0,45.0,Without-pay,Married-civ-spouse,Priv-house-serv,White,Male,United-States,dice,0
80.0,11.0,0,0.0,45.0,Private,Separated,Craft-repair,White,Male,United-States,dice,0
56.0,11.0,0,0.0,45.0,Private,Divorced,Craft-repair,White,Male,United-States,dice,0
56.0,3.0,0,0.0,45.0,Private,Married-civ-spouse,Craft-repair,White,Male,United-States,dice,0
56.0,11.0,0,0.0,45.0,Private,Widowed,Protective-serv,White,Male,United-States,dice,0
19.0,11.0,0,0.0,45.0,State-gov,Married-civ-spouse,Craft-repair,White,Male,United-States,dice,0
20.0,11.0,0,0.0,45.0,Private,Married-civ-spouse,Handlers-cleaners,White,Male,United-States,dice,0
56.0,11.0,0,0.0,45.0,Private,Divorced,Craft-repair,White,Male,United-States,dice,0
56.0,11.0,0,0.0,9.0,Private,Married-civ-spouse,Machine-op-inspct,White,Male,United-States,dice,0
56.0,3.0,0,0.0,16.0,Private,Married-civ-spouse,Craft-repair,White,Male,United-States,dice,0
56.0,11.0,0,0.0,45.0,Private,Married-civ-spouse,Priv-house-serv,White,Male,United-States,dice,0
81.0,11.0,0,0.0,45.0,Private,Married-civ-spouse,Craft-repair,White,Male,United-States,dice,0
86.0,11.0,0,0.0,4.0,Private,Married-civ-spouse,Craft-repair,White,Male,United-States,dice,0
56.0,4.0,0,0.0,45.0,Without-pay,Married-civ-spouse,Craft-repair,White,Male,United-States,dice,0
78.0,11.0,0,0.0,45.0,Private,Married-civ-spouse,Craft-repair,White,Male,United-States,dice,0
48.0,9.0,0,0.0,39.0,Private,Married-civ-spouse,Handlers-cleaners,White,Male,United-States,fimap,0
48.0,9.0,0,0.0,39.0,Private,Married-civ-spouse,Exec-managerial,White,Male,United-States,fimap,0
51.0,10.0,0,0.0,42.0,Private,Married-civ-spouse,Other-service,White,Male,United-States,fimap,0
54.0,10.0,0,0.0,43.0,Private,Married-civ-spouse,Handlers-cleaners,White,Male,United-States,fimap,0
54.0,10.0,0,0.0,43.0,Private,Married-civ-spouse,Handlers-cleaners,White,Male,United-States,fimap,0
54.0,10.0,0,0.0,43.0,Private,Married-civ-spouse,Protective-serv,White,Male,United-States,fimap,0
56.0,9.0,0,0.0,45.0,Private,Married-civ-spouse,Craft-repair,White,Male,United-States,cadex,0
56.0,9.0,0,0.0,45.0,Private,Married-civ-spouse,Craft-repair,White,Male,United-States,cadex,0
56.0,9.0,0,0.0,45.0,Private,Married-civ-spouse,Craft-repair,White,Male,United-States,cadex,0
56.0,10.0,0,0.0,40.0,Private,Married-civ-spouse,Craft-repair,White,Male,United-States,cadex,0
56.0,10.0,0,0.0,45.0,Private,Married-civ-spouse,Craft-repair,White,Male,United-States,cadex,0
56.0,11.0,0,0.0,45.0,Private,Married-civ-spouse,Craft-repair,White,Male,United-States,cadex,0
59.0,10.0,0,0.0,40.0,Private,Married-civ-spouse,Craft-repair,White,Male,United-States,cadex,0
55.0,10.0,0,0.0,26.0,Private,Married-civ-spouse,Craft-repair,White,Male,United-States,wachter,0
56.0,10.0,0,0.0,25.0,Private,Married-civ-spouse,Craft-repair,White,Male,United-States,wachter,0
57.0,10.0,0,0.0,25.0,Private,Married-civ-spouse,Craft-repair,White,Male,United-States,wachter,0
57.0,10.0,0,0.0,27.0,Private,Married-civ-spouse,Craft-repair,White,Male,United-States,wachter,0
55.0,10.0,0,0.0,29.0,Private,Married-civ-spouse,Craft-repair,White,Male,United-States,wachter,1
56.0,10.0,0,0.0,25.0,Private,Married-civ-spouse,Craft-repair,White,Male,United-States,wachter,0
56.0,10.0,0,0.0,25.0,Private,Married-civ-spouse,Craft-repair,White,Male,United-States,wachter,0
56.0,10.0,0,0.0,26.0,Private,Married-civ-spouse,Craft-repair,White,Male,United-States,wachter,0
57.0,10.0,0,0.0,29.0,Private,Married-civ-spouse,Craft-repair,White,Male,United-States,wachter,1
56.0,10.0,0,0.0,23.0,Private,Married-civ-spouse,Craft-repair,White,Male,United-States,wachter,0
56.0,11.0,0,0.0,31.0,Private,Married-civ-spouse,Craft-repair,White,Male,United-States,cem,1
56.0,10.0,0,0.0,45.0,Local-gov,Married-civ-spouse,Other-service,White,Male,Poland,cfproto,0
56.0,11.0,0,0.0,45.0,Private,Married-civ-spouse,Craft-repair,White,Male,Greece,cfproto,0
56.0,11.0,0,0.0,45.0,Private,Married-civ-spouse,Craft-repair,White,Male,Dominican-Republic,cfproto,0
56.0,10.0,0,0.0,45.0,Federal-gov,Married-civ-spouse,Other-service,White,Male,Japan,cfproto,0
56.0,11.0,0,0.0,45.0,Private,Married-civ-spouse,Craft-repair,White,Male,Dominican-Republic,cfproto,0
55.0,10.0,374,0.0,44.0,?,Divorced,Craft-repair,White,Male,United-States,growing-spheres,0
50.0,9.0,10248,345.0,42.0,?,Never-married,Craft-repair,White,Male,United-States,growing-spheres,1
57.0,10.0,0,179.0,47.0,Local-gov,Divorced,?,White,Male,United-States,growing-spheres,0
53.0,10.0,1907,10.0,43.0,Private,Married-civ-spouse,Armed-Forces,White,Male,United-States,growing-spheres,0
55.0,10.0,0,19.0,44.0,Never-worked,Married-civ-spouse,Craft-repair,White,Male,United-States,growing-spheres,0
57.0,10.0,0,102.0,43.0,Federal-gov,Married-civ-spouse,Adm-clerical,White,Male,United-States,growing-spheres,1
51.0,10.0,3205,119.0,49.0,?,Divorced,Craft-repair,White,Male,United-States,growing-spheres,1
56.0,11.0,591,0.0,48.0,Local-gov,Married-AF-spouse,?,White,Male,United-States,growing-spheres,0
52.0,11.0,3083,0.0,42.0,Federal-gov,Divorced,?,White,Male,United-States,growing-spheres,0
56.0,10.0,0,61.0,41.0,Federal-gov,Married-civ-spouse,Adm-clerical,White,Male,United-States,growing-spheres,1
56.0,11.0,1089,49.0,43.0,Federal-gov,Married-civ-spouse,Armed-Forces,White,Male,United-States,growing-spheres,1
55.0,11.0,0,1.0,43.0,?,Married-civ-spouse,Machine-op-inspct,White,Male,United-States,growing-spheres,1
66.0,11.0,8029,0.0,38.0,Local-gov,Divorced,?,White,Male,United-States,growing-spheres,0
55.0,11.0,0,0.0,47.0,Private,Married-spouse-absent,Armed-Forces,White,Male,United-States,growing-spheres,0
58.0,10.0,322,71.0,41.0,Federal-gov,Divorced,Craft-repair,White,Male,United-States,growing-spheres,0
52.0,12.0,0,251.0,42.0,Private,Married-civ-spouse,Craft-repair,White,Male,United-States,growing-spheres,1
52.0,10.0,1628,0.0,41.0,?,Divorced,?,White,Male,United-States,growing-spheres,0
58.0,10.0,343,14.0,44.0,Local-gov,Divorced,Craft-repair,White,Male,United-States,growing-spheres,0
60.0,10.0,0,0.0,41.0,Local-gov,Never-married,?,White,Male,United-States,growing-spheres,0
58.0,10.0,3404,244.0,39.0,?,Married-AF-spouse,Armed-Forces,White,Male,United-States,growing-spheres,0
36.0,9.0,0,0.0,39.0,Private,Married-civ-spouse,Craft-repair,White,Male,United-States,face,0
37.0,9.0,0,0.0,39.0,Private,Married-civ-spouse,Craft-repair,White,Male,United-States,face,0
63.0,9.0,0,0.0,39.0,Private,Married-civ-spouse,Craft-repair,White,Male,United-States,face,1
70.0,9.0,0,0.0,37.0,Private,Married-civ-spouse,Craft-repair,White,Male,United-States,face,0
50.0,9.0,0,0.0,19.0,Private,Married-civ-spouse,Craft-repair,White,Male,United-States,face,0
63.0,10.0,0,0.0,19.0,Private,Married-civ-spouse,Craft-repair,White,Male,United-States,face,0
37.0,9.0,0,0.0,39.0,Private,Married-civ-spouse,Craft-repair,White,Male,United-States,face,0
63.0,9.0,0,0.0,39.0,Private,Married-civ-spouse,Craft-repair,White,Male,United-States,face,1
35.0,9.0,0,0.0,39.0,Private,Married-civ-spouse,Craft-repair,White,Male,United-States,face,0
58.0,7.0,0,0.0,39.0,Private,Married-civ-spouse,Craft-repair,White,Male,United-States,face,0
