age,education.num,capital.gain,capital.loss,hours.per.week,workclass,marital.status,occupation,race,sex,native.country,explainer,income
31.0,4.0,67110.0,0.0,35.0,Private,Widowed,Armed-Forces,White,Female,United-States,dice,1
31.0,4.0,24811.0,0.0,35.0,Private,Never-married,Adm-clerical,White,Female,United-States,dice,1
89.0,4.0,85675.0,0.0,35.0,Private,Widowed,Adm-clerical,White,Female,United-States,dice,1
31.0,4.0,97724.0,0.0,55.0,Private,Widowed,Adm-clerical,White,Female,United-States,dice,1
31.0,4.0,17943.0,0.0,35.0,Private,Widowed,Exec-managerial,White,Female,United-States,dice,1
48.0,4.0,55863.0,0.0,35.0,Private,Widowed,Adm-clerical,White,Female,United-States,dice,1
31.0,4.0,99955.0,0.0,10.0,Private,Widowed,Adm-clerical,White,Female,United-States,dice,1
25.0,4.0,90487.0,0.0,35.0,Private,Widowed,Adm-clerical,White,Female,United-States,dice,1
31.0,4.0,63443.0,0.0,35.0,Private,Widowed,Adm-clerical,White,Female,United-States,dice,1
61.0,4.0,33624.0,0.0,35.0,Private,Widowed,Adm-clerical,White,Female,United-States,dice,1
31.0,4.0,58318.0,0.0,35.0,Private,Widowed,Adm-clerical,White,Female,United-States,dice,1
31.0,4.0,97814.0,0.0,35.0,Local-gov,Widowed,Adm-clerical,White,Female,United-States,dice,1
31.0,13.0,0.0,3902.0,35.0,Private,Widowed,Adm-clerical,White,Female,United-States,dice,1
31.0,4.0,64305.0,0.0,35.0,Private,Widowed,Adm-clerical,White,Female,United-States,dice,1
31.0,13.0,45578.0,0.0,35.0,Private,Widowed,Adm-clerical,White,Female,United-States,dice,1
31.0,4.0,63104.0,0.0,35.0,Private,Widowed,Adm-clerical,White,Female,United-States,dice,1
31.0,4.0,18560.0,0.0,35.0,Private,Widowed,Adm-clerical,White,Female,United-States,dice,1
31.0,4.0,35952.0,0.0,35.0,Private,Widowed,Adm-clerical,White,Female,United-States,dice,1
31.0,4.0,78856.0,0.0,35.0,Private,Widowed,Adm-clerical,White,Female,United-States,dice,1
31.0,4.0,30445.0,0.0,72.0,Private,Widowed,Adm-clerical,White,Female,United-States,dice,1
31.0,4.0,19924.0,0.0,35.0,Private,Widowed,Adm-clerical,White,Female,United-States,cadex,1
35.0,7.0,23310.0,159.0,43.0,Private,Married-civ-spouse,Craft-repair,White,Female,United-States,fimap,1
36.0,5.0,10826.0,71.0,39.0,Private,Married-civ-spouse,Transport-moving,White,Female,United-States,fimap,1
36.0,5.0,10467.0,68.0,38.0,Private,Married-civ-spouse,Other-service,White,Female,United-States,fimap,1
36.0,5.0,13114.0,77.0,39.0,Private,Never-married,?,White,Female,United-States,fimap,0
36.0,5.0,10166.0,69.0,38.0,Private,Married-civ-spouse,Prof-specialty,White,Female,United-States,fimap,1
39.0,7.0,23371.0,182.0,44.0,Private,Married-civ-spouse,Craft-repair,White,Female,United-States,fimap,1
40.0,6.0,13677.0,607.0,47.0,Private,Widowed,Adm-clerical,White,Female,United-States,cadex,1
40.0,6.0,13904.0,612.0,48.0,Private,Widowed,Adm-clerical,White,Female,United-States,cadex,1
40.0,6.0,13980.0,0.0,48.0,Private,Widowed,Adm-clerical,White,Female,United-States,cadex,1
40.0,4.0,14059.0,0.0,48.0,Private,Widowed,Adm-clerical,White,Female,United-States,cadex,1
41.0,4.0,14670.0,0.0,48.0,Private,Widowed,Adm-clerical,White,Female,United-States,cadex,1
41.0,4.0,14946.0,0.0,49.0,Private,Widowed,Adm-clerical,White,Female,United-States,cadex,1
41.0,4.0,14961.0,0.0,35.0,Private,Widowed,Adm-clerical,White,Female,United-States,cadex,0
56.0,13.0,2736.0,746.0,98.0,Private,Married-civ-spouse,Other-service,White,Female,United-States,wachter,1
44.0,8.0,7807.0,0.0,98.0,Self-emp-not-inc,Married-civ-spouse,Tech-support,White,Female,United-States,wachter,1
72.0,13.0,0.0,290.0,98.0,Self-emp-not-inc,Married-civ-spouse,Transport-moving,White,Female,United-States,wachter,1
70.0,12.0,3291.0,8.0,92.0,Private,Married-civ-spouse,Transport-moving,White,Female,United-States,wachter,1
44.0,8.0,7766.0,0.0,98.0,Self-emp-not-inc,Married-civ-spouse,Tech-support,White,Female,United-States,wachter,1
44.0,8.0,7831.0,0.0,99.0,Self-emp-not-inc,Married-civ-spouse,Tech-support,White,Female,United-States,wachter,1
53.0,12.0,935.0,29.0,98.0,Self-emp-not-inc,Married-civ-spouse,Transport-moving,White,Female,United-States,wachter,1
72.0,13.0,0.0,304.0,98.0,Federal-gov,Married-civ-spouse,Transport-moving,White,Female,United-States,wachter,1
44.0,8.0,7749.0,0.0,98.0,Self-emp-not-inc,Married-civ-spouse,Tech-support,White,Female,United-States,wachter,1
47.0,5.0,9756.0,213.0,58.0,Private,Widowed,Adm-clerical,White,Female,United-States,wachter,0
31.0,4.0,18883.0,0.0,35.0,Private,Widowed,Adm-clerical,White,Female,United-States,cem,1
53.0,10.0,99999.0,1072.0,74.0,?,Never-married,Protective-serv,White,Female,Outlying-US(Guam-USVI-etc),cfproto,1
31.0,4.0,21952.0,0.0,35.0,Private,Widowed,Adm-clerical,White,Female,Vietnam,cfproto,1
18.0,2.0,35218.0,0.0,35.0,Self-emp-not-inc,Widowed,Adm-clerical,White,Female,India,cfproto,1
20.0,3.0,28049.0,0.0,35.0,Self-emp-inc,Widowed,Adm-clerical,White,Female,India,cfproto,1
72.0,11.0,31333.0,2923.0,62.0,Self-emp-not-inc,Widowed,Adm-clerical,White,Female,Haiti,cfproto,1
22.0,3.0,20005.0,0.0,35.0,Self-emp-inc,Widowed,Adm-clerical,White,Female,Philippines,cfproto,0
27.0,2.0,9748.0,0.0,41.0,Self-emp-inc,Married-civ-spouse,Protective-serv,White,Female,United-States,cfproto,1
26.0,2.0,49773.0,298.0,28.0,?,Widowed,Adm-clerical,White,Female,Outlying-US(Guam-USVI-etc),cfproto,1
78.0,12.0,43112.0,3132.0,70.0,Self-emp-not-inc,Widowed,Other-service,White,Female,Germany,cfproto,1
27.0,2.0,9748.0,0.0,41.0,Self-emp-inc,Married-civ-spouse,Protective-serv,White,Female,United-States,cfproto,1
38.0,2.0,33985.0,0.0,45.0,Self-emp-not-inc,Married-AF-spouse,Adm-clerical,White,Female,United-States,growing-spheres,1
17.0,7.0,31043.0,110.0,44.0,Local-gov,Divorced,Craft-repair,White,Female,United-States,growing-spheres,1
29.0,2.0,32553.0,43.0,21.0,?,Divorced,Adm-clerical,White,Female,United-States,growing-spheres,1
39.0,8.0,29702.0,1191.0,10.0,Federal-gov,Divorced,Armed-Forces,White,Female,United-States,growing-spheres,1
21.0,2.0,15833.0,0.0,45.0,?,Divorced,Protective-serv,White,Female,United-States,growing-spheres,0
17.0,6.0,40097.0,373.0,57.0,?,Divorced,Handlers-cleaners,White,Female,United-States,growing-spheres,1
43.0,1.0,21347.0,106.0,44.0,?,Divorced,?,White,Female,United-States,growing-spheres,1
61.0,2.0,33821.0,0.0,26.0,?,Divorced,Craft-repair,White,Female,United-States,growing-spheres,1
31.0,7.0,23652.0,120.0,35.0,Local-gov,Married-AF-spouse,?,White,Female,United-States,growing-spheres,1
24.0,2.0,56415.0,66.0,20.0,?,Divorced,Craft-repair,White,Female,United-States,growing-spheres,1
40.0,2.0,51772.0,0.0,51.0,Federal-gov,Never-married,Adm-clerical,White,Female,United-States,growing-spheres,1
59.0,5.0,42658.0,71.0,39.0,Federal-gov,Divorced,?,White,Female,United-States,growing-spheres,1
45.0,1.0,49358.0,188.0,24.0,Never-worked,Separated,Adm-clerical,White,Female,United-States,growing-spheres,1
38.0,4.0,18597.0,1095.0,13.0,Local-gov,Divorced,Exec-managerial,White,Female,United-States,growing-spheres,1
51.0,8.0,34635.0,516.0,36.0,Local-gov,Divorced,Adm-clerical,White,Female,United-States,growing-spheres,1
22.0,4.0,46998.0,1062.0,20.0,Self-emp-inc,Married-civ-spouse,Machine-op-inspct,White,Female,United-States,growing-spheres,1
25.0,4.0,44399.0,0.0,39.0,Federal-gov,Married-civ-spouse,?,White,Female,United-States,growing-spheres,1
24.0,10.0,21039.0,703.0,32.0,Self-emp-inc,Divorced,Adm-clerical,White,Female,United-States,growing-spheres,1
41.0,7.0,17762.0,0.0,49.0,?,Married-AF-spouse,Tech-support,White,Female,United-States,growing-spheres,1
39.0,4.0,47208.0,0.0,21.0,Private,Married-spouse-absent,Adm-clerical,White,Female,United-States,growing-spheres,1
35.0,9.0,4386.0,0.0,34.0,Private,Married-civ-spouse,Adm-clerical,White,Female,United-States,face,1
41.0,9.0,0.0,0.0,39.0,Private,Married-civ-spouse,Adm-clerical,White,Female,United-States,face,1
33.0,9.0,0.0,0.0,34.0,Private,Married-civ-spouse,Adm-clerical,White,Female,United-States,face,1
39.0,9.0,0.0,0.0,25.0,Private,Married-civ-spouse,Adm-clerical,White,Female,United-States,face,1
39.0,9.0,0.0,0.0,39.0,Private,Married-civ-spouse,Adm-clerical,White,Female,United-States,face,1
37.0,9.0,0.0,0.0,39.0,Private,Married-civ-spouse,Adm-clerical,White,Female,United-States,face,1
31.0,9.0,0.0,0.0,39.0,Private,Married-civ-spouse,Adm-clerical,White,Female,United-States,face,1
41.0,9.0,0.0,0.0,39.0,Private,Married-civ-spouse,Adm-clerical,White,Female,United-States,face,1
31.0,9.0,0.0,0.0,39.0,Private,Married-civ-spouse,Adm-clerical,White,Female,United-States,face,1
46.0,9.0,0.0,0.0,39.0,Private,Married-civ-spouse,Adm-clerical,White,Female,United-States,face,1
