age,education.num,capital.gain,capital.loss,hours.per.week,workclass,marital.status,occupation,race,sex,native.country,explainer,income
86.0,9.0,0,0.0,62.0,Private,Married-civ-spouse,Craft-repair,White,Male,United-States,dice,0
75.0,9.0,0,0.0,40.0,Private,Married-civ-spouse,Craft-repair,White,Male,United-States,dice,0
61.0,9.0,0,0.0,26.0,Never-worked,Married-civ-spouse,Craft-repair,White,Male,United-States,dice,0
61.0,9.0,0,2453.0,40.0,Private,Divorced,Craft-repair,White,Male,United-States,dice,0
61.0,9.0,0,0.0,23.0,State-gov,Married-civ-spouse,Craft-repair,White,Male,United-States,dice,0
61.0,9.0,0,0.0,9.0,?,Married-civ-spouse,Craft-repair,White,Male,United-States,dice,0
61.0,5.0,0,0.0,40.0,Private,Married-civ-spouse,Craft-repair,White,Male,United-States,dice,0
61.0,7.0,0,0.0,40.0,Private,Married-spouse-absent,Craft-repair,White,Male,United-States,dice,0
83.0,9.0,0,0.0,40.0,Local-gov,Married-civ-spouse,Craft-repair,White,Male,United-States,dice,0
61.0,3.0,0,0.0,40.0,Private,Married-civ-spouse,?,White,Male,United-States,dice,0
77.0,9.0,0,0.0,40.0,Private,Married-civ-spouse,Craft-repair,White,Male,United-States,dice,0
40.0,2.0,0,0.0,40.0,Private,Married-civ-spouse,Craft-repair,White,Male,United-States,dice,0
61.0,9.0,0,1280.0,40.0,Without-pay,Married-civ-spouse,Craft-repair,White,Male,United-States,dice,0
61.0,7.0,0,0.0,16.0,Private,Married-civ-spouse,Craft-repair,White,Male,United-States,dice,0
61.0,9.0,0,963.0,16.0,Private,Married-civ-spouse,Craft-repair,White,Male,United-States,dice,0
40.0,9.0,0,0.0,40.0,Private,Separated,Craft-repair,White,Male,United-States,dice,0
61.0,9.0,0,0.0,40.0,Self-emp-not-inc,Married-civ-spouse,Craft-repair,White,Male,United-States,dice,0
61.0,9.0,0,438.0,40.0,Private,Separated,Craft-repair,White,Male,United-States,dice,0
61.0,9.0,0,0.0,72.0,Private,Separated,Craft-repair,White,Male,United-States,dice,0
61.0,9.0,0,0.0,51.0,Private,Widowed,Craft-repair,White,Male,United-States,dice,0
59.0,9.0,983,6.0,40.0,Private,Married-civ-spouse,Exec-managerial,White,Male,United-States,fimap,1
59.0,9.0,709,3.0,40.0,Private,Married-civ-spouse,Tech-support,White,Male,United-States,fimap,1
59.0,9.0,633,14.0,39.0,Private,Married-civ-spouse,Adm-clerical,White,Male,United-States,fimap,1
59.0,9.0,472,5.0,39.0,Private,Never-married,Prof-specialty,White,Male,United-States,fimap,0
60.0,8.0,920,0.0,38.0,Private,Married-civ-spouse,Transport-moving,White,Male,United-States,fimap,1
61.0,8.0,0,0.0,35.0,Private,Married-civ-spouse,Craft-repair,White,Male,United-States,cadex,0
61.0,8.0,0,0.0,40.0,Private,Married-civ-spouse,Craft-repair,White,Male,United-States,cadex,0
61.0,9.0,0,0.0,40.0,Private,Married-civ-spouse,Craft-repair,White,Male,United-States,cadex,0
61.0,9.0,2024,15.0,39.0,Private,Married-civ-spouse,Adm-clerical,White,Male,United-States,fimap,1
64.0,8.0,0,0.0,35.0,Private,Married-civ-spouse,Craft-repair,White,Male,United-States,cadex,0
64.0,8.0,0,0.0,35.0,Private,Married-civ-spouse,Craft-repair,White,Male,United-States,cadex,0
61.0,8.0,0,0.0,40.0,Private,Married-civ-spouse,Craft-repair,White,Male,United-States,wachter,0
60.0,8.0,0,0.0,36.0,Private,Married-civ-spouse,Craft-repair,White,Male,United-States,wachter,0
61.0,8.0,0,0.0,38.0,Private,Married-civ-spouse,Craft-repair,White,Male,United-States,wachter,0
63.0,8.0,0,0.0,38.0,Private,Married-civ-spouse,Craft-repair,White,Male,United-States,wachter,0
61.0,8.0,0,0.0,39.0,Private,Married-civ-spouse,Craft-repair,White,Male,United-States,wachter,0
61.0,8.0,0,0.0,36.0,Private,Married-civ-spouse,Craft-repair,White,Male,United-States,wachter,0
61.0,8.0,0,0.0,38.0,Private,Married-civ-spouse,Craft-repair,White,Male,United-States,wachter,0
61.0,8.0,0,0.0,39.0,Private,Married-civ-spouse,Craft-repair,White,Male,United-States,wachter,0
61.0,8.0,0,0.0,39.0,Private,Married-civ-spouse,Craft-repair,White,Male,United-States,wachter,0
61.0,8.0,0,0.0,36.0,Private,Married-civ-spouse,Craft-repair,White,Male,United-States,wachter,0
61.0,8.0,0,0.0,35.0,Private,Married-civ-spouse,Craft-repair,White,Male,United-States,cem,0
61.0,8.0,0,0.0,39.0,Federal-gov,Married-civ-spouse,Machine-op-inspct,White,Male,Trinadad&Tobago,cfproto,0
61.0,9.0,0,0.0,40.0,Private,Married-civ-spouse,Protective-serv,White,Male,United-States,cfproto,0
61.0,9.0,0,0.0,40.0,Without-pay,Married-civ-spouse,Prof-specialty,White,Male,Haiti,cfproto,0
61.0,9.0,0,0.0,40.0,Private,Married-civ-spouse,Craft-repair,White,Male,India,cfproto,0
61.0,9.0,0,0.0,40.0,Private,Married-civ-spouse,Craft-repair,White,Male,Poland,cfproto,0
61.0,9.0,0,0.0,40.0,Private,Married-civ-spouse,Craft-repair,White,Male,Vietnam,cfproto,0
61.0,9.0,0,0.0,40.0,Private,Married-civ-spouse,Machine-op-inspct,White,Male,China,cfproto,0
61.0,9.0,0,0.0,40.0,Self-emp-not-inc,Married-civ-spouse,Machine-op-inspct,White,Male,Iran,cfproto,0
61.0,8.0,0,0.0,38.0,Self-emp-not-inc,Married-civ-spouse,Other-service,White,Male,China,cfproto,0
61.0,9.0,0,0.0,40.0,Private,Married-civ-spouse,Craft-repair,White,Male,Poland,cfproto,0
59.0,8.0,7799,139.0,42.0,Local-gov,Divorced,Craft-repair,White,Male,United-States,growing-spheres,1
64.0,9.0,6017,0.0,47.0,Local-gov,Married-civ-spouse,Armed-Forces,White,Male,United-States,growing-spheres,1
61.0,9.0,0,0.0,40.0,?,Married-AF-spouse,Tech-support,White,Male,United-States,growing-spheres,0
59.0,9.0,7885,0.0,51.0,Private,Married-civ-spouse,?,White,Male,United-States,growing-spheres,1
62.0,10.0,0,29.0,32.0,Federal-gov,Divorced,Craft-repair,White,Male,United-States,growing-spheres,0
70.0,10.0,1679,75.0,33.0,Local-gov,Married-civ-spouse,Craft-repair,White,Male,United-States,growing-spheres,1
62.0,8.0,4272,38.0,36.0,Federal-gov,Married-civ-spouse,Craft-repair,White,Male,United-States,growing-spheres,1
58.0,9.0,3470,0.0,32.0,Private,Married-AF-spouse,Adm-clerical,White,Male,United-States,growing-spheres,0
60.0,9.0,0,0.0,39.0,?,Married-civ-spouse,Armed-Forces,White,Male,United-States,growing-spheres,0
61.0,8.0,0,0.0,41.0,Private,Married-civ-spouse,?,White,Male,United-States,growing-spheres,0
61.0,8.0,0,0.0,40.0,Self-emp-inc,Married-AF-spouse,Adm-clerical,White,Male,United-States,growing-spheres,0
61.0,10.0,8325,0.0,29.0,Local-gov,Married-civ-spouse,Adm-clerical,White,Male,United-States,growing-spheres,1
60.0,8.0,0,105.0,38.0,Private,Married-AF-spouse,Adm-clerical,White,Male,United-States,growing-spheres,0
65.0,9.0,1396,79.0,37.0,Private,Married-civ-spouse,Craft-repair,White,Male,United-States,growing-spheres,1
61.0,8.0,0,0.0,41.0,?,Married-civ-spouse,Armed-Forces,White,Male,United-States,growing-spheres,0
61.0,8.0,0,71.0,38.0,Private,Divorced,Craft-repair,White,Male,United-States,growing-spheres,0
59.0,9.0,0,0.0,33.0,Local-gov,Divorced,Handlers-cleaners,White,Male,United-States,growing-spheres,0
58.0,9.0,1317,0.0,44.0,Never-worked,Married-civ-spouse,?,White,Male,United-States,growing-spheres,0
66.0,9.0,4118,0.0,47.0,Never-worked,Married-civ-spouse,Craft-repair,White,Male,United-States,growing-spheres,0
66.0,11.0,9808,225.0,42.0,Never-worked,Married-civ-spouse,Adm-clerical,White,Male,United-States,growing-spheres,1
61.0,9.0,0,0.0,39.0,Private,Married-civ-spouse,Craft-repair,White,Male,United-States,actionable-recourse,1
58.0,7.0,0,0.0,39.0,Private,Married-civ-spouse,Craft-repair,White,Male,United-States,face,0
58.0,6.0,0,0.0,39.0,Private,Married-civ-spouse,Craft-repair,White,Male,United-States,face,0
55.0,7.0,0,0.0,44.0,Private,Married-civ-spouse,Craft-repair,White,Male,United-States,face,0
58.0,7.0,0,0.0,39.0,Private,Married-civ-spouse,Craft-repair,White,Male,United-States,face,0
57.0,7.0,0,0.0,39.0,Private,Married-civ-spouse,Craft-repair,White,Male,United-States,face,0
63.0,7.0,0,0.0,48.0,Private,Married-civ-spouse,Craft-repair,White,Male,United-States,face,0
50.0,6.0,0,0.0,39.0,Private,Married-civ-spouse,Craft-repair,White,Male,United-States,face,0
58.0,9.0,0,0.0,25.0,Private,Married-civ-spouse,Craft-repair,White,Male,United-States,face,0
63.0,10.0,0,0.0,19.0,Private,Married-civ-spouse,Craft-repair,White,Male,United-States,face,0
58.0,9.0,0,0.0,25.0,Private,Married-civ-spouse,Craft-repair,White,Male,United-States,face,0
