age,education.num,capital.gain,capital.loss,hours.per.week,workclass,marital.status,occupation,race,sex,native.country,explainer,income
37.0,13.0,0,0.0,35.0,Never-worked,Widowed,Exec-managerial,White,Male,United-States,dice,0
37.0,7.0,0,0.0,35.0,Private,Separated,Priv-house-serv,White,Male,United-States,dice,0
37.0,13.0,0,0.0,35.0,Private,Widowed,Handlers-cleaners,White,Male,United-States,dice,0
37.0,13.0,0,1540.0,35.0,Self-emp-not-inc,Separated,Exec-managerial,White,Male,United-States,dice,0
37.0,15.0,0,0.0,11.0,Private,Separated,Exec-managerial,White,Male,United-States,dice,0
37.0,8.0,0,0.0,60.0,Private,Separated,Exec-managerial,White,Male,United-States,dice,0
29.0,13.0,0,0.0,35.0,Private,Separated,Adm-clerical,White,Male,United-States,dice,0
65.0,13.0,0,0.0,35.0,?,Separated,Exec-managerial,White,Male,United-States,dice,0
35.0,13.0,0,0.0,35.0,Private,Separated,Exec-managerial,White,Male,United-States,dice,0
37.0,13.0,0,0.0,35.0,Private,Separated,Prof-specialty,White,Male,United-States,dice,0
37.0,13.0,0,0.0,3.0,Private,Separated,Exec-managerial,White,Male,United-States,dice,0
37.0,13.0,0,0.0,35.0,Private,Never-married,Prof-specialty,White,Male,United-States,dice,0
37.0,13.0,0,0.0,35.0,Without-pay,Never-married,Exec-managerial,White,Male,United-States,dice,0
70.0,13.0,0,0.0,35.0,Private,Separated,Exec-managerial,White,Male,United-States,dice,0
37.0,2.0,0,0.0,54.0,Private,Separated,Exec-managerial,White,Male,United-States,dice,0
37.0,13.0,0,0.0,35.0,Private,Never-married,Armed-Forces,White,Male,United-States,dice,0
37.0,13.0,0,0.0,35.0,Never-worked,Separated,Exec-managerial,White,Male,United-States,dice,0
37.0,13.0,0,1133.0,35.0,?,Separated,Exec-managerial,White,Male,United-States,dice,0
69.0,13.0,0,0.0,35.0,Private,Separated,Exec-managerial,White,Male,United-States,dice,0
37.0,13.0,0,0.0,35.0,Self-emp-not-inc,Separated,Craft-repair,White,Male,United-States,dice,0
33.0,12.0,0,0.0,30.0,Private,Separated,Exec-managerial,White,Male,United-States,cadex,0
37.0,12.0,0,0.0,30.0,Private,Separated,Exec-managerial,White,Male,United-States,cadex,0
37.0,12.0,0,0.0,30.0,Private,Separated,Exec-managerial,White,Male,United-States,cadex,0
37.0,13.0,0,0.0,30.0,Private,Separated,Exec-managerial,White,Male,United-States,cadex,0
37.0,13.0,0,0.0,35.0,Private,Separated,Exec-managerial,White,Male,United-States,cadex,0
38.0,13.0,1573,12.0,35.0,Private,Never-married,Adm-clerical,White,Male,United-States,fimap,0
38.0,13.0,1335,8.0,35.0,Private,Never-married,Tech-support,White,Male,United-States,fimap,0
38.0,13.0,1623,17.0,34.0,Private,Married-civ-spouse,Protective-serv,White,Male,United-States,fimap,1
39.0,13.0,1566,21.0,35.0,Private,Never-married,?,White,Male,United-States,fimap,0
39.0,13.0,1880,13.0,35.0,Private,Married-civ-spouse,Tech-support,White,Male,United-States,fimap,1
39.0,13.0,1719,23.0,34.0,Private,Married-civ-spouse,Sales,White,Male,United-States,fimap,1
46.0,12.0,0,0.0,30.0,Private,Separated,Exec-managerial,White,Male,United-States,wachter,0
34.0,12.0,0,0.0,34.0,Private,Separated,Exec-managerial,White,Male,United-States,wachter,0
62.0,12.0,0,0.0,52.0,Private,Separated,Exec-managerial,White,Male,United-States,wachter,1
44.0,12.0,0,0.0,31.0,Private,Separated,Exec-managerial,White,Male,United-States,wachter,0
42.0,12.0,0,0.0,46.0,Private,Separated,Exec-managerial,White,Male,United-States,wachter,1
34.0,12.0,0,0.0,34.0,Private,Separated,Exec-managerial,White,Male,United-States,wachter,0
50.0,12.0,0,0.0,31.0,Private,Separated,Exec-managerial,White,Male,United-States,wachter,0
38.0,12.0,0,0.0,45.0,Private,Separated,Exec-managerial,White,Male,United-States,wachter,1
37.0,12.0,0,0.0,32.0,Private,Separated,Exec-managerial,White,Male,United-States,wachter,0
36.0,12.0,0,0.0,32.0,Private,Separated,Exec-managerial,White,Male,United-States,wachter,0
37.0,13.0,0,0.0,29.0,Private,Separated,Exec-managerial,White,Male,United-States,cem,0
37.0,13.0,0,0.0,35.0,Without-pay,Separated,Other-service,White,Male,Laos,cfproto,0
37.0,13.0,0,0.0,35.0,State-gov,Separated,Priv-house-serv,White,Male,Laos,cfproto,0
36.0,12.0,0,0.0,32.0,Self-emp-inc,Separated,?,Other,Female,Laos,cfproto,0
37.0,13.0,0,0.0,35.0,Private,Separated,Exec-managerial,White,Male,Hungary,cfproto,0
37.0,13.0,0,0.0,35.0,Private,Separated,Exec-managerial,White,Male,Hungary,cfproto,0
37.0,13.0,0,0.0,35.0,Private,Separated,Exec-managerial,White,Male,Poland,cfproto,0
37.0,13.0,0,0.0,35.0,Private,Separated,Exec-managerial,White,Male,Laos,cfproto,0
37.0,13.0,0,0.0,35.0,Private,Separated,Exec-managerial,White,Male,Dominican-Republic,cfproto,0
37.0,13.0,0,0.0,35.0,Private,Separated,Exec-managerial,White,Male,France,cfproto,0
37.0,13.0,0,0.0,35.0,Private,Separated,Exec-managerial,White,Male,Poland,cfproto,0
36.0,12.0,1290,203.0,34.0,?,Married-spouse-absent,Craft-repair,White,Male,United-States,growing-spheres,0
26.0,12.0,0,144.0,26.0,Never-worked,Separated,Adm-clerical,White,Male,United-States,growing-spheres,0
42.0,13.0,0,7.0,37.0,Local-gov,Separated,?,White,Male,United-States,growing-spheres,0
36.0,13.0,0,3.0,34.0,Never-worked,Married-AF-spouse,?,White,Male,United-States,growing-spheres,0
33.0,13.0,0,0.0,43.0,?,Divorced,Armed-Forces,White,Male,United-States,growing-spheres,0
37.0,13.0,0,0.0,34.0,Private,Divorced,Exec-managerial,White,Male,United-States,growing-spheres,0
37.0,13.0,4602,215.0,31.0,Local-gov,Separated,Exec-managerial,White,Male,United-States,growing-spheres,1
37.0,12.0,0,0.0,34.0,Never-worked,Divorced,Adm-clerical,White,Male,United-States,growing-spheres,0
39.0,13.0,0,391.0,22.0,Private,Married-AF-spouse,Exec-managerial,White,Male,United-States,growing-spheres,1
36.0,12.0,357,25.0,34.0,Local-gov,Separated,Adm-clerical,White,Male,United-States,growing-spheres,0
32.0,13.0,0,0.0,31.0,Self-emp-not-inc,Married-spouse-absent,Armed-Forces,White,Male,United-States,growing-spheres,0
37.0,13.0,0,21.0,35.0,?,Divorced,Craft-repair,White,Male,United-States,growing-spheres,0
40.0,13.0,1068,0.0,43.0,Self-emp-inc,Married-spouse-absent,Exec-managerial,White,Male,United-States,growing-spheres,1
37.0,12.0,47,0.0,37.0,Self-emp-not-inc,Divorced,Exec-managerial,White,Male,United-States,growing-spheres,0
40.0,12.0,5238,0.0,33.0,Federal-gov,Divorced,Armed-Forces,White,Male,United-States,growing-spheres,0
37.0,13.0,0,90.0,33.0,Private,Never-married,Craft-repair,White,Male,United-States,growing-spheres,0
24.0,12.0,0,182.0,31.0,Federal-gov,Divorced,Armed-Forces,White,Male,United-States,growing-spheres,0
36.0,12.0,0,26.0,35.0,Private,Divorced,Exec-managerial,White,Male,United-States,growing-spheres,0
38.0,13.0,5260,0.0,33.0,Never-worked,Never-married,Exec-managerial,White,Male,United-States,growing-spheres,0
34.0,13.0,8587,81.0,29.0,Private,Divorced,?,White,Male,United-States,growing-spheres,0
37.0,13.0,0,0.0,34.0,Private,Separated,Exec-managerial,White,Male,United-States,actionable-recourse,1
30.0,13.0,0,0.0,42.0,Private,Never-married,Exec-managerial,White,Male,United-States,face,0
39.0,13.0,0,0.0,39.0,Private,Never-married,Exec-managerial,White,Male,United-States,face,0
35.0,13.0,0,0.0,44.0,Private,Never-married,Exec-managerial,White,Male,United-States,face,0
38.0,13.0,0,0.0,39.0,Private,Separated,Craft-repair,White,Male,United-States,face,0
34.0,14.0,0,0.0,39.0,Private,Never-married,Exec-managerial,White,Male,United-States,face,0
34.0,13.0,0,0.0,39.0,Private,Never-married,Exec-managerial,White,Male,United-States,face,0
38.0,13.0,0,0.0,39.0,Private,Divorced,Exec-managerial,White,Male,United-States,face,0
39.0,12.0,1506,0.0,39.0,Private,Divorced,Exec-managerial,White,Male,United-States,face,0
33.0,14.0,0,0.0,39.0,Private,Never-married,Exec-managerial,White,Male,United-States,face,0
37.0,13.0,0,0.0,44.0,Private,Never-married,Exec-managerial,White,Male,United-States,face,0
