age,education.num,capital.gain,capital.loss,hours.per.week,workclass,marital.status,occupation,race,sex,native.country,explainer,income
41.0,11.0,0,0.0,87.0,Self-emp-not-inc,Divorced,Armed-Forces,White,Male,United-States,dice,0
41.0,11.0,0,0.0,17.0,State-gov,Divorced,Sales,White,Male,United-States,dice,0
41.0,11.0,0,0.0,60.0,Self-emp-not-inc,Married-AF-spouse,Sales,White,Male,United-States,dice,0
85.0,1.0,0,0.0,60.0,Self-emp-not-inc,Divorced,Sales,White,Male,United-States,dice,0
41.0,11.0,0,0.0,60.0,Local-gov,Divorced,Sales,White,Male,United-States,dice,0
87.0,11.0,0,0.0,51.0,Self-emp-not-inc,Divorced,Sales,White,Male,United-States,dice,0
41.0,11.0,0,0.0,28.0,Self-emp-not-inc,Divorced,Sales,White,Male,United-States,dice,0
41.0,11.0,0,0.0,26.0,Self-emp-not-inc,Divorced,Sales,White,Male,United-States,dice,0
21.0,11.0,0,0.0,60.0,Self-emp-not-inc,Divorced,Protective-serv,White,Male,United-States,dice,0
41.0,11.0,0,63.0,60.0,Self-emp-inc,Divorced,Sales,White,Male,United-States,dice,0
41.0,11.0,0,0.0,60.0,Self-emp-not-inc,Divorced,Priv-house-serv,White,Male,United-States,dice,0
41.0,9.0,0,0.0,60.0,Self-emp-not-inc,Divorced,Sales,White,Male,United-States,dice,0
41.0,2.0,0,0.0,60.0,Self-emp-not-inc,Divorced,Tech-support,White,Male,United-States,dice,0
41.0,11.0,0,1003.0,60.0,Self-emp-not-inc,Divorced,?,White,Male,United-States,dice,0
41.0,11.0,0,0.0,60.0,?,Divorced,Adm-clerical,White,Male,United-States,dice,0
41.0,11.0,0,0.0,21.0,Self-emp-not-inc,Divorced,Sales,White,Male,United-States,dice,0
22.0,11.0,0,0.0,93.0,Self-emp-not-inc,Divorced,Sales,White,Male,United-States,dice,0
41.0,11.0,0,0.0,56.0,Self-emp-not-inc,Divorced,Other-service,White,Male,United-States,dice,0
41.0,5.0,0,1593.0,60.0,Self-emp-not-inc,Divorced,Sales,White,Male,United-States,dice,0
52.0,11.0,0,0.0,60.0,Self-emp-not-inc,Divorced,Sales,White,Male,United-States,dice,0
37.0,10.0,0,0.0,55.0,Self-emp-not-inc,Divorced,Sales,White,Male,United-States,cadex,0
40.0,10.0,0,0.0,59.0,Private,Married-civ-spouse,Craft-repair,White,Male,United-States,fimap,1
40.0,10.0,0,0.0,57.0,Private,Married-civ-spouse,Exec-managerial,White,Male,United-States,fimap,1
41.0,10.0,0,0.0,55.0,Self-emp-not-inc,Divorced,Sales,White,Male,United-States,cadex,0
41.0,10.0,0,0.0,55.0,Self-emp-not-inc,Divorced,Sales,White,Male,United-States,cadex,0
41.0,10.0,0,0.0,60.0,Self-emp-not-inc,Divorced,Sales,White,Male,United-States,cadex,0
41.0,11.0,0,0.0,60.0,Self-emp-not-inc,Divorced,Sales,White,Male,United-States,cadex,0
41.0,11.0,390,2.0,59.0,Private,Married-civ-spouse,Machine-op-inspct,White,Male,United-States,fimap,1
41.0,10.0,62,9.0,59.0,Private,Married-civ-spouse,Adm-clerical,White,Male,United-States,fimap,1
41.0,11.0,750,4.0,59.0,Private,Divorced,Tech-support,White,Male,United-States,fimap,0
42.0,10.0,127,1.0,58.0,Private,Married-civ-spouse,Transport-moving,White,Male,United-States,fimap,1
41.0,10.0,0,0.0,58.0,Self-emp-not-inc,Divorced,Sales,White,Male,United-States,wachter,0
38.0,10.0,0,0.0,58.0,Self-emp-not-inc,Divorced,Sales,White,Male,United-States,wachter,0
41.0,10.0,0,0.0,56.0,Self-emp-not-inc,Divorced,Sales,White,Male,United-States,wachter,0
40.0,11.0,0,0.0,58.0,Self-emp-not-inc,Divorced,Sales,White,Male,United-States,wachter,0
38.0,10.0,0,0.0,57.0,Self-emp-not-inc,Divorced,Sales,White,Male,United-States,wachter,0
41.0,11.0,0,0.0,56.0,Self-emp-not-inc,Divorced,Sales,White,Male,United-States,wachter,0
42.0,10.0,0,0.0,57.0,Self-emp-not-inc,Divorced,Sales,White,Male,United-States,wachter,0
41.0,10.0,0,0.0,58.0,Self-emp-not-inc,Divorced,Sales,White,Male,United-States,wachter,0
40.0,10.0,0,0.0,55.0,Self-emp-not-inc,Divorced,Sales,White,Male,United-States,wachter,0
40.0,10.0,0,0.0,59.0,Self-emp-not-inc,Divorced,Sales,White,Male,United-States,wachter,0
41.0,11.0,0,0.0,60.0,Self-emp-not-inc,Divorced,Sales,White,Male,United-States,cem,1
41.0,11.0,0,0.0,60.0,Self-emp-not-inc,Divorced,Sales,White,Male,Ireland,cfproto,0
41.0,11.0,0,0.0,60.0,Self-emp-not-inc,Divorced,Sales,White,Male,India,cfproto,0
41.0,11.0,0,0.0,60.0,Self-emp-not-inc,Divorced,Sales,White,Male,England,cfproto,0
41.0,10.0,0,0.0,59.0,Self-emp-inc,Separated,Other-service,White,Male,Vietnam,cfproto,0
41.0,11.0,0,0.0,60.0,Self-emp-not-inc,Divorced,Sales,White,Male,Germany,cfproto,0
41.0,11.0,0,0.0,60.0,Self-emp-not-inc,Divorced,Sales,White,Male,Germany,cfproto,0
45.0,11.0,2755,114.0,51.0,?,Divorced,Handlers-cleaners,White,Male,United-States,growing-spheres,0
37.0,10.0,0,0.0,60.0,?,Divorced,Farming-fishing,White,Male,United-States,growing-spheres,0
37.0,10.0,4204,0.0,66.0,?,Divorced,Exec-managerial,White,Male,United-States,growing-spheres,1
40.0,11.0,0,173.0,54.0,Local-gov,Married-AF-spouse,Exec-managerial,White,Male,United-States,growing-spheres,0
41.0,10.0,0,1.0,62.0,?,Divorced,Craft-repair,White,Male,United-States,growing-spheres,0
48.0,10.0,0,331.0,64.0,Private,Divorced,Adm-clerical,White,Male,United-States,growing-spheres,0
40.0,11.0,3422,63.0,58.0,Local-gov,Divorced,Handlers-cleaners,White,Male,United-States,growing-spheres,0
40.0,10.0,315,83.0,59.0,Self-emp-inc,Divorced,Farming-fishing,White,Male,United-States,growing-spheres,0
40.0,10.0,0,0.0,59.0,?,Divorced,Adm-clerical,White,Male,United-States,growing-spheres,0
44.0,9.0,0,63.0,69.0,Self-emp-not-inc,Divorced,?,White,Male,United-States,growing-spheres,0
40.0,10.0,241,0.0,60.0,Self-emp-not-inc,Divorced,Armed-Forces,White,Male,United-States,growing-spheres,0
41.0,10.0,0,86.0,61.0,?,Divorced,Handlers-cleaners,White,Male,United-States,growing-spheres,0
29.0,10.0,724,0.0,64.0,Federal-gov,Never-married,Adm-clerical,White,Male,United-States,growing-spheres,0
41.0,11.0,0,0.0,59.0,Never-worked,Divorced,?,White,Male,United-States,growing-spheres,0
43.0,11.0,0,125.0,55.0,Local-gov,Divorced,Farming-fishing,White,Male,United-States,growing-spheres,0
45.0,10.0,1492,19.0,53.0,Federal-gov,Divorced,Armed-Forces,White,Male,United-States,growing-spheres,0
43.0,11.0,0,0.0,68.0,Never-worked,Divorced,?,White,Male,United-States,growing-spheres,0
42.0,11.0,558,375.0,66.0,?,Divorced,Exec-managerial,White,Male,United-States,growing-spheres,1
45.0,10.0,0,0.0,57.0,Never-worked,Divorced,Exec-managerial,White,Male,United-States,growing-spheres,0
44.0,11.0,1982,339.0,72.0,Self-emp-inc,Married-civ-spouse,Adm-clerical,White,Male,United-States,growing-spheres,1
41.0,11.0,0,0.0,59.0,Self-emp-not-inc,Divorced,Sales,White,Male,United-States,actionable-recourse,1
45.0,10.0,0,0.0,54.0,Self-emp-not-inc,Never-married,Sales,White,Male,United-States,face,0
36.0,13.0,0,0.0,59.0,Self-emp-inc,Divorced,Sales,White,Male,United-States,face,0
39.0,9.0,0,0.0,59.0,Private,Divorced,Sales,White,Male,United-States,face,0
44.0,10.0,0,0.0,59.0,Self-emp-not-inc,Separated,Sales,White,Male,United-States,face,0
38.0,9.0,0,0.0,50.0,Self-emp-not-inc,Divorced,Farming-fishing,White,Male,United-States,face,0
39.0,10.0,0,0.0,47.0,Self-emp-not-inc,Divorced,Sales,White,Male,United-States,face,0
44.0,10.0,0,0.0,59.0,Self-emp-not-inc,Separated,Sales,White,Male,United-States,face,0
49.0,12.0,0,0.0,50.0,Self-emp-not-inc,Divorced,Sales,White,Male,United-States,face,0
46.0,10.0,0,0.0,54.0,Private,Divorced,Sales,White,Male,United-States,face,0
41.0,14.0,0,0.0,5.0,Self-emp-not-inc,Divorced,Sales,White,Male,United-States,face,0
