age,education.num,capital.gain,capital.loss,hours.per.week,workclass,marital.status,occupation,race,sex,native.country,explainer,income
67.0,10.0,0.0,0.0,40.0,Self-emp-not-inc,Divorced,Transport-moving,White,Male,United-States,dice,0
67.0,10.0,0.0,0.0,40.0,State-gov,Never-married,Transport-moving,White,Male,United-States,dice,0
67.0,10.0,0.0,328.0,40.0,State-gov,Never-married,Transport-moving,White,Male,United-States,dice,0
67.0,3.0,0.0,0.0,40.0,State-gov,Married-civ-spouse,?,White,Male,United-States,dice,0
67.0,10.0,0.0,0.0,3.0,State-gov,Never-married,Transport-moving,White,Male,United-States,dice,0
67.0,10.0,0.0,1882.0,40.0,Without-pay,Married-civ-spouse,Transport-moving,White,Male,United-States,dice,0
67.0,4.0,0.0,0.0,40.0,State-gov,Married-civ-spouse,Armed-Forces,White,Male,United-States,dice,0
67.0,10.0,0.0,0.0,40.0,State-gov,Married-spouse-absent,Craft-repair,White,Male,United-States,dice,0
67.0,10.0,0.0,0.0,40.0,Without-pay,Married-civ-spouse,Transport-moving,White,Male,United-States,dice,0
67.0,10.0,0.0,0.0,40.0,Private,Separated,Transport-moving,White,Male,United-States,dice,0
67.0,12.0,0.0,0.0,40.0,Without-pay,Married-civ-spouse,Transport-moving,White,Male,United-States,dice,0
99.0,10.0,0.0,0.0,40.0,Self-emp-not-inc,Married-civ-spouse,Transport-moving,White,Male,United-States,dice,0
67.0,10.0,0.0,0.0,40.0,State-gov,Married-AF-spouse,?,White,Male,United-States,dice,0
31.0,10.0,0.0,0.0,40.0,State-gov,Married-civ-spouse,Transport-moving,White,Male,United-States,dice,0
79.0,10.0,0.0,0.0,40.0,State-gov,Married-civ-spouse,Transport-moving,White,Male,United-States,dice,0
67.0,10.0,0.0,0.0,16.0,State-gov,Married-spouse-absent,Transport-moving,White,Male,United-States,dice,0
67.0,10.0,0.0,0.0,40.0,State-gov,Widowed,Tech-support,White,Male,United-States,dice,0
35.0,10.0,0.0,0.0,10.0,State-gov,Married-civ-spouse,Transport-moving,White,Male,United-States,dice,0
18.0,10.0,2329.0,0.0,40.0,State-gov,Married-civ-spouse,Transport-moving,White,Male,United-States,dice,0
99.0,10.0,0.0,0.0,40.0,State-gov,Married-civ-spouse,Transport-moving,White,Male,United-States,dice,0
65.0,9.0,0.0,5.0,39.0,Private,Married-civ-spouse,Prof-specialty,White,Male,United-States,fimap,0
65.0,9.0,0.0,0.0,39.0,Private,Married-civ-spouse,Exec-managerial,White,Male,United-States,fimap,1
66.0,9.0,0.0,0.0,39.0,Private,Never-married,Craft-repair,White,Male,United-States,fimap,0
66.0,9.0,0.0,0.0,39.0,Private,Never-married,Sales,White,Male,United-States,fimap,0
66.0,9.0,1540.0,6.0,39.0,Private,Married-civ-spouse,Prof-specialty,White,Male,United-States,fimap,1
67.0,9.0,0.0,0.0,35.0,State-gov,Married-civ-spouse,Transport-moving,White,Male,United-States,cadex,0
67.0,9.0,0.0,0.0,35.0,State-gov,Married-civ-spouse,Transport-moving,White,Male,United-States,cadex,0
67.0,9.0,0.0,0.0,40.0,State-gov,Married-civ-spouse,Transport-moving,White,Male,United-States,cadex,0
67.0,10.0,0.0,0.0,40.0,State-gov,Married-civ-spouse,Transport-moving,White,Male,United-States,cadex,0
67.0,10.0,1717.0,13.0,39.0,Private,Never-married,Protective-serv,White,Male,United-States,fimap,0
70.0,9.0,0.0,0.0,35.0,State-gov,Married-civ-spouse,Transport-moving,White,Male,United-States,cadex,0
67.0,9.0,0.0,0.0,39.0,State-gov,Married-civ-spouse,Transport-moving,White,Male,United-States,wachter,1
67.0,9.0,0.0,0.0,39.0,State-gov,Married-civ-spouse,Transport-moving,White,Male,United-States,wachter,1
67.0,9.0,0.0,0.0,37.0,State-gov,Married-civ-spouse,Transport-moving,White,Male,United-States,wachter,1
66.0,9.0,0.0,0.0,37.0,State-gov,Married-civ-spouse,Transport-moving,White,Male,United-States,wachter,1
67.0,9.0,0.0,0.0,39.0,State-gov,Married-civ-spouse,Transport-moving,White,Male,United-States,wachter,1
67.0,9.0,0.0,0.0,39.0,State-gov,Married-civ-spouse,Transport-moving,White,Male,United-States,wachter,1
67.0,9.0,0.0,0.0,38.0,State-gov,Married-civ-spouse,Transport-moving,White,Male,United-States,wachter,1
67.0,9.0,0.0,0.0,38.0,State-gov,Married-civ-spouse,Transport-moving,White,Male,United-States,wachter,1
68.0,9.0,0.0,0.0,39.0,State-gov,Married-civ-spouse,Transport-moving,White,Male,United-States,wachter,1
67.0,10.0,0.0,0.0,39.0,State-gov,Married-civ-spouse,Transport-moving,White,Male,United-States,wachter,1
67.0,9.0,0.0,0.0,37.0,State-gov,Married-civ-spouse,Transport-moving,White,Male,United-States,cem,1
67.0,10.0,0.0,0.0,40.0,State-gov,Married-civ-spouse,Transport-moving,White,Male,Germany,cfproto,0
67.0,10.0,0.0,0.0,40.0,State-gov,Married-civ-spouse,Transport-moving,White,Male,Canada,cfproto,0
67.0,10.0,0.0,0.0,40.0,State-gov,Married-civ-spouse,Transport-moving,White,Male,Germany,cfproto,0
67.0,10.0,0.0,0.0,40.0,State-gov,Married-civ-spouse,Transport-moving,White,Male,Canada,cfproto,0
67.0,10.0,0.0,0.0,40.0,State-gov,Married-civ-spouse,Transport-moving,White,Male,Poland,cfproto,0
67.0,10.0,0.0,0.0,40.0,State-gov,Married-civ-spouse,Transport-moving,White,Male,Germany,cfproto,0
67.0,10.0,0.0,0.0,40.0,State-gov,Married-civ-spouse,Transport-moving,White,Male,Germany,cfproto,0
67.0,10.0,0.0,0.0,40.0,Self-emp-not-inc,Married-civ-spouse,Tech-support,White,Male,Japan,cfproto,0
67.0,9.0,0.0,0.0,39.0,Self-emp-inc,Married-spouse-absent,Other-service,White,Male,Thailand,cfproto,0
67.0,10.0,0.0,0.0,40.0,State-gov,Married-civ-spouse,Transport-moving,White,Male,Germany,cfproto,0
68.0,9.0,0.0,0.0,44.0,Federal-gov,Married-civ-spouse,?,White,Male,United-States,growing-spheres,0
67.0,9.0,0.0,8.0,43.0,?,Married-civ-spouse,Priv-house-serv,White,Male,United-States,growing-spheres,0
70.0,8.0,0.0,0.0,33.0,Federal-gov,Married-spouse-absent,Adm-clerical,White,Male,United-States,growing-spheres,0
63.0,10.0,0.0,49.0,29.0,Self-emp-not-inc,Divorced,Machine-op-inspct,White,Male,United-States,growing-spheres,0
67.0,9.0,0.0,0.0,40.0,Federal-gov,Divorced,Craft-repair,White,Male,United-States,growing-spheres,0
66.0,9.0,651.0,27.0,39.0,State-gov,Divorced,Adm-clerical,White,Male,United-States,growing-spheres,0
65.0,10.0,0.0,0.0,38.0,Never-worked,Divorced,Craft-repair,White,Male,United-States,growing-spheres,0
64.0,9.0,0.0,54.0,39.0,Never-worked,Married-civ-spouse,Exec-managerial,White,Male,United-States,growing-spheres,0
63.0,10.0,0.0,0.0,44.0,State-gov,Married-spouse-absent,Armed-Forces,White,Male,United-States,growing-spheres,0
66.0,10.0,0.0,46.0,40.0,Self-emp-inc,Married-spouse-absent,Adm-clerical,White,Male,United-States,growing-spheres,0
69.0,9.0,2666.0,67.0,38.0,Never-worked,Married-civ-spouse,Armed-Forces,White,Male,United-States,growing-spheres,0
66.0,9.0,0.0,23.0,39.0,?,Married-civ-spouse,Craft-repair,White,Male,United-States,growing-spheres,0
67.0,9.0,119.0,0.0,40.0,Private,Married-civ-spouse,?,White,Male,United-States,growing-spheres,0
66.0,10.0,0.0,0.0,38.0,Federal-gov,Married-civ-spouse,?,White,Male,United-States,growing-spheres,0
66.0,9.0,779.0,0.0,40.0,Private,Married-civ-spouse,Craft-repair,White,Male,United-States,growing-spheres,1
69.0,9.0,881.0,0.0,45.0,Self-emp-not-inc,Married-civ-spouse,Exec-managerial,White,Male,United-States,growing-spheres,0
68.0,10.0,0.0,0.0,39.0,State-gov,Divorced,Adm-clerical,White,Male,United-States,growing-spheres,0
64.0,10.0,0.0,17.0,44.0,Federal-gov,Married-civ-spouse,Protective-serv,White,Male,United-States,growing-spheres,1
67.0,10.0,0.0,0.0,40.0,?,Married-AF-spouse,Adm-clerical,White,Male,United-States,growing-spheres,0
65.0,10.0,426.0,0.0,36.0,Never-worked,Married-civ-spouse,Armed-Forces,White,Male,United-States,growing-spheres,0
62.0,9.0,0.0,0.0,29.0,Self-emp-not-inc,Married-civ-spouse,Transport-moving,White,Male,United-States,face,0
58.0,9.0,0.0,0.0,39.0,Self-emp-not-inc,Married-civ-spouse,Transport-moving,White,Male,United-States,face,0
53.0,6.0,0.0,0.0,39.0,State-gov,Married-civ-spouse,Transport-moving,White,Male,United-States,face,0
30.0,7.0,0.0,0.0,39.0,State-gov,Married-civ-spouse,Transport-moving,White,Male,United-States,face,0
62.0,9.0,0.0,0.0,29.0,Self-emp-not-inc,Married-civ-spouse,Transport-moving,White,Male,United-States,face,0
52.0,10.0,0.0,0.0,39.0,Local-gov,Married-civ-spouse,Transport-moving,White,Male,United-States,face,0
58.0,9.0,0.0,0.0,44.0,Local-gov,Married-civ-spouse,Transport-moving,White,Male,United-States,face,0
58.0,4.0,0.0,0.0,39.0,State-gov,Married-civ-spouse,Transport-moving,White,Male,United-States,face,0
66.0,4.0,0.0,0.0,34.0,State-gov,Married-civ-spouse,Transport-moving,White,Male,United-States,face,0
69.0,10.0,0.0,0.0,15.0,State-gov,Married-civ-spouse,Transport-moving,White,Male,United-States,face,0
