age,education.num,capital.gain,capital.loss,hours.per.week,workclass,marital.status,occupation,race,sex,native.country,explainer,income
27.0,12.0,56727.0,969.0,40.0,Private,Never-married,Sales,White,Female,United-States,dice,1
27.0,6.0,68772.0,0.0,40.0,Private,Never-married,Sales,White,Female,United-States,dice,1
27.0,12.0,0.0,0.0,40.0,Federal-gov,Married-civ-spouse,Sales,White,Female,United-States,dice,1
27.0,12.0,0.0,2618.0,40.0,Private,Married-AF-spouse,Sales,White,Female,United-States,dice,1
27.0,12.0,43359.0,0.0,40.0,Private,Married-spouse-absent,Sales,White,Female,United-States,dice,1
27.0,12.0,11293.0,0.0,40.0,Private,Never-married,Sales,White,Female,United-States,dice,1
27.0,12.0,27026.0,0.0,40.0,Private,Never-married,Sales,White,Female,United-States,dice,1
27.0,16.0,0.0,0.0,92.0,Private,Never-married,Sales,White,Female,United-States,dice,1
27.0,12.0,35018.0,0.0,40.0,Private,Never-married,Sales,White,Female,United-States,dice,1
27.0,12.0,41342.0,0.0,40.0,Private,Divorced,Sales,White,Female,United-States,dice,1
27.0,12.0,31191.0,0.0,40.0,Private,Never-married,Transport-moving,White,Female,United-States,dice,1
41.0,12.0,0.0,3042.0,40.0,Private,Never-married,Sales,White,Female,United-States,dice,1
27.0,12.0,27066.0,0.0,40.0,Private,Married-spouse-absent,Sales,White,Female,United-States,dice,1
27.0,15.0,0.0,4036.0,40.0,Private,Never-married,Sales,White,Female,United-States,dice,1
27.0,12.0,19185.0,0.0,40.0,Private,Never-married,Protective-serv,White,Female,United-States,dice,1
27.0,12.0,37172.0,0.0,63.0,Private,Never-married,Sales,White,Female,United-States,dice,1
27.0,12.0,71962.0,0.0,40.0,Private,Never-married,Sales,White,Female,United-States,dice,1
27.0,12.0,81391.0,3058.0,40.0,Private,Never-married,Sales,White,Female,United-States,dice,1
27.0,12.0,19609.0,0.0,81.0,Private,Never-married,Sales,White,Female,United-States,dice,1
27.0,12.0,77167.0,0.0,13.0,Private,Never-married,Sales,White,Female,United-States,dice,1
27.0,12.0,9994.0,0.0,40.0,Private,Never-married,Sales,White,Female,United-States,cadex,1
31.0,12.0,4394.0,33.0,41.0,Private,Married-civ-spouse,Craft-repair,White,Female,United-States,fimap,1
31.0,12.0,4721.0,37.0,41.0,Private,Married-civ-spouse,Craft-repair,White,Female,United-States,fimap,1
31.0,12.0,4910.0,37.0,41.0,Private,Never-married,Exec-managerial,White,Female,United-States,fimap,0
31.0,13.0,7692.0,77.0,42.0,Private,Married-civ-spouse,Prof-specialty,White,Female,United-States,fimap,1
32.0,12.0,5806.0,50.0,42.0,Private,Divorced,Adm-clerical,White,Female,United-States,fimap,0
32.0,13.0,7881.0,82.0,42.0,Private,Married-civ-spouse,Farming-fishing,White,Female,United-States,fimap,1
33.0,13.0,8845.0,0.0,48.0,Private,Never-married,Sales,White,Female,United-States,cadex,1
33.0,13.0,8815.0,400.0,48.0,Private,Never-married,Sales,White,Female,United-States,cadex,1
33.0,13.0,9089.0,0.0,48.0,Private,Never-married,Sales,White,Female,United-States,cadex,1
33.0,12.0,9229.0,0.0,48.0,Private,Never-married,Sales,White,Female,United-States,cadex,1
33.0,12.0,9414.0,0.0,48.0,Private,Never-married,Sales,White,Female,United-States,cadex,1
33.0,12.0,9541.0,0.0,40.0,Private,Never-married,Sales,White,Female,United-States,cadex,1
33.0,12.0,9847.0,0.0,40.0,Private,Never-married,Sales,White,Female,United-States,cadex,1
27.0,11.0,8605.0,0.0,40.0,Private,Never-married,Sales,White,Female,United-States,wachter,0
47.0,11.0,1856.0,0.0,57.0,Private,Never-married,Sales,White,Female,United-States,wachter,0
40.0,11.0,5178.0,0.0,39.0,Private,Never-married,Sales,White,Female,United-States,wachter,0
33.0,11.0,6781.0,0.0,40.0,Private,Never-married,Sales,White,Female,United-States,wachter,0
49.0,12.0,1866.0,0.0,55.0,Private,Never-married,Sales,White,Female,United-States,wachter,1
47.0,12.0,53.0,0.0,70.0,Private,Never-married,Sales,White,Female,United-States,wachter,0
33.0,11.0,6529.0,0.0,41.0,Private,Never-married,Sales,White,Female,United-States,wachter,0
43.0,12.0,1401.0,0.0,64.0,Private,Never-married,Sales,White,Female,United-States,wachter,0
32.0,12.0,6629.0,0.0,44.0,Private,Never-married,Sales,White,Female,United-States,wachter,1
27.0,12.0,8771.0,0.0,40.0,Private,Never-married,Sales,White,Female,United-States,wachter,1
27.0,12.0,10439.0,0.0,40.0,Private,Never-married,Sales,White,Female,United-States,cem,1
24.0,12.0,24458.0,0.0,40.0,Self-emp-inc,Never-married,Sales,White,Female,Trinadad&Tobago,cfproto,1
27.0,12.0,13564.0,0.0,40.0,Self-emp-not-inc,Never-married,Protective-serv,White,Female,El-Salvador,cfproto,1
23.0,12.0,41648.0,0.0,40.0,Self-emp-inc,Never-married,Sales,White,Female,India,cfproto,1
25.0,12.0,14969.0,0.0,40.0,Self-emp-inc,Never-married,Protective-serv,White,Female,United-States,cfproto,1
34.0,12.0,32111.0,0.0,42.0,?,Never-married,Protective-serv,White,Female,Outlying-US(Guam-USVI-etc),cfproto,1
23.0,12.0,33519.0,0.0,40.0,Self-emp-inc,Never-married,Sales,White,Female,India,cfproto,1
27.0,12.0,18582.0,0.0,40.0,Private,Never-married,Sales,White,Female,Ireland,cfproto,1
27.0,12.0,13564.0,0.0,40.0,Self-emp-not-inc,Never-married,Protective-serv,White,Female,El-Salvador,cfproto,1
41.0,11.0,22034.0,0.0,26.0,Local-gov,Married-civ-spouse,Adm-clerical,White,Female,United-States,growing-spheres,1
51.0,13.0,30323.0,611.0,18.0,?,Divorced,Craft-repair,White,Female,United-States,growing-spheres,1
36.0,14.0,29555.0,0.0,28.0,?,Married-civ-spouse,Farming-fishing,White,Female,United-States,growing-spheres,1
31.0,11.0,31129.0,103.0,32.0,?,Divorced,Exec-managerial,White,Female,United-States,growing-spheres,1
23.0,14.0,44608.0,984.0,34.0,Private,Married-AF-spouse,?,White,Female,United-States,growing-spheres,1
31.0,10.0,19921.0,1173.0,63.0,Federal-gov,Married-AF-spouse,Sales,White,Female,United-States,growing-spheres,1
37.0,11.0,27580.0,0.0,61.0,Never-worked,Divorced,Exec-managerial,White,Female,United-States,growing-spheres,1
24.0,11.0,29216.0,192.0,24.0,Private,Divorced,Exec-managerial,White,Female,United-States,growing-spheres,1
40.0,14.0,20529.0,0.0,54.0,?,Married-civ-spouse,Armed-Forces,White,Female,United-States,growing-spheres,1
17.0,12.0,30569.0,0.0,39.0,Federal-gov,Married-AF-spouse,Other-service,White,Female,United-States,growing-spheres,1
59.0,10.0,27530.0,0.0,33.0,?,Married-AF-spouse,Machine-op-inspct,White,Female,United-States,growing-spheres,1
36.0,14.0,22367.0,0.0,44.0,Federal-gov,Divorced,Adm-clerical,White,Female,United-States,growing-spheres,1
23.0,13.0,24173.0,271.0,38.0,Local-gov,Divorced,Exec-managerial,White,Female,United-States,growing-spheres,1
26.0,12.0,31281.0,702.0,52.0,Local-gov,Married-AF-spouse,?,White,Female,United-States,growing-spheres,1
33.0,16.0,12033.0,234.0,33.0,Federal-gov,Married-AF-spouse,?,White,Female,United-States,growing-spheres,1
22.0,14.0,35722.0,638.0,17.0,?,Married-spouse-absent,Craft-repair,White,Female,United-States,growing-spheres,1
31.0,14.0,10182.0,0.0,60.0,Federal-gov,Married-civ-spouse,Armed-Forces,White,Female,United-States,growing-spheres,1
42.0,13.0,34786.0,0.0,23.0,Self-emp-inc,Married-spouse-absent,Exec-managerial,White,Female,United-States,growing-spheres,1
24.0,13.0,28584.0,0.0,37.0,?,Divorced,Adm-clerical,White,Female,United-States,growing-spheres,1
21.0,13.0,17302.0,0.0,59.0,Federal-gov,Divorced,Adm-clerical,White,Female,United-States,growing-spheres,1
27.0,12.0,0.0,0.0,39.0,Private,Married-AF-spouse,?,White,Female,United-States,actionable-recourse,0
36.0,14.0,14083.0,0.0,39.0,Private,Never-married,Exec-managerial,White,Female,United-States,face,1
29.0,13.0,8614.0,0.0,39.0,Private,Never-married,Prof-specialty,White,Female,United-States,face,1
35.0,13.0,8614.0,0.0,44.0,Private,Never-married,Sales,White,Female,United-States,face,1
38.0,13.0,0.0,2444.0,44.0,Private,Never-married,Sales,White,Female,United-States,face,1
33.0,13.0,0.0,0.0,44.0,Private,Married-civ-spouse,Sales,White,Female,United-States,face,1
38.0,13.0,0.0,2444.0,44.0,Private,Never-married,Sales,White,Female,United-States,face,1
30.0,10.0,0.0,0.0,39.0,Private,Married-civ-spouse,Sales,White,Female,United-States,face,0
33.0,13.0,10520.0,0.0,44.0,Private,Never-married,Prof-specialty,White,Female,United-States,face,1
36.0,13.0,0.0,0.0,34.0,Private,Married-civ-spouse,Sales,White,Female,United-States,face,1
35.0,13.0,0.0,0.0,50.0,Private,Never-married,Sales,White,Male,United-States,face,1
