age,education.num,capital.gain,capital.loss,hours.per.week,workclass,marital.status,occupation,race,sex,native.country,explainer,income
43,9,95915.0,0.0,30.0,Private,Separated,Prof-specialty,White,Female,United-States,dice,1
43,9,67096.0,0.0,65.0,Private,Separated,Sales,White,Female,United-States,dice,1
43,9,58990.0,0.0,30.0,?,Separated,Sales,White,Female,United-States,dice,1
43,9,0.0,2549.0,30.0,Private,Married-AF-spouse,Sales,White,Female,United-States,dice,1
43,9,72079.0,0.0,90.0,Private,Separated,Sales,White,Female,United-States,dice,1
43,9,64158.0,0.0,30.0,Private,Separated,Sales,White,Female,United-States,dice,1
43,9,65584.0,0.0,30.0,Never-worked,Separated,Sales,White,Female,United-States,dice,1
43,9,23100.0,0.0,63.0,Private,Separated,Sales,White,Female,United-States,dice,1
43,9,0.0,0.0,60.0,Private,Married-civ-spouse,Sales,White,Female,United-States,dice,1
43,9,28331.0,0.0,30.0,Private,Married-spouse-absent,Sales,White,Female,United-States,dice,1
43,9,35312.0,0.0,30.0,Private,Separated,Farming-fishing,White,Female,United-States,dice,1
43,9,62969.0,0.0,30.0,Private,Separated,Sales,White,Female,United-States,dice,1
43,9,33082.0,0.0,30.0,Private,Separated,Sales,White,Female,United-States,dice,1
43,9,90786.0,0.0,9.0,Private,Separated,Sales,White,Female,United-States,dice,1
43,9,54540.0,0.0,23.0,Private,Separated,Sales,White,Female,United-States,dice,1
43,9,80283.0,0.0,30.0,Private,Married-civ-spouse,Sales,White,Female,United-States,dice,1
43,9,91337.0,0.0,30.0,Federal-gov,Separated,Sales,White,Female,United-States,dice,1
43,9,23060.0,386.0,30.0,Private,Separated,Sales,White,Female,United-States,dice,1
43,9,97357.0,0.0,30.0,Private,Separated,Sales,White,Female,United-States,dice,1
43,9,98606.0,0.0,30.0,Private,Widowed,Sales,White,Female,United-States,dice,1
42,9,6197.0,42.0,32.0,Private,Married-civ-spouse,Handlers-cleaners,White,Female,United-States,fimap,1
42,9,5746.0,37.0,32.0,Private,Married-civ-spouse,Prof-specialty,White,Female,United-States,fimap,1
42,10,7654.0,49.0,32.0,Private,Married-civ-spouse,Transport-moving,White,Female,United-States,fimap,1
42,9,5940.0,39.0,32.0,Private,Never-married,Tech-support,White,Female,United-States,fimap,0
43,9,14725.0,0.0,44.0,Private,Separated,Sales,White,Female,United-States,cadex,1
43,9,14837.0,0.0,30.0,Private,Separated,Sales,White,Female,United-States,cadex,1
43,10,13355.0,0.0,42.0,Private,Separated,Sales,White,Female,United-States,cadex,1
43,11,13820.0,0.0,43.0,Private,Separated,Sales,White,Female,United-States,cadex,1
43,11,14592.0,0.0,43.0,Private,Separated,Sales,White,Female,United-States,cadex,1
43,10,11423.0,74.0,33.0,Private,Married-civ-spouse,Sales,White,Female,United-States,fimap,1
45,10,11292.0,84.0,33.0,Private,Married-civ-spouse,Prof-specialty,White,Female,United-States,fimap,1
50,10,12851.0,0.0,41.0,Private,Separated,Sales,White,Female,United-States,cadex,1
50,10,12672.0,561.0,41.0,Private,Separated,Sales,White,Female,United-States,cadex,1
51,10,13220.0,0.0,42.0,Private,Separated,Sales,White,Female,United-States,cadex,1
42,9,14455.0,0.0,29.0,Private,Separated,Sales,White,Female,United-States,wachter,1
42,8,14548.0,0.0,30.0,Private,Separated,Sales,White,Female,United-States,wachter,0
42,8,14452.0,0.0,30.0,Private,Separated,Sales,White,Female,United-States,wachter,0
43,9,14427.0,0.0,30.0,Private,Separated,Sales,White,Female,United-States,wachter,1
42,8,14443.0,0.0,30.0,Private,Separated,Sales,White,Female,United-States,wachter,0
42,9,14510.0,0.0,29.0,Private,Separated,Sales,White,Female,United-States,wachter,1
43,8,14619.0,0.0,29.0,Private,Separated,Sales,White,Female,United-States,wachter,0
42,9,14418.0,3.0,29.0,Private,Separated,Sales,White,Female,United-States,wachter,0
44,8,14303.0,0.0,31.0,Private,Separated,Sales,White,Female,United-States,wachter,0
42,9,14412.0,0.0,30.0,Private,Separated,Sales,White,Female,United-States,wachter,1
43,9,16216.0,0.0,30.0,Private,Separated,Sales,White,Female,United-States,cem,1
43,10,53722.0,37.0,37.0,?,Never-married,Protective-serv,Other,Female,Outlying-US(Guam-USVI-etc),cfproto,1
43,9,32623.0,0.0,41.0,Self-emp-inc,Separated,Sales,White,Female,China,cfproto,1
43,10,46889.0,0.0,46.0,Self-emp-inc,Separated,Sales,White,Female,Vietnam,cfproto,1
43,8,33417.0,0.0,27.0,Self-emp-inc,Separated,Sales,White,Female,Thailand,cfproto,1
43,8,33417.0,0.0,27.0,Self-emp-inc,Separated,Sales,White,Female,Thailand,cfproto,1
31,7,40682.0,1111.0,34.0,Private,Married-AF-spouse,Adm-clerical,White,Female,United-States,growing-spheres,1
48,11,10565.0,455.0,61.0,Self-emp-inc,Married-AF-spouse,?,White,Female,United-States,growing-spheres,1
43,7,28984.0,560.0,15.0,Federal-gov,Married-AF-spouse,Armed-Forces,White,Female,United-States,growing-spheres,1
42,8,34940.0,878.0,57.0,Local-gov,Never-married,?,White,Female,United-States,growing-spheres,1
57,9,27483.0,432.0,37.0,?,Married-AF-spouse,Machine-op-inspct,White,Female,United-States,growing-spheres,1
37,11,21817.0,0.0,38.0,Private,Married-civ-spouse,Adm-clerical,White,Female,United-States,growing-spheres,1
49,11,29563.0,0.0,30.0,Private,Married-civ-spouse,Adm-clerical,White,Female,United-States,growing-spheres,1
54,11,47017.0,855.0,47.0,?,Divorced,?,White,Female,United-States,growing-spheres,1
34,8,43794.0,1399.0,33.0,Self-emp-inc,Married-spouse-absent,Armed-Forces,White,Female,United-States,growing-spheres,1
44,7,14531.0,920.0,44.0,Private,Married-AF-spouse,Farming-fishing,White,Female,United-States,growing-spheres,1
37,8,33450.0,466.0,1.0,Federal-gov,Divorced,Protective-serv,White,Female,United-States,growing-spheres,1
69,12,24285.0,497.0,57.0,Private,Married-AF-spouse,?,White,Female,United-States,growing-spheres,1
50,11,32806.0,0.0,38.0,Self-emp-not-inc,Married-AF-spouse,Adm-clerical,White,Female,United-States,growing-spheres,1
62,11,37967.0,0.0,27.0,Federal-gov,Never-married,Armed-Forces,White,Female,United-States,growing-spheres,1
37,9,17965.0,0.0,22.0,State-gov,Married-AF-spouse,Adm-clerical,White,Female,United-States,growing-spheres,1
50,8,7712.0,0.0,41.0,?,Married-AF-spouse,Exec-managerial,White,Female,United-States,growing-spheres,1
65,12,42386.0,0.0,43.0,Federal-gov,Divorced,Craft-repair,White,Female,United-States,growing-spheres,1
45,7,31870.0,331.0,42.0,Federal-gov,Married-civ-spouse,?,White,Female,United-States,growing-spheres,1
47,10,33633.0,345.0,19.0,Federal-gov,Divorced,Adm-clerical,White,Female,United-States,growing-spheres,1
52,9,49313.0,0.0,19.0,Local-gov,Widowed,?,White,Female,United-States,growing-spheres,1
44,9,0.0,0.0,39.0,Private,Married-civ-spouse,Sales,White,Female,United-States,face,1
39,13,0.0,0.0,29.0,Private,Married-civ-spouse,Sales,White,Female,United-States,face,1
44,9,0.0,0.0,39.0,Private,Married-civ-spouse,Sales,White,Female,United-States,face,1
45,9,0.0,0.0,34.0,Private,Married-civ-spouse,Sales,White,Female,United-States,face,1
44,9,0.0,0.0,39.0,Private,Married-civ-spouse,Sales,White,Female,United-States,face,1
45,9,0.0,0.0,34.0,Private,Married-civ-spouse,Sales,White,Female,United-States,face,1
50,10,0.0,0.0,38.0,Private,Married-civ-spouse,Sales,White,Female,United-States,face,1
39,10,0.0,0.0,44.0,Private,Married-civ-spouse,Sales,White,Female,United-States,face,1
53,13,13549.0,0.0,43.0,Private,Divorced,Sales,White,Female,United-States,face,1
35,13,8614.0,0.0,44.0,Private,Never-married,Sales,White,Female,United-States,face,1
