age,education.num,capital.gain,capital.loss,hours.per.week,workclass,marital.status,occupation,race,sex,native.country,explainer,income
34.0,2.0,15024.0,0.0,40.0,Never-worked,Married-civ-spouse,Sales,White,Male,United-States,dice,0
34.0,13.0,5807.0,0.0,40.0,Private,Married-civ-spouse,Priv-house-serv,White,Male,United-States,dice,0
34.0,11.0,15024.0,0.0,40.0,Private,Married-civ-spouse,Priv-house-serv,White,Male,United-States,dice,0
34.0,13.0,15024.0,0.0,40.0,Without-pay,Married-civ-spouse,Sales,White,Male,United-States,dice,0
34.0,13.0,1749.0,0.0,40.0,Private,Married-spouse-absent,Sales,White,Male,United-States,dice,0
34.0,1.0,10632.0,0.0,40.0,Private,Married-civ-spouse,Sales,White,Male,United-States,dice,0
34.0,13.0,15024.0,0.0,40.0,Without-pay,Married-AF-spouse,Sales,White,Male,United-States,dice,0
34.0,5.0,2319.0,0.0,40.0,Private,Married-civ-spouse,Sales,White,Male,United-States,dice,0
61.0,13.0,15024.0,0.0,40.0,Without-pay,Married-civ-spouse,Sales,White,Male,United-States,dice,0
34.0,4.0,15024.0,0.0,40.0,Without-pay,Married-civ-spouse,Sales,White,Male,United-States,dice,0
34.0,13.0,15024.0,532.0,40.0,Private,Married-civ-spouse,Priv-house-serv,White,Male,United-States,dice,0
20.0,13.0,15024.0,0.0,40.0,Without-pay,Married-civ-spouse,Sales,White,Male,United-States,dice,0
34.0,16.0,15024.0,0.0,40.0,Private,Married-civ-spouse,Priv-house-serv,White,Male,United-States,dice,0
34.0,13.0,7350.0,0.0,40.0,Never-worked,Married-civ-spouse,Sales,White,Male,United-States,dice,0
34.0,13.0,15024.0,0.0,40.0,Without-pay,Divorced,Sales,White,Male,United-States,dice,0
34.0,1.0,15024.0,0.0,40.0,Private,Never-married,Sales,White,Male,United-States,dice,0
34.0,13.0,15024.0,0.0,4.0,Without-pay,Married-civ-spouse,Sales,White,Male,United-States,dice,0
34.0,2.0,15024.0,0.0,40.0,Private,Married-civ-spouse,Armed-Forces,White,Male,United-States,dice,0
34.0,5.0,15024.0,0.0,40.0,Without-pay,Married-civ-spouse,Sales,White,Male,United-States,dice,0
34.0,13.0,15024.0,0.0,40.0,Without-pay,Married-civ-spouse,Sales,White,Male,United-States,dice,0
19.0,10.0,0.0,0.0,32.0,Private,Married-civ-spouse,Machine-op-inspct,White,Male,United-States,fimap,0
19.0,10.0,0.0,0.0,32.0,Private,Never-married,Craft-repair,White,Male,United-States,fimap,0
22.0,11.0,2363.0,0.0,34.0,Private,Married-civ-spouse,Craft-repair,White,Male,United-States,fimap,0
25.0,10.0,1139.0,0.0,27.0,Private,Married-civ-spouse,Sales,White,Male,United-States,cadex,0
29.0,11.0,3803.0,0.0,34.0,Private,Married-civ-spouse,Tech-support,White,Male,United-States,fimap,1
30.0,11.0,3121.0,0.0,34.0,Private,Married-civ-spouse,Other-service,White,Male,United-States,fimap,0
30.0,11.0,3287.0,0.0,35.0,Private,Married-civ-spouse,Exec-managerial,White,Male,United-States,fimap,1
34.0,10.0,0.0,0.0,40.0,Private,Married-civ-spouse,Sales,White,Male,United-States,cadex,0
34.0,10.0,0.0,0.0,40.0,Private,Married-civ-spouse,Sales,White,Male,United-States,cadex,0
34.0,10.0,0.0,0.0,40.0,Private,Married-civ-spouse,Sales,White,Male,United-States,cadex,0
34.0,10.0,1107.0,0.0,26.0,Private,Married-civ-spouse,Sales,White,Male,United-States,cadex,0
34.0,13.0,0.0,0.0,40.0,Private,Married-civ-spouse,Sales,White,Male,United-States,cadex,0
34.0,13.0,0.0,0.0,40.0,Private,Married-civ-spouse,Sales,White,Male,United-States,cadex,0
34.0,13.0,0.0,0.0,40.0,Private,Married-civ-spouse,Sales,White,Male,United-States,cadex,0
32.0,9.0,0.0,0.0,40.0,Private,Married-civ-spouse,Sales,White,Male,United-States,wachter,0
31.0,13.0,0.0,0.0,37.0,Private,Married-civ-spouse,Sales,White,Male,United-States,wachter,1
28.0,12.0,0.0,0.0,40.0,Private,Married-civ-spouse,Sales,White,Male,United-States,wachter,1
35.0,9.0,0.0,0.0,39.0,Private,Married-civ-spouse,Sales,White,Male,United-States,wachter,1
32.0,9.0,0.0,0.0,37.0,Private,Married-civ-spouse,Sales,White,Male,United-States,wachter,0
54.0,9.0,0.0,0.0,35.0,Private,Married-civ-spouse,Sales,White,Male,United-States,wachter,1
30.0,10.0,0.0,0.0,39.0,Private,Married-civ-spouse,Sales,White,Male,United-States,wachter,0
30.0,11.0,0.0,0.0,98.0,Private,Married-civ-spouse,Sales,White,Male,United-States,wachter,1
69.0,9.0,0.0,0.0,64.0,Self-emp-not-inc,Married-civ-spouse,Transport-moving,White,Male,United-States,wachter,0
23.0,12.0,0.0,0.0,39.0,Private,Married-civ-spouse,Sales,White,Male,United-States,wachter,0
17.0,13.0,15024.0,0.0,40.0,Private,Married-civ-spouse,Sales,White,Male,United-States,cem,1
32.0,13.0,13459.0,0.0,40.0,Without-pay,Married-civ-spouse,Other-service,White,Male,Dominican-Republic,cfproto,0
39.0,7.0,15470.0,0.0,48.0,Without-pay,Married-spouse-absent,Sales,White,Male,Jamaica,cfproto,0
34.0,15.0,15024.0,0.0,37.0,Without-pay,Divorced,Other-service,White,Male,Outlying-US(Guam-USVI-etc),cfproto,0
38.0,8.0,14624.0,0.0,50.0,Without-pay,Married-spouse-absent,Protective-serv,White,Male,Outlying-US(Guam-USVI-etc),cfproto,0
24.0,12.0,0.0,0.0,34.0,Self-emp-inc,Married-civ-spouse,?,Other,Male,Laos,cfproto,0
34.0,15.0,15024.0,0.0,37.0,Without-pay,Married-civ-spouse,Sales,White,Male,Guatemala,cfproto,0
32.0,14.0,15024.0,0.0,43.0,?,Married-spouse-absent,Handlers-cleaners,White,Male,Outlying-US(Guam-USVI-etc),cfproto,0
32.0,13.0,15024.0,0.0,46.0,?,Married-spouse-absent,Protective-serv,White,Male,Outlying-US(Guam-USVI-etc),cfproto,0
34.0,13.0,14243.0,0.0,47.0,Without-pay,Married-civ-spouse,Other-service,White,Male,?,cfproto,0
32.0,13.0,13459.0,0.0,40.0,Without-pay,Married-civ-spouse,Other-service,White,Male,Dominican-Republic,cfproto,0
41.0,11.0,7792.0,312.0,42.0,?,Divorced,Armed-Forces,White,Male,United-States,growing-spheres,0
32.0,12.0,12642.0,0.0,39.0,Local-gov,Married-civ-spouse,?,White,Male,United-States,growing-spheres,1
35.0,12.0,17134.0,16.0,41.0,?,Married-AF-spouse,Sales,White,Male,United-States,growing-spheres,1
31.0,13.0,17642.0,0.0,38.0,?,Divorced,Handlers-cleaners,White,Male,United-States,growing-spheres,1
27.0,13.0,14109.0,0.0,32.0,Local-gov,Married-AF-spouse,Adm-clerical,White,Male,United-States,growing-spheres,1
33.0,13.0,7295.0,144.0,39.0,Federal-gov,Married-AF-spouse,?,White,Male,United-States,growing-spheres,1
34.0,13.0,15201.0,5.0,39.0,?,Divorced,Armed-Forces,White,Male,United-States,growing-spheres,1
29.0,12.0,14117.0,202.0,41.0,Private,Married-civ-spouse,Adm-clerical,White,Male,United-States,growing-spheres,1
32.0,12.0,13013.0,0.0,39.0,Private,Married-AF-spouse,Adm-clerical,White,Male,United-States,growing-spheres,1
30.0,13.0,4321.0,281.0,38.0,Local-gov,Married-civ-spouse,?,White,Male,United-States,growing-spheres,1
34.0,13.0,14956.0,4.0,40.0,?,Divorced,?,White,Male,United-States,growing-spheres,1
34.0,13.0,15021.0,0.0,40.0,Private,Married-civ-spouse,Adm-clerical,White,Male,United-States,growing-spheres,1
29.0,13.0,20413.0,0.0,34.0,Private,Married-civ-spouse,?,White,Male,United-States,growing-spheres,1
33.0,13.0,14333.0,0.0,40.0,?,Married-civ-spouse,?,White,Male,United-States,growing-spheres,1
33.0,13.0,15159.0,24.0,39.0,Federal-gov,Widowed,Adm-clerical,White,Male,United-States,growing-spheres,1
28.0,13.0,9455.0,141.0,40.0,Federal-gov,Married-civ-spouse,?,White,Male,United-States,growing-spheres,1
41.0,12.0,9791.0,0.0,40.0,Local-gov,Married-civ-spouse,Exec-managerial,White,Male,United-States,growing-spheres,1
33.0,13.0,8218.0,7.0,40.0,Private,Divorced,Adm-clerical,White,Male,United-States,growing-spheres,1
38.0,13.0,16415.0,184.0,36.0,Private,Divorced,Farming-fishing,White,Male,United-States,growing-spheres,1
33.0,12.0,15702.0,0.0,39.0,?,Married-civ-spouse,?,White,Male,United-States,growing-spheres,1
28.0,10.0,0.0,0.0,39.0,Private,Married-civ-spouse,Sales,White,Male,United-States,face,0
24.0,9.0,0.0,0.0,50.0,Private,Married-civ-spouse,Sales,White,Male,United-States,face,0
25.0,10.0,0.0,0.0,50.0,Private,Married-civ-spouse,Sales,White,Male,United-States,face,0
30.0,10.0,0.0,0.0,39.0,Private,Married-civ-spouse,Sales,White,Male,United-States,face,0
24.0,10.0,0.0,0.0,39.0,Private,Married-civ-spouse,Sales,White,Male,United-States,face,0
25.0,11.0,0.0,0.0,40.0,Private,Married-civ-spouse,Sales,White,Male,United-States,face,0
28.0,12.0,0.0,0.0,29.0,Private,Married-civ-spouse,Sales,White,Male,United-States,face,0
24.0,13.0,0.0,0.0,39.0,Private,Married-civ-spouse,Sales,White,Male,United-States,face,0
26.0,12.0,0.0,0.0,39.0,Private,Married-civ-spouse,Sales,White,Male,United-States,face,0
26.0,10.0,0.0,0.0,44.0,Private,Married-civ-spouse,Sales,White,Male,United-States,face,0
