age,education.num,capital.gain,capital.loss,hours.per.week,workclass,marital.status,occupation,race,sex,native.country,explainer,income
39.0,13,45337.0,0.0,40.0,Private,Divorced,Prof-specialty,White,Male,United-States,dice,1
39.0,13,0.0,0.0,62.0,Self-emp-inc,Divorced,Prof-specialty,White,Male,United-States,dice,1
39.0,13,27695.0,2714.0,40.0,Private,Divorced,Prof-specialty,White,Male,United-States,dice,1
39.0,13,5333.0,2196.0,40.0,Private,Divorced,Prof-specialty,White,Male,United-States,dice,1
39.0,13,0.0,0.0,40.0,Private,Married-civ-spouse,Exec-managerial,White,Male,United-States,dice,1
39.0,13,0.0,2431.0,40.0,Private,Married-civ-spouse,Prof-specialty,White,Male,United-States,dice,1
60.0,13,48097.0,0.0,40.0,Private,Divorced,Prof-specialty,White,Male,United-States,dice,1
39.0,13,0.0,0.0,40.0,Private,Married-AF-spouse,Tech-support,White,Male,United-States,dice,1
39.0,13,0.0,3983.0,40.0,Private,Divorced,Prof-specialty,White,Male,United-States,dice,1
39.0,13,0.0,3351.0,40.0,Private,Married-civ-spouse,Prof-specialty,White,Male,United-States,dice,1
39.0,13,70217.0,0.0,40.0,Private,Divorced,Prof-specialty,White,Male,United-States,dice,1
39.0,13,89491.0,0.0,40.0,Private,Divorced,Prof-specialty,White,Male,United-States,dice,1
39.0,13,55678.0,0.0,40.0,?,Divorced,Prof-specialty,White,Male,United-States,dice,1
39.0,13,97980.0,0.0,40.0,Private,Divorced,Prof-specialty,White,Male,United-States,dice,1
39.0,13,0.0,2433.0,40.0,Private,Divorced,Prof-specialty,White,Male,United-States,dice,1
39.0,13,0.0,0.0,34.0,Private,Married-AF-spouse,Prof-specialty,White,Male,United-States,dice,1
39.0,13,0.0,4038.0,40.0,Private,Divorced,Prof-specialty,White,Male,United-States,dice,1
39.0,13,0.0,0.0,97.0,Private,Divorced,Prof-specialty,White,Male,United-States,dice,1
39.0,13,0.0,0.0,69.0,Private,Divorced,Prof-specialty,White,Male,United-States,dice,1
51.0,13,0.0,0.0,40.0,Private,Divorced,Prof-specialty,White,Male,United-States,dice,1
39.0,13,4999.0,0.0,40.0,Private,Divorced,Prof-specialty,White,Male,United-States,cadex,1
39.0,13,4999.0,0.0,44.0,Private,Divorced,Prof-specialty,White,Male,United-States,cadex,1
39.0,12,0.0,0.0,39.0,Private,Never-married,Handlers-cleaners,White,Male,United-States,fimap,0
39.0,13,748.0,6.0,39.0,Private,Never-married,Prof-specialty,White,Male,United-States,fimap,1
40.0,13,1446.0,10.0,40.0,Private,Divorced,Prof-specialty,White,Male,United-States,fimap,1
41.0,13,2741.0,30.0,40.0,Private,Married-civ-spouse,Protective-serv,White,Male,United-States,fimap,1
41.0,13,2166.0,25.0,40.0,Private,Married-civ-spouse,Prof-specialty,White,Male,United-States,fimap,1
41.0,13,2629.0,32.0,40.0,Private,Married-civ-spouse,Prof-specialty,White,Male,United-States,fimap,1
42.0,13,4999.0,0.0,44.0,Private,Divorced,Prof-specialty,White,Male,United-States,cadex,1
42.0,13,4999.0,0.0,44.0,Private,Divorced,Prof-specialty,White,Male,United-States,cadex,1
42.0,13,4999.0,217.0,44.0,Private,Divorced,Prof-specialty,White,Male,United-States,cadex,1
38.0,13,2136.0,0.0,39.0,Private,Divorced,Prof-specialty,White,Male,United-States,wachter,1
53.0,12,267.0,0.0,41.0,Private,Divorced,Prof-specialty,White,Male,United-States,wachter,0
45.0,13,362.0,0.0,40.0,Private,Divorced,Prof-specialty,White,Male,United-States,wachter,1
39.0,12,1866.0,0.0,39.0,Private,Divorced,Prof-specialty,White,Male,United-States,wachter,0
38.0,12,1738.0,0.0,40.0,Private,Divorced,Prof-specialty,White,Male,United-States,wachter,0
39.0,12,1857.0,0.0,40.0,Private,Divorced,Prof-specialty,White,Male,United-States,wachter,0
39.0,13,1824.0,1.0,39.0,Private,Divorced,Prof-specialty,White,Male,United-States,wachter,1
49.0,13,0.0,0.0,39.0,Private,Divorced,Prof-specialty,White,Male,United-States,wachter,1
38.0,13,1781.0,0.0,39.0,Private,Divorced,Prof-specialty,White,Male,United-States,wachter,0
38.0,12,1740.0,0.0,40.0,Private,Divorced,Prof-specialty,White,Male,United-States,wachter,0
39.0,13,3860.0,0.0,40.0,Private,Divorced,Prof-specialty,White,Male,United-States,cem,1
45.0,13,56180.0,0.0,55.0,Private,Divorced,Prof-specialty,White,Male,El-Salvador,cfproto,1
38.0,12,33741.0,0.0,41.0,Private,Divorced,Prof-specialty,White,Male,?,cfproto,1
37.0,13,26118.0,0.0,39.0,Private,Divorced,Prof-specialty,White,Male,England,cfproto,1
58.0,15,92889.0,415.0,73.0,?,Divorced,Protective-serv,White,Male,Outlying-US(Guam-USVI-etc),cfproto,1
57.0,15,88022.0,347.0,71.0,?,Divorced,Protective-serv,White,Male,Outlying-US(Guam-USVI-etc),cfproto,1
39.0,13,3704.0,0.0,39.0,Private,Divorced,Prof-specialty,White,Male,United-States,cfproto,1
39.0,12,41337.0,0.0,46.0,State-gov,Divorced,Prof-specialty,White,Male,?,cfproto,1
51.0,14,70103.0,41.0,63.0,Without-pay,Divorced,Prof-specialty,White,Male,Outlying-US(Guam-USVI-etc),cfproto,1
39.0,13,15.0,0.0,40.0,Private,Divorced,Prof-specialty,White,Male,England,cfproto,1
39.0,13,15.0,0.0,40.0,Private,Divorced,Prof-specialty,White,Male,England,cfproto,1
41.0,13,11832.0,831.0,63.0,Never-worked,Married-AF-spouse,Craft-repair,White,Male,United-States,growing-spheres,1
41.0,11,4546.0,151.0,61.0,Federal-gov,Divorced,Craft-repair,White,Male,United-States,growing-spheres,1
54.0,12,14701.0,1109.0,53.0,Federal-gov,Married-AF-spouse,Adm-clerical,White,Male,United-States,growing-spheres,1
44.0,15,21855.0,31.0,32.0,?,Married-AF-spouse,?,White,Male,United-States,growing-spheres,1
50.0,16,36571.0,1072.0,60.0,Federal-gov,Divorced,Farming-fishing,White,Male,United-States,growing-spheres,1
39.0,12,12333.0,20.0,51.0,Federal-gov,Married-AF-spouse,Craft-repair,White,Male,United-States,growing-spheres,1
21.0,13,22321.0,0.0,47.0,Local-gov,Separated,Machine-op-inspct,White,Male,United-States,growing-spheres,1
43.0,14,23283.0,652.0,44.0,Local-gov,Married-spouse-absent,Adm-clerical,White,Male,United-States,growing-spheres,1
43.0,10,28999.0,416.0,36.0,?,Married-AF-spouse,?,White,Male,United-States,growing-spheres,1
49.0,14,6184.0,0.0,55.0,State-gov,Married-civ-spouse,Craft-repair,White,Male,United-States,growing-spheres,1
40.0,11,31681.0,0.0,30.0,Private,Divorced,Exec-managerial,White,Male,United-States,growing-spheres,1
19.0,9,23080.0,0.0,52.0,Federal-gov,Divorced,Craft-repair,White,Male,United-States,growing-spheres,1
35.0,13,12828.0,0.0,38.0,Local-gov,Married-AF-spouse,Exec-managerial,White,Male,United-States,growing-spheres,1
27.0,13,20481.0,0.0,64.0,Federal-gov,Married-AF-spouse,Adm-clerical,White,Male,United-States,growing-spheres,1
34.0,16,29856.0,358.0,38.0,Federal-gov,Married-AF-spouse,Armed-Forces,White,Male,United-States,growing-spheres,1
43.0,14,39398.0,0.0,63.0,Local-gov,Divorced,Exec-managerial,White,Male,United-States,growing-spheres,1
39.0,13,20343.0,284.0,42.0,?,Married-AF-spouse,?,White,Male,United-States,growing-spheres,1
55.0,15,25257.0,0.0,49.0,?,Married-AF-spouse,Handlers-cleaners,White,Male,United-States,growing-spheres,1
39.0,10,18033.0,0.0,41.0,State-gov,Divorced,Craft-repair,White,Male,United-States,growing-spheres,1
35.0,13,28927.0,457.0,41.0,Federal-gov,Divorced,Other-service,White,Male,United-States,growing-spheres,1
39.0,13,0.0,0.0,39.0,Private,Divorced,Prof-specialty,White,Male,United-States,actionable-recourse,0
40.0,14,0.0,0.0,43.0,Private,Divorced,Prof-specialty,White,Male,United-States,face,1
45.0,14,0.0,0.0,39.0,Private,Divorced,Prof-specialty,White,Male,United-States,face,1
37.0,15,14083.0,0.0,35.0,Private,Divorced,Prof-specialty,White,Male,United-States,face,1
46.0,15,0.0,2824.0,39.0,Private,Divorced,Prof-specialty,White,Male,United-States,face,1
37.0,14,0.0,0.0,48.0,Private,Divorced,Prof-specialty,White,Male,United-States,face,1
28.0,15,0.0,0.0,54.0,Private,Divorced,Prof-specialty,White,Male,United-States,face,1
42.0,13,0.0,653.0,50.0,Private,Divorced,Prof-specialty,White,Male,United-States,face,1
45.0,14,0.0,0.0,39.0,Private,Divorced,Prof-specialty,White,Male,United-States,face,1
31.0,13,0.0,0.0,59.0,Private,Divorced,Prof-specialty,White,Male,United-States,face,0
58.0,14,0.0,0.0,50.0,Private,Divorced,Prof-specialty,White,Male,United-States,face,1
