age,education.num,capital.gain,capital.loss,hours.per.week,workclass,marital.status,occupation,race,sex,native.country,explainer,income
29.0,9.0,39863.0,0.0,40.0,Private,Separated,Farming-fishing,Black,Male,United-States,dice,1
29.0,9.0,97576.0,0.0,40.0,Private,Married-civ-spouse,Farming-fishing,Black,Male,United-States,dice,1
29.0,9.0,82189.0,0.0,40.0,Private,Separated,Farming-fishing,Black,Male,United-States,dice,1
29.0,9.0,34932.0,3485.0,40.0,Private,Married-civ-spouse,Farming-fishing,Black,Male,United-States,dice,1
29.0,9.0,46401.0,0.0,40.0,Private,Married-civ-spouse,Farming-fishing,Black,Male,United-States,dice,1
29.0,9.0,70019.0,0.0,40.0,Private,Married-civ-spouse,Farming-fishing,Black,Male,United-States,dice,1
29.0,9.0,71342.0,0.0,40.0,Private,Never-married,Farming-fishing,Black,Male,United-States,dice,1
29.0,9.0,0.0,3195.0,40.0,Private,Married-civ-spouse,Machine-op-inspct,Black,Male,United-States,dice,1
29.0,9.0,76237.0,0.0,25.0,Private,Married-civ-spouse,Farming-fishing,Black,Male,United-States,dice,1
29.0,9.0,0.0,2176.0,40.0,Private,Married-civ-spouse,Transport-moving,Black,Male,United-States,dice,1
29.0,9.0,50097.0,0.0,40.0,Federal-gov,Married-civ-spouse,Farming-fishing,Black,Male,United-States,dice,1
29.0,9.0,65340.0,3921.0,40.0,Private,Married-civ-spouse,Farming-fishing,Black,Male,United-States,dice,1
29.0,9.0,99633.0,0.0,40.0,Private,Married-civ-spouse,Farming-fishing,Black,Male,United-States,dice,1
29.0,9.0,82543.0,0.0,40.0,Private,Married-civ-spouse,Farming-fishing,Black,Male,United-States,dice,1
68.0,9.0,70149.0,0.0,40.0,Private,Married-civ-spouse,Farming-fishing,Black,Male,United-States,dice,1
29.0,9.0,75471.0,0.0,40.0,Private,Married-civ-spouse,Farming-fishing,Black,Male,United-States,dice,1
29.0,9.0,83700.0,0.0,40.0,Local-gov,Married-civ-spouse,Farming-fishing,Black,Male,United-States,dice,1
29.0,9.0,0.0,3667.0,40.0,Private,Married-civ-spouse,Other-service,Black,Male,United-States,dice,1
29.0,9.0,56880.0,0.0,40.0,Local-gov,Married-civ-spouse,Farming-fishing,Black,Male,United-States,dice,1
29.0,9.0,48038.0,3083.0,40.0,Private,Married-civ-spouse,Farming-fishing,Black,Male,United-States,dice,1
29.0,9.0,14912.0,0.0,40.0,Private,Married-civ-spouse,Farming-fishing,Black,Male,United-States,cadex,1
35.0,10.0,9087.0,407.0,48.0,Private,Married-civ-spouse,Farming-fishing,Black,Male,United-States,cadex,1
35.0,10.0,10897.0,111.0,44.0,Private,Married-civ-spouse,Sales,Black,Male,United-States,fimap,1
35.0,10.0,7185.0,61.0,42.0,Private,Married-civ-spouse,Tech-support,Black,Male,United-States,fimap,1
35.0,10.0,9281.0,416.0,48.0,Private,Married-civ-spouse,Farming-fishing,Black,Male,United-States,cadex,1
35.0,10.0,9410.0,0.0,48.0,Private,Married-civ-spouse,Farming-fishing,Black,Male,United-States,cadex,1
35.0,9.0,5810.0,45.0,42.0,Private,Married-civ-spouse,Farming-fishing,Black,Male,United-States,fimap,0
35.0,9.0,6364.0,51.0,42.0,Private,Never-married,Exec-managerial,Black,Male,United-States,fimap,0
35.0,10.0,9672.0,0.0,49.0,Private,Married-civ-spouse,Farming-fishing,Black,Male,United-States,cadex,1
35.0,10.0,9710.0,0.0,40.0,Private,Married-civ-spouse,Farming-fishing,Black,Male,United-States,cadex,1
36.0,9.0,6247.0,50.0,42.0,Private,Married-civ-spouse,Handlers-cleaners,Black,Male,United-States,fimap,1
36.0,10.0,9788.0,103.0,43.0,Private,Divorced,Prof-specialty,Black,Male,United-States,fimap,1
38.0,9.0,13869.0,0.0,40.0,Private,Married-civ-spouse,Farming-fishing,Black,Male,United-States,cadex,1
39.0,9.0,14696.0,0.0,40.0,Private,Married-civ-spouse,Farming-fishing,Black,Male,United-States,cadex,1
55.0,12.0,2678.0,0.0,70.0,Private,Married-civ-spouse,Farming-fishing,Black,Male,United-States,wachter,1
28.0,8.0,12573.0,0.0,39.0,Private,Married-civ-spouse,Farming-fishing,Black,Male,United-States,wachter,0
34.0,9.0,11443.0,0.0,63.0,Private,Married-civ-spouse,Farming-fishing,Black,Male,United-States,wachter,1
29.0,9.0,11107.0,0.0,55.0,Private,Married-civ-spouse,Farming-fishing,Black,Male,United-States,wachter,1
48.0,11.0,3818.0,2.0,43.0,Private,Married-civ-spouse,Farming-fishing,Black,Male,United-States,wachter,0
29.0,8.0,12516.0,0.0,40.0,Private,Married-civ-spouse,Farming-fishing,Black,Male,United-States,wachter,0
31.0,9.0,12117.0,0.0,45.0,Private,Married-civ-spouse,Farming-fishing,Black,Male,United-States,wachter,1
31.0,8.0,11653.0,0.0,42.0,Private,Married-civ-spouse,Farming-fishing,Black,Male,United-States,wachter,0
31.0,8.0,11679.0,0.0,48.0,Private,Married-civ-spouse,Farming-fishing,Black,Male,United-States,wachter,0
28.0,9.0,12489.0,0.0,40.0,Private,Married-civ-spouse,Farming-fishing,Black,Male,United-States,wachter,0
29.0,9.0,14290.0,0.0,40.0,Private,Married-civ-spouse,Farming-fishing,Black,Male,United-States,cem,1
29.0,9.0,10429.0,0.0,40.0,Self-emp-inc,Married-civ-spouse,Protective-serv,Black,Male,Philippines,cfproto,1
57.0,9.0,5603.0,1359.0,51.0,Self-emp-inc,Married-civ-spouse,Protective-serv,Black,Male,France,cfproto,1
29.0,9.0,34998.0,0.0,40.0,Self-emp-inc,Married-civ-spouse,Farming-fishing,Black,Male,Taiwan,cfproto,1
78.0,13.0,35989.0,1855.0,79.0,Self-emp-inc,Married-civ-spouse,Farming-fishing,Black,Male,Trinadad&Tobago,cfproto,1
46.0,12.0,99999.0,490.0,64.0,?,Never-married,Protective-serv,White,Female,Outlying-US(Guam-USVI-etc),cfproto,1
72.0,12.0,20354.0,1747.0,70.0,Self-emp-inc,Married-civ-spouse,Protective-serv,Black,Male,Vietnam,cfproto,1
29.0,9.0,24146.0,0.0,40.0,Self-emp-inc,Married-civ-spouse,Farming-fishing,Black,Male,Taiwan,cfproto,1
29.0,9.0,10429.0,0.0,40.0,Self-emp-inc,Married-civ-spouse,Protective-serv,Black,Male,Philippines,cfproto,1
26.0,6.0,28274.0,0.0,51.0,?,Married-AF-spouse,?,Black,Male,United-States,growing-spheres,1
28.0,10.0,50258.0,0.0,36.0,?,Married-civ-spouse,Adm-clerical,Black,Male,United-States,growing-spheres,1
55.0,7.0,24787.0,224.0,55.0,Private,Married-AF-spouse,Craft-repair,Black,Male,United-States,growing-spheres,1
48.0,12.0,22181.0,0.0,52.0,Private,Married-AF-spouse,Handlers-cleaners,Black,Male,United-States,growing-spheres,1
36.0,9.0,53702.0,0.0,18.0,?,Divorced,?,Black,Male,United-States,growing-spheres,1
17.0,9.0,28519.0,468.0,58.0,Self-emp-inc,Divorced,Machine-op-inspct,Black,Male,United-States,growing-spheres,1
39.0,8.0,23024.0,988.0,42.0,Local-gov,Divorced,Adm-clerical,Black,Male,United-States,growing-spheres,1
32.0,8.0,12558.0,44.0,40.0,?,Married-AF-spouse,Adm-clerical,Black,Male,United-States,growing-spheres,1
36.0,7.0,14362.0,446.0,48.0,Local-gov,Married-AF-spouse,Machine-op-inspct,Black,Male,United-States,growing-spheres,1
29.0,13.0,24497.0,0.0,58.0,Private,Divorced,Adm-clerical,Black,Male,United-States,growing-spheres,1
27.0,5.0,25095.0,804.0,40.0,?,Married-AF-spouse,Handlers-cleaners,Black,Male,United-States,growing-spheres,1
27.0,9.0,19949.0,32.0,20.0,?,Divorced,Craft-repair,Black,Male,United-States,growing-spheres,1
17.0,10.0,51487.0,428.0,51.0,Never-worked,Divorced,Craft-repair,Black,Male,United-States,growing-spheres,1
45.0,9.0,34555.0,1596.0,34.0,Never-worked,Married-AF-spouse,?,Black,Male,United-States,growing-spheres,1
17.0,8.0,18137.0,0.0,46.0,?,Married-AF-spouse,?,Black,Male,United-States,growing-spheres,1
28.0,14.0,32935.0,61.0,37.0,Private,Divorced,Adm-clerical,Black,Male,United-States,growing-spheres,1
31.0,6.0,32740.0,193.0,36.0,?,Married-AF-spouse,Adm-clerical,Black,Male,United-States,growing-spheres,1
17.0,6.0,32347.0,0.0,12.0,Local-gov,Divorced,Exec-managerial,Black,Male,United-States,growing-spheres,1
50.0,8.0,27653.0,0.0,25.0,Federal-gov,Married-AF-spouse,Adm-clerical,Black,Male,United-States,growing-spheres,1
29.0,11.0,28828.0,657.0,35.0,Private,Divorced,Adm-clerical,Black,Male,United-States,growing-spheres,1
29.0,9.0,0.0,0.0,39.0,Private,Married-civ-spouse,?,Black,Male,United-States,actionable-recourse,0
33.0,9.0,0.0,0.0,50.0,Private,Married-civ-spouse,Exec-managerial,Black,Male,United-States,face,1
34.0,10.0,0.0,0.0,50.0,Private,Married-civ-spouse,Prof-specialty,Black,Male,United-States,face,1
34.0,10.0,0.0,0.0,50.0,Private,Married-civ-spouse,Prof-specialty,Black,Male,United-States,face,1
34.0,10.0,0.0,0.0,39.0,Private,Married-civ-spouse,Tech-support,Black,Male,United-States,face,1
34.0,11.0,0.0,0.0,44.0,Private,Married-civ-spouse,Adm-clerical,Black,Male,United-States,face,1
38.0,10.0,0.0,0.0,50.0,Private,Married-civ-spouse,Exec-managerial,Black,Male,United-States,face,1
31.0,10.0,7298.0,0.0,50.0,Private,Married-civ-spouse,Farming-fishing,White,Male,United-States,face,1
44.0,10.0,0.0,0.0,39.0,Private,Married-civ-spouse,Transport-moving,Black,Male,United-States,face,1
34.0,10.0,0.0,0.0,39.0,Private,Married-civ-spouse,Tech-support,Black,Male,United-States,face,1
37.0,10.0,0.0,0.0,39.0,Private,Married-civ-spouse,Craft-repair,Black,Male,United-States,face,0
