age,education.num,capital.gain,capital.loss,hours.per.week,workclass,marital.status,occupation,race,sex,native.country,explainer,income
58.0,11.0,15024.0,1638.0,40.0,Without-pay,Married-civ-spouse,Armed-Forces,White,Male,United-States,dice,0
81.0,11.0,15024.0,0.0,40.0,Without-pay,Married-civ-spouse,Exec-managerial,White,Male,United-States,dice,0
58.0,11.0,770.0,0.0,40.0,Without-pay,Married-civ-spouse,Exec-managerial,White,Male,United-States,dice,0
58.0,11.0,15024.0,0.0,71.0,Without-pay,Never-married,Exec-managerial,White,Male,United-States,dice,0
29.0,11.0,15024.0,0.0,40.0,Without-pay,Married-civ-spouse,Exec-managerial,White,Male,United-States,dice,0
58.0,7.0,15024.0,0.0,40.0,Self-emp-inc,Married-civ-spouse,Priv-house-serv,White,Male,United-States,dice,0
58.0,1.0,15024.0,0.0,40.0,Never-worked,Widowed,Exec-managerial,White,Male,United-States,dice,0
58.0,8.0,15024.0,0.0,40.0,Without-pay,Married-civ-spouse,Exec-managerial,White,Male,United-States,dice,0
83.0,3.0,15024.0,0.0,40.0,Without-pay,Married-civ-spouse,Exec-managerial,White,Male,United-States,dice,0
58.0,11.0,15024.0,0.0,1.0,Never-worked,Married-spouse-absent,Exec-managerial,White,Male,United-States,dice,0
58.0,11.0,10349.0,1133.0,40.0,Without-pay,Married-civ-spouse,Exec-managerial,White,Male,United-States,dice,0
58.0,11.0,15024.0,557.0,40.0,Without-pay,Married-civ-spouse,Transport-moving,White,Male,United-States,dice,0
58.0,5.0,15024.0,0.0,53.0,Without-pay,Married-civ-spouse,Exec-managerial,White,Male,United-States,dice,0
72.0,11.0,15024.0,0.0,40.0,Without-pay,Married-civ-spouse,Craft-repair,White,Male,United-States,dice,0
58.0,7.0,15024.0,0.0,40.0,Without-pay,Married-civ-spouse,Exec-managerial,White,Male,United-States,dice,0
58.0,11.0,15024.0,0.0,40.0,Without-pay,Married-civ-spouse,?,White,Male,United-States,dice,0
58.0,9.0,15024.0,0.0,40.0,Without-pay,Married-civ-spouse,Machine-op-inspct,White,Male,United-States,dice,0
58.0,11.0,9788.0,995.0,40.0,Without-pay,Married-civ-spouse,Exec-managerial,White,Male,United-States,dice,0
81.0,11.0,15024.0,0.0,40.0,Without-pay,Married-spouse-absent,Exec-managerial,White,Male,United-States,dice,0
58.0,11.0,15024.0,0.0,40.0,Without-pay,Married-civ-spouse,Handlers-cleaners,White,Male,United-States,dice,0
41.0,7.0,0.0,0.0,31.0,Private,Never-married,Prof-specialty,White,Male,United-States,fimap,0
41.0,7.0,0.0,0.0,31.0,Private,Married-civ-spouse,Prof-specialty,White,Male,United-States,fimap,0
44.0,8.0,0.0,0.0,21.0,Self-emp-inc,Married-civ-spouse,Exec-managerial,White,Male,United-States,cadex,0
45.0,8.0,1377.0,0.0,34.0,Private,Married-civ-spouse,Prof-specialty,White,Male,United-States,fimap,1
53.0,9.0,3135.0,0.0,34.0,Private,Never-married,Prof-specialty,White,Male,United-States,fimap,0
53.0,9.0,2365.0,0.0,34.0,Private,Married-civ-spouse,Tech-support,White,Male,United-States,fimap,1
53.0,9.0,2424.0,0.0,34.0,Private,Married-civ-spouse,Prof-specialty,White,Male,United-States,fimap,1
58.0,7.0,0.0,0.0,40.0,Self-emp-inc,Married-civ-spouse,Exec-managerial,White,Male,United-States,cadex,0
58.0,7.0,0.0,0.0,40.0,Self-emp-inc,Married-civ-spouse,Exec-managerial,White,Male,United-States,cadex,0
58.0,8.0,0.0,0.0,40.0,Self-emp-inc,Married-civ-spouse,Exec-managerial,White,Male,United-States,cadex,0
58.0,8.0,0.0,0.0,21.0,Self-emp-inc,Married-civ-spouse,Exec-managerial,White,Male,United-States,cadex,0
58.0,11.0,0.0,0.0,40.0,Self-emp-inc,Married-civ-spouse,Exec-managerial,White,Male,United-States,cadex,0
58.0,11.0,0.0,0.0,40.0,Self-emp-inc,Married-civ-spouse,Exec-managerial,White,Male,United-States,cadex,0
58.0,11.0,0.0,0.0,40.0,Self-emp-inc,Married-civ-spouse,Exec-managerial,White,Male,United-States,cadex,0
57.0,10.0,0.0,0.0,39.0,Self-emp-inc,Married-civ-spouse,Exec-managerial,White,Male,United-States,wachter,1
58.0,11.0,0.0,0.0,39.0,Self-emp-inc,Married-civ-spouse,Exec-managerial,White,Male,United-States,wachter,1
57.0,10.0,0.0,0.0,39.0,Self-emp-inc,Married-civ-spouse,Exec-managerial,White,Male,United-States,wachter,1
57.0,10.0,0.0,0.0,37.0,Self-emp-inc,Married-civ-spouse,Exec-managerial,White,Male,United-States,wachter,1
59.0,10.0,0.0,0.0,27.0,Self-emp-inc,Married-civ-spouse,Exec-managerial,White,Male,United-States,wachter,1
57.0,10.0,0.0,0.0,38.0,Self-emp-inc,Married-civ-spouse,Exec-managerial,White,Male,United-States,wachter,1
60.0,10.0,0.0,0.0,38.0,Self-emp-inc,Married-civ-spouse,Exec-managerial,White,Male,United-States,wachter,1
58.0,10.0,0.0,0.0,38.0,Self-emp-inc,Married-civ-spouse,Exec-managerial,White,Male,United-States,wachter,1
58.0,10.0,0.0,0.0,39.0,Self-emp-inc,Married-civ-spouse,Exec-managerial,White,Male,United-States,wachter,1
58.0,11.0,0.0,0.0,39.0,Self-emp-inc,Married-civ-spouse,Exec-managerial,White,Male,United-States,wachter,1
58.0,3.0,15024.0,0.0,40.0,Self-emp-inc,Married-civ-spouse,Exec-managerial,White,Male,United-States,cem,1
42.0,5.0,16081.0,0.0,34.0,Self-emp-inc,Married-spouse-absent,?,White,Male,China,cfproto,0
58.0,11.0,2037.0,0.0,40.0,Self-emp-inc,Married-civ-spouse,Other-service,White,Male,Japan,cfproto,0
62.0,11.0,15024.0,0.0,46.0,Without-pay,Widowed,Protective-serv,White,Male,Outlying-US(Guam-USVI-etc),cfproto,0
56.0,9.0,15024.0,0.0,45.0,Without-pay,Married-spouse-absent,Protective-serv,White,Male,Guatemala,cfproto,0
59.0,10.0,0.0,0.0,40.0,Self-emp-inc,Married-spouse-absent,?,White,Male,Laos,cfproto,0
51.0,7.0,15024.0,0.0,43.0,Local-gov,Married-spouse-absent,Adm-clerical,White,Male,Cuba,cfproto,0
60.0,10.0,15024.0,0.0,46.0,Without-pay,Married-spouse-absent,Protective-serv,White,Male,Outlying-US(Guam-USVI-etc),cfproto,0
62.0,12.0,15024.0,0.0,38.0,Without-pay,Married-civ-spouse,Other-service,White,Male,Scotland,cfproto,0
63.0,12.0,15024.0,0.0,40.0,Without-pay,Divorced,Adm-clerical,White,Male,Guatemala,cfproto,0
58.0,11.0,2037.0,0.0,40.0,Self-emp-inc,Married-civ-spouse,Other-service,White,Male,Japan,cfproto,0
58.0,9.0,3843.0,0.0,41.0,Self-emp-inc,Married-AF-spouse,Exec-managerial,White,Male,United-States,growing-spheres,1
59.0,10.0,15440.0,55.0,39.0,Self-emp-inc,Divorced,Farming-fishing,White,Male,United-States,growing-spheres,1
59.0,11.0,15965.0,39.0,39.0,Federal-gov,Married-AF-spouse,Adm-clerical,White,Male,United-States,growing-spheres,1
58.0,10.0,16074.0,1.0,38.0,Local-gov,Married-civ-spouse,Exec-managerial,White,Male,United-States,growing-spheres,1
57.0,10.0,15667.0,0.0,38.0,Federal-gov,Divorced,Exec-managerial,White,Male,United-States,growing-spheres,1
58.0,13.0,15195.0,353.0,41.0,?,Divorced,Adm-clerical,White,Male,United-States,growing-spheres,1
56.0,10.0,14953.0,38.0,42.0,Private,Divorced,?,White,Male,United-States,growing-spheres,1
54.0,10.0,12963.0,181.0,40.0,Self-emp-inc,Married-AF-spouse,Exec-managerial,White,Male,United-States,growing-spheres,1
57.0,10.0,15439.0,0.0,38.0,?,Married-AF-spouse,Exec-managerial,White,Male,United-States,growing-spheres,1
58.0,11.0,18295.0,36.0,38.0,Self-emp-inc,Married-civ-spouse,?,White,Male,United-States,growing-spheres,1
58.0,11.0,14582.0,8.0,40.0,?,Married-civ-spouse,Adm-clerical,White,Male,United-States,growing-spheres,1
57.0,11.0,15072.0,0.0,40.0,Federal-gov,Divorced,Armed-Forces,White,Male,United-States,growing-spheres,1
50.0,10.0,4773.0,0.0,30.0,?,Married-AF-spouse,Exec-managerial,White,Male,United-States,growing-spheres,1
57.0,10.0,15287.0,0.0,39.0,Self-emp-inc,Divorced,Armed-Forces,White,Male,United-States,growing-spheres,1
58.0,10.0,17194.0,32.0,39.0,Self-emp-inc,Married-civ-spouse,?,White,Male,United-States,growing-spheres,1
57.0,11.0,15326.0,0.0,40.0,Local-gov,Married-civ-spouse,?,White,Male,United-States,growing-spheres,1
57.0,11.0,15019.0,0.0,39.0,Federal-gov,Married-civ-spouse,Exec-managerial,White,Male,United-States,growing-spheres,1
59.0,10.0,22711.0,60.0,40.0,?,Married-civ-spouse,Adm-clerical,White,Male,United-States,growing-spheres,1
57.0,11.0,14770.0,0.0,39.0,Never-worked,Married-civ-spouse,Exec-managerial,White,Male,United-States,growing-spheres,1
61.0,10.0,25673.0,549.0,31.0,Federal-gov,Married-civ-spouse,Adm-clerical,White,Male,United-States,growing-spheres,1
53.0,9.0,0.0,0.0,34.0,Self-emp-not-inc,Married-civ-spouse,Exec-managerial,White,Male,United-States,face,0
81.0,9.0,0.0,0.0,29.0,Self-emp-not-inc,Married-civ-spouse,Exec-managerial,White,Male,United-States,face,0
77.0,7.0,0.0,0.0,10.0,Self-emp-inc,Married-civ-spouse,Exec-managerial,White,Male,United-States,face,0
38.0,9.0,0.0,0.0,50.0,Self-emp-not-inc,Married-civ-spouse,Exec-managerial,White,Male,United-States,face,0
46.0,10.0,0.0,0.0,39.0,Self-emp-inc,Married-civ-spouse,Farming-fishing,White,Male,United-States,face,0
40.0,10.0,0.0,0.0,39.0,Self-emp-inc,Married-civ-spouse,Farming-fishing,White,Male,United-States,face,0
45.0,10.0,0.0,0.0,50.0,Self-emp-inc,Married-civ-spouse,Farming-fishing,White,Male,United-States,face,0
70.0,9.0,0.0,0.0,15.0,Self-emp-inc,Married-civ-spouse,Exec-managerial,White,Male,United-States,face,0
69.0,9.0,0.0,0.0,34.0,Local-gov,Married-civ-spouse,Exec-managerial,White,Male,United-States,face,0
50.0,9.0,0.0,0.0,29.0,Self-emp-not-inc,Married-civ-spouse,Exec-managerial,White,Male,United-States,face,0
