age,education.num,capital.gain,capital.loss,hours.per.week,workclass,marital.status,occupation,race,sex,native.country,explainer,income
43.0,13.0,0.0,0.0,40.0,Self-emp-not-inc,Married-civ-spouse,Protective-serv,Asian-Pac-Islander,Female,Philippines,dice,1
43.0,13.0,24337.0,0.0,40.0,Self-emp-inc,Married-civ-spouse,Farming-fishing,Asian-Pac-Islander,Female,Philippines,dice,1
43.0,13.0,96331.0,0.0,84.0,Self-emp-inc,Married-civ-spouse,Sales,Asian-Pac-Islander,Female,Philippines,dice,1
43.0,13.0,0.0,3656.0,63.0,Self-emp-inc,Married-civ-spouse,Sales,Asian-Pac-Islander,Female,Philippines,dice,1
43.0,13.0,70358.0,0.0,40.0,Self-emp-inc,Married-civ-spouse,Sales,Asian-Pac-Islander,Female,Philippines,dice,1
43.0,13.0,56268.0,0.0,40.0,Self-emp-inc,Married-civ-spouse,Sales,Asian-Pac-Islander,Female,Philippines,dice,1
43.0,13.0,88799.0,0.0,40.0,Self-emp-inc,Married-civ-spouse,Sales,Asian-Pac-Islander,Female,Philippines,dice,1
43.0,13.0,0.0,4162.0,40.0,Self-emp-inc,Married-civ-spouse,Craft-repair,Asian-Pac-Islander,Female,Philippines,dice,1
65.0,13.0,0.0,0.0,40.0,Local-gov,Married-civ-spouse,Sales,Asian-Pac-Islander,Female,Philippines,dice,1
43.0,13.0,77767.0,0.0,40.0,Self-emp-inc,Married-civ-spouse,Sales,Asian-Pac-Islander,Female,Philippines,dice,1
35.0,13.0,14916.0,0.0,40.0,Self-emp-inc,Married-civ-spouse,Sales,Asian-Pac-Islander,Female,Philippines,dice,1
98.0,13.0,48128.0,0.0,40.0,Self-emp-inc,Married-civ-spouse,Sales,Asian-Pac-Islander,Female,Philippines,dice,1
43.0,14.0,0.0,0.0,40.0,Self-emp-inc,Married-civ-spouse,Tech-support,Asian-Pac-Islander,Female,Philippines,dice,1
43.0,13.0,69624.0,0.0,40.0,Self-emp-inc,Married-spouse-absent,Sales,Asian-Pac-Islander,Female,Philippines,dice,1
43.0,13.0,0.0,0.0,40.0,Federal-gov,Married-civ-spouse,Exec-managerial,Asian-Pac-Islander,Female,Philippines,dice,1
43.0,13.0,66266.0,0.0,40.0,Self-emp-inc,Married-civ-spouse,Handlers-cleaners,Asian-Pac-Islander,Female,Philippines,dice,1
43.0,13.0,0.0,0.0,67.0,?,Married-civ-spouse,Sales,Asian-Pac-Islander,Female,Philippines,dice,1
43.0,13.0,0.0,0.0,76.0,Private,Married-civ-spouse,Sales,Asian-Pac-Islander,Female,Philippines,dice,1
43.0,13.0,0.0,0.0,80.0,Self-emp-inc,Married-civ-spouse,Machine-op-inspct,Asian-Pac-Islander,Female,Philippines,dice,1
43.0,13.0,74829.0,0.0,40.0,Self-emp-inc,Married-civ-spouse,Sales,Asian-Pac-Islander,Female,Philippines,dice,1
39.0,11.0,0.0,0.0,35.0,Private,Married-civ-spouse,Prof-specialty,Asian-Pac-Islander,Female,Philippines,fimap,1
39.0,11.0,0.0,0.0,35.0,Private,Divorced,Craft-repair,Asian-Pac-Islander,Female,Philippines,fimap,0
40.0,12.0,0.0,0.0,37.0,Private,Divorced,Handlers-cleaners,Asian-Pac-Islander,Female,Philippines,fimap,0
41.0,12.0,0.0,0.0,38.0,Private,Married-civ-spouse,Prof-specialty,Asian-Pac-Islander,Female,Philippines,fimap,1
41.0,12.0,0.0,0.0,38.0,Private,Married-civ-spouse,Prof-specialty,Asian-Pac-Islander,Female,Philippines,fimap,1
41.0,12.0,0.0,0.0,38.0,Private,Divorced,Adm-clerical,Asian-Pac-Islander,Female,Philippines,fimap,0
43.0,13.0,4999.0,0.0,40.0,Self-emp-inc,Married-civ-spouse,Sales,Asian-Pac-Islander,Female,Philippines,cadex,1
43.0,13.0,4999.0,0.0,40.0,Self-emp-inc,Married-civ-spouse,Sales,Asian-Pac-Islander,Female,Philippines,cadex,1
43.0,13.0,4999.0,0.0,44.0,Self-emp-inc,Married-civ-spouse,Sales,Asian-Pac-Islander,Female,Philippines,cadex,1
46.0,13.0,4999.0,0.0,44.0,Self-emp-inc,Married-civ-spouse,Sales,Asian-Pac-Islander,Female,Philippines,cadex,1
46.0,13.0,4999.0,0.0,44.0,Self-emp-inc,Married-civ-spouse,Sales,Asian-Pac-Islander,Female,Philippines,cadex,1
43.0,12.0,6474.0,0.0,39.0,Self-emp-inc,Married-civ-spouse,Sales,Asian-Pac-Islander,Female,Philippines,wachter,1
43.0,10.0,10654.0,0.0,40.0,Self-emp-inc,Married-civ-spouse,Sales,Asian-Pac-Islander,Female,Philippines,wachter,1
42.0,13.0,5114.0,0.0,39.0,Self-emp-inc,Married-civ-spouse,Sales,Asian-Pac-Islander,Female,Philippines,wachter,1
43.0,13.0,5066.0,0.0,40.0,Self-emp-inc,Married-civ-spouse,Sales,Asian-Pac-Islander,Female,Philippines,wachter,1
42.0,13.0,5127.0,0.0,39.0,Self-emp-inc,Married-civ-spouse,Sales,Asian-Pac-Islander,Female,Philippines,wachter,1
42.0,13.0,5091.0,0.0,40.0,Self-emp-inc,Married-civ-spouse,Sales,Asian-Pac-Islander,Female,Philippines,wachter,1
42.0,11.0,9087.0,0.0,39.0,Self-emp-inc,Married-civ-spouse,Sales,Asian-Pac-Islander,Female,Philippines,wachter,1
42.0,13.0,5145.0,0.0,39.0,Self-emp-inc,Married-civ-spouse,Sales,Asian-Pac-Islander,Female,Philippines,wachter,1
42.0,13.0,5136.0,2.0,39.0,Self-emp-inc,Married-civ-spouse,Sales,Asian-Pac-Islander,Female,Philippines,wachter,1
43.0,12.0,5077.0,0.0,40.0,Self-emp-inc,Married-civ-spouse,Sales,Asian-Pac-Islander,Female,Philippines,wachter,0
43.0,13.0,6668.0,0.0,40.0,Self-emp-inc,Married-civ-spouse,Sales,Asian-Pac-Islander,Female,Philippines,cem,1
43.0,13.0,13354.0,0.0,40.0,Self-emp-inc,Married-civ-spouse,Sales,White,Female,Cuba,cfproto,1
43.0,13.0,23631.0,0.0,40.0,Local-gov,Married-civ-spouse,Handlers-cleaners,White,Female,Outlying-US(Guam-USVI-etc),cfproto,1
43.0,13.0,20731.0,0.0,40.0,Self-emp-inc,Married-civ-spouse,Machine-op-inspct,White,Female,Outlying-US(Guam-USVI-etc),cfproto,1
43.0,13.0,0.0,0.0,40.0,Self-emp-inc,Married-civ-spouse,Sales,White,Female,Philippines,cfproto,1
43.0,13.0,0.0,0.0,40.0,Self-emp-inc,Married-civ-spouse,Sales,White,Female,China,cfproto,1
43.0,13.0,4730.0,0.0,40.0,Self-emp-inc,Married-civ-spouse,Sales,White,Female,Trinadad&Tobago,cfproto,1
43.0,13.0,17253.0,0.0,40.0,Self-emp-inc,Married-civ-spouse,Sales,White,Female,Nicaragua,cfproto,1
43.0,13.0,0.0,0.0,40.0,Self-emp-inc,Married-civ-spouse,Sales,White,Female,Philippines,cfproto,1
43.0,13.0,0.0,0.0,40.0,Self-emp-inc,Married-civ-spouse,Sales,White,Female,Philippines,cfproto,1
43.0,13.0,0.0,0.0,40.0,Self-emp-inc,Married-civ-spouse,Sales,White,Female,Philippines,cfproto,1
41.0,11.0,14237.0,762.0,50.0,Federal-gov,Married-AF-spouse,Craft-repair,Asian-Pac-Islander,Female,Philippines,growing-spheres,1
36.0,11.0,29584.0,0.0,47.0,?,Divorced,Machine-op-inspct,Asian-Pac-Islander,Female,Philippines,growing-spheres,1
21.0,11.0,21220.0,0.0,52.0,?,Married-civ-spouse,Craft-repair,Asian-Pac-Islander,Female,Philippines,growing-spheres,1
24.0,12.0,14902.0,0.0,49.0,Federal-gov,Married-civ-spouse,?,Asian-Pac-Islander,Female,Philippines,growing-spheres,1
46.0,14.0,26753.0,0.0,21.0,?,Married-AF-spouse,Armed-Forces,Asian-Pac-Islander,Female,Philippines,growing-spheres,1
46.0,14.0,19090.0,424.0,61.0,?,Divorced,Craft-repair,Asian-Pac-Islander,Female,Philippines,growing-spheres,1
49.0,13.0,26539.0,0.0,26.0,?,Married-AF-spouse,?,Asian-Pac-Islander,Female,Philippines,growing-spheres,1
53.0,14.0,16535.0,0.0,37.0,Local-gov,Divorced,Adm-clerical,Asian-Pac-Islander,Female,Philippines,growing-spheres,1
44.0,11.0,22505.0,0.0,22.0,Local-gov,Married-AF-spouse,Exec-managerial,Asian-Pac-Islander,Female,Philippines,growing-spheres,1
34.0,15.0,13563.0,0.0,59.0,Federal-gov,Married-civ-spouse,Craft-repair,Asian-Pac-Islander,Female,Philippines,growing-spheres,1
48.0,15.0,22983.0,725.0,57.0,Federal-gov,Divorced,Machine-op-inspct,Asian-Pac-Islander,Female,Philippines,growing-spheres,1
32.0,16.0,9344.0,0.0,44.0,Federal-gov,Married-AF-spouse,Adm-clerical,Asian-Pac-Islander,Female,Philippines,growing-spheres,1
54.0,14.0,14109.0,1938.0,64.0,?,Married-civ-spouse,Other-service,Asian-Pac-Islander,Female,Philippines,growing-spheres,1
40.0,13.0,28009.0,0.0,47.0,Local-gov,Married-AF-spouse,Adm-clerical,Asian-Pac-Islander,Female,Philippines,growing-spheres,1
46.0,13.0,7002.0,0.0,39.0,Federal-gov,Married-civ-spouse,?,Asian-Pac-Islander,Female,Philippines,growing-spheres,1
55.0,12.0,8648.0,0.0,38.0,?,Married-AF-spouse,Craft-repair,Asian-Pac-Islander,Female,Philippines,growing-spheres,1
38.0,12.0,21816.0,484.0,50.0,?,Married-AF-spouse,Exec-managerial,Asian-Pac-Islander,Female,Philippines,growing-spheres,1
41.0,14.0,11283.0,0.0,41.0,Local-gov,Married-AF-spouse,?,Asian-Pac-Islander,Female,Philippines,growing-spheres,1
28.0,12.0,29454.0,0.0,41.0,?,Married-AF-spouse,Armed-Forces,Asian-Pac-Islander,Female,Philippines,growing-spheres,1
51.0,14.0,24263.0,931.0,54.0,?,Divorced,Prof-specialty,Asian-Pac-Islander,Female,Philippines,growing-spheres,1
42.0,13.0,0.0,0.0,39.0,?,Married-civ-spouse,Sales,Asian-Pac-Islander,Female,Philippines,actionable-recourse,0
44.0,13.0,0.0,0.0,50.0,Self-emp-inc,Married-civ-spouse,Sales,Asian-Pac-Islander,Male,?,face,1
36.0,13.0,0.0,0.0,34.0,Private,Married-civ-spouse,Prof-specialty,Asian-Pac-Islander,Female,Philippines,face,1
50.0,15.0,7687.0,0.0,50.0,Self-emp-inc,Married-civ-spouse,Prof-specialty,Asian-Pac-Islander,Male,Philippines,face,1
42.0,13.0,0.0,0.0,44.0,Self-emp-inc,Married-civ-spouse,Sales,White,Male,United-States,face,1
39.0,13.0,7687.0,0.0,39.0,Self-emp-inc,Married-civ-spouse,Sales,Asian-Pac-Islander,Male,?,face,1
30.0,13.0,0.0,0.0,39.0,Private,Married-civ-spouse,Adm-clerical,Asian-Pac-Islander,Female,Philippines,face,1
46.0,13.0,0.0,0.0,39.0,Self-emp-inc,Married-civ-spouse,Sales,White,Male,United-States,face,1
35.0,13.0,7298.0,0.0,39.0,Local-gov,Married-civ-spouse,Sales,Asian-Pac-Islander,Male,Philippines,face,1
39.0,13.0,0.0,0.0,39.0,Self-emp-inc,Married-civ-spouse,Sales,White,Male,United-States,face,1
44.0,10.0,0.0,0.0,79.0,Self-emp-not-inc,Married-civ-spouse,Sales,Asian-Pac-Islander,Male,Philippines,face,1
