age,education.num,capital.gain,capital.loss,hours.per.week,workclass,marital.status,occupation,race,sex,native.country,explainer,income
40.0,13,51564.0,0.0,45.0,Private,Married-spouse-absent,Transport-moving,Other,Male,?,dice,1
40.0,13,23036.0,0.0,45.0,Private,Married-spouse-absent,Transport-moving,Other,Male,?,dice,1
82.0,13,60108.0,0.0,45.0,Private,Married-spouse-absent,Transport-moving,Other,Male,?,dice,1
40.0,13,21390.0,2376.0,45.0,Private,Married-spouse-absent,Transport-moving,Other,Male,?,dice,1
40.0,13,56685.0,0.0,45.0,Private,Married-spouse-absent,Transport-moving,Other,Male,?,dice,1
40.0,13,44362.0,0.0,45.0,Private,Married-spouse-absent,Transport-moving,Other,Male,?,dice,1
88.0,13,39462.0,0.0,45.0,Private,Married-spouse-absent,Transport-moving,Other,Male,?,dice,1
40.0,13,76954.0,1266.0,45.0,Private,Married-spouse-absent,Transport-moving,Other,Male,?,dice,1
40.0,13,55019.0,0.0,45.0,Private,Married-spouse-absent,Transport-moving,Other,Male,?,dice,1
40.0,13,47986.0,0.0,45.0,Private,Married-spouse-absent,Transport-moving,Other,Male,?,dice,1
40.0,13,17667.0,0.0,45.0,Private,Married-civ-spouse,Transport-moving,Other,Male,?,dice,1
40.0,13,59870.0,0.0,27.0,Private,Married-spouse-absent,Transport-moving,Other,Male,?,dice,1
40.0,13,25597.0,0.0,31.0,Private,Married-spouse-absent,Transport-moving,Other,Male,?,dice,1
40.0,13,84343.0,0.0,6.0,Private,Married-spouse-absent,Transport-moving,Other,Male,?,dice,1
40.0,13,17518.0,0.0,45.0,Private,Married-civ-spouse,Transport-moving,Other,Male,?,dice,1
40.0,13,64929.0,0.0,45.0,Without-pay,Married-spouse-absent,Transport-moving,Other,Male,?,dice,1
40.0,13,45346.0,3575.0,45.0,Private,Married-spouse-absent,Transport-moving,Other,Male,?,dice,1
40.0,13,46921.0,909.0,45.0,Private,Married-spouse-absent,Transport-moving,Other,Male,?,dice,1
40.0,13,66908.0,0.0,45.0,Private,Married-spouse-absent,Transport-moving,Other,Male,?,dice,1
40.0,13,80708.0,0.0,45.0,Self-emp-not-inc,Married-spouse-absent,Transport-moving,Other,Male,?,dice,1
40.0,13,17746.0,0.0,45.0,Private,Married-spouse-absent,Transport-moving,Other,Male,?,cadex,1
40.0,13,19711.0,0.0,45.0,Private,Married-spouse-absent,Transport-moving,Other,Male,?,cadex,1
43.0,13,4473.0,34.0,46.0,Private,Never-married,Machine-op-inspct,Other,Male,?,fimap,0
44.0,13,5303.0,40.0,46.0,Private,Married-civ-spouse,Machine-op-inspct,Other,Male,?,fimap,1
45.0,13,6313.0,47.0,47.0,Private,Married-civ-spouse,Transport-moving,Other,Male,?,fimap,0
46.0,14,8112.0,62.0,47.0,Private,Married-civ-spouse,Adm-clerical,Other,Male,?,fimap,1
47.0,14,12149.0,110.0,49.0,Private,Married-civ-spouse,Sales,Other,Male,?,fimap,1
47.0,14,11694.0,113.0,49.0,Private,Married-civ-spouse,Other-service,Other,Male,?,fimap,1
49.0,15,13561.0,593.0,57.0,Private,Married-spouse-absent,Transport-moving,Other,Male,?,cadex,1
49.0,15,13621.0,0.0,57.0,Private,Married-spouse-absent,Transport-moving,Other,Male,?,cadex,1
49.0,13,13702.0,0.0,57.0,Private,Married-spouse-absent,Transport-moving,Other,Male,?,cadex,1
49.0,13,13777.0,0.0,58.0,Private,Married-spouse-absent,Transport-moving,Other,Male,?,cadex,1
49.0,13,14143.0,0.0,45.0,Private,Married-spouse-absent,Transport-moving,Other,Male,?,cadex,1
50.0,13,13824.0,0.0,45.0,Private,Married-spouse-absent,Transport-moving,Other,Male,?,cadex,1
40.0,13,16914.0,0.0,45.0,Private,Married-spouse-absent,Transport-moving,Other,Male,?,cem,1
40.0,13,33236.0,0.0,45.0,Without-pay,Married-spouse-absent,Transport-moving,Other,Male,Nicaragua,cfproto,1
54.0,12,14551.0,0.0,65.0,Self-emp-not-inc,Married-spouse-absent,Transport-moving,Other,Male,Philippines,cfproto,1
40.0,13,39081.0,0.0,45.0,Without-pay,Married-spouse-absent,Transport-moving,Other,Male,Outlying-US(Guam-USVI-etc),cfproto,1
40.0,13,15514.0,0.0,45.0,Private,Married-spouse-absent,Transport-moving,Other,Male,Hungary,cfproto,1
42.0,13,33697.0,0.0,47.0,?,Married-civ-spouse,Protective-serv,Other,Male,Outlying-US(Guam-USVI-etc),cfproto,1
49.0,12,4108.0,0.0,59.0,State-gov,Married-spouse-absent,Transport-moving,Other,Male,Japan,cfproto,0
40.0,13,36708.0,0.0,45.0,Without-pay,Married-spouse-absent,Transport-moving,Other,Male,Outlying-US(Guam-USVI-etc),cfproto,1
40.0,13,15514.0,0.0,45.0,Private,Married-spouse-absent,Transport-moving,Other,Male,Hungary,cfproto,1
27.0,15,26198.0,677.0,21.0,Federal-gov,Married-AF-spouse,Handlers-cleaners,Other,Male,?,growing-spheres,1
53.0,16,37584.0,661.0,48.0,Private,Married-AF-spouse,Farming-fishing,Other,Male,?,growing-spheres,1
43.0,12,25140.0,161.0,47.0,?,Married-AF-spouse,?,Other,Male,?,growing-spheres,1
51.0,13,26925.0,536.0,22.0,Private,Married-AF-spouse,Protective-serv,Other,Male,?,growing-spheres,1
60.0,11,35566.0,129.0,41.0,Local-gov,Divorced,Armed-Forces,Other,Male,?,growing-spheres,1
45.0,15,23228.0,103.0,45.0,Local-gov,Married-AF-spouse,Craft-repair,Other,Male,?,growing-spheres,1
47.0,13,28163.0,587.0,35.0,Federal-gov,Married-AF-spouse,?,Other,Male,?,growing-spheres,1
34.0,13,23816.0,0.0,59.0,?,Married-AF-spouse,Adm-clerical,Other,Male,?,growing-spheres,1
36.0,16,38162.0,691.0,69.0,?,Divorced,Handlers-cleaners,Other,Male,?,growing-spheres,1
43.0,15,16750.0,0.0,18.0,Local-gov,Divorced,Adm-clerical,Other,Male,?,growing-spheres,1
55.0,14,24098.0,0.0,40.0,Federal-gov,Married-civ-spouse,Adm-clerical,Other,Male,?,growing-spheres,1
47.0,13,14895.0,229.0,46.0,Local-gov,Divorced,Handlers-cleaners,Other,Male,?,growing-spheres,1
53.0,12,26509.0,1023.0,55.0,Federal-gov,Divorced,?,Other,Male,?,growing-spheres,1
24.0,14,27277.0,0.0,50.0,Federal-gov,Married-AF-spouse,Armed-Forces,Other,Male,?,growing-spheres,1
54.0,15,24167.0,0.0,24.0,?,Married-civ-spouse,Adm-clerical,Other,Male,?,growing-spheres,1
47.0,10,25777.0,21.0,28.0,Federal-gov,Married-AF-spouse,?,Other,Male,?,growing-spheres,1
39.0,13,16665.0,91.0,53.0,?,Married-AF-spouse,Machine-op-inspct,Other,Male,?,growing-spheres,1
45.0,10,30977.0,265.0,56.0,Self-emp-inc,Divorced,?,Other,Male,?,growing-spheres,1
55.0,12,18515.0,481.0,34.0,?,Married-AF-spouse,Armed-Forces,Other,Male,?,growing-spheres,1
44.0,10,29434.0,0.0,55.0,Federal-gov,Divorced,Exec-managerial,Other,Male,?,growing-spheres,1
42.0,13,0.0,0.0,44.0,Private,Divorced,Sales,White,Male,?,face,1
41.0,13,0.0,0.0,39.0,Private,Married-civ-spouse,Exec-managerial,White,Male,?,face,1
55.0,10,0.0,0.0,59.0,Private,Married-civ-spouse,Transport-moving,White,Male,?,face,0
42.0,16,27827.0,0.0,59.0,Private,Married-spouse-absent,Other-service,White,Male,?,face,1
42.0,13,0.0,0.0,39.0,Private,Never-married,Prof-specialty,White,Male,?,face,1
38.0,14,0.0,0.0,39.0,Private,Married-civ-spouse,Exec-managerial,Asian-Pac-Islander,Male,?,face,1
42.0,13,0.0,0.0,39.0,Private,Never-married,Prof-specialty,White,Male,?,face,1
42.0,14,0.0,0.0,50.0,Private,Married-spouse-absent,Exec-managerial,White,Male,United-States,face,1
38.0,13,0.0,0.0,44.0,Private,Never-married,Sales,White,Male,?,face,1
41.0,13,6497.0,0.0,39.0,Private,Divorced,Transport-moving,Black,Male,United-States,face,1
