age,education.num,capital.gain,capital.loss,hours.per.week,workclass,marital.status,occupation,race,sex,native.country,explainer,income
43.0,10.0,5013,0.0,79.0,Private,Married-civ-spouse,Priv-house-serv,White,Male,United-States,dice,0
43.0,10.0,5013,0.0,40.0,Never-worked,Married-civ-spouse,Other-service,White,Male,United-States,dice,0
43.0,10.0,5013,0.0,36.0,Private,Married-civ-spouse,Armed-Forces,White,Male,United-States,dice,0
43.0,10.0,5013,0.0,40.0,Private,Never-married,Adm-clerical,White,Male,United-States,dice,0
43.0,1.0,5013,0.0,40.0,Private,Married-civ-spouse,Armed-Forces,White,Male,United-States,dice,0
43.0,10.0,5013,1709.0,40.0,Private,Divorced,Adm-clerical,White,Male,United-States,dice,0
96.0,10.0,5013,0.0,40.0,Private,Married-civ-spouse,Adm-clerical,White,Male,United-States,dice,0
43.0,10.0,5013,0.0,40.0,Never-worked,Never-married,Adm-clerical,White,Male,United-States,dice,0
92.0,10.0,5013,0.0,40.0,Local-gov,Married-civ-spouse,Adm-clerical,White,Male,United-States,dice,0
43.0,6.0,5013,0.0,40.0,Private,Separated,Adm-clerical,White,Male,United-States,dice,0
43.0,10.0,5013,0.0,12.0,Private,Married-civ-spouse,Adm-clerical,White,Male,United-States,dice,0
43.0,10.0,5013,1544.0,40.0,Private,Married-civ-spouse,Priv-house-serv,White,Male,United-States,dice,0
43.0,10.0,5013,0.0,40.0,Local-gov,Divorced,Adm-clerical,White,Male,United-States,dice,0
72.0,10.0,5013,0.0,40.0,Private,Married-civ-spouse,Priv-house-serv,White,Male,United-States,dice,0
43.0,10.0,5013,0.0,8.0,Private,Married-civ-spouse,Adm-clerical,White,Male,United-States,dice,0
43.0,10.0,5013,0.0,56.0,Private,Married-spouse-absent,Adm-clerical,White,Male,United-States,dice,0
93.0,8.0,5013,0.0,40.0,Private,Married-civ-spouse,Adm-clerical,White,Male,United-States,dice,0
43.0,6.0,5013,0.0,40.0,Never-worked,Married-civ-spouse,Adm-clerical,White,Male,United-States,dice,0
43.0,10.0,5013,0.0,5.0,Private,Married-civ-spouse,Adm-clerical,White,Male,United-States,dice,0
43.0,10.0,5013,0.0,40.0,Never-worked,Married-civ-spouse,Exec-managerial,White,Male,United-States,dice,0
35.0,8.0,0,0.0,34.0,Private,Married-civ-spouse,Craft-repair,White,Male,United-States,fimap,0
35.0,8.0,0,0.0,34.0,Private,Married-civ-spouse,Farming-fishing,White,Male,United-States,fimap,0
38.0,8.0,0,0.0,36.0,Private,Married-civ-spouse,Transport-moving,White,Male,United-States,fimap,0
39.0,9.0,13,0.0,35.0,Private,Married-civ-spouse,Adm-clerical,White,Male,United-States,cadex,0
41.0,9.0,890,0.0,37.0,Private,Married-civ-spouse,Farming-fishing,White,Male,United-States,fimap,0
41.0,9.0,946,0.0,37.0,Private,Never-married,Exec-managerial,White,Male,United-States,fimap,0
41.0,9.0,904,0.0,38.0,Private,Married-civ-spouse,?,White,Male,United-States,fimap,0
43.0,8.0,0,0.0,30.0,Private,Married-civ-spouse,Adm-clerical,White,Male,United-States,cadex,0
43.0,8.0,0,0.0,30.0,Private,Married-civ-spouse,Adm-clerical,White,Male,United-States,cadex,0
43.0,8.0,0,0.0,30.0,Private,Married-civ-spouse,Adm-clerical,White,Male,United-States,cadex,0
43.0,9.0,13,0.0,35.0,Private,Married-civ-spouse,Adm-clerical,White,Male,United-States,cadex,0
43.0,10.0,0,0.0,40.0,Private,Married-civ-spouse,Adm-clerical,White,Male,United-States,cadex,0
43.0,10.0,0,0.0,30.0,Private,Married-civ-spouse,Adm-clerical,White,Male,United-States,cadex,0
46.0,9.0,0,0.0,32.0,Private,Married-civ-spouse,Adm-clerical,White,Male,United-States,wachter,0
42.0,9.0,0,0.0,30.0,Private,Married-civ-spouse,Adm-clerical,White,Male,United-States,wachter,0
41.0,9.0,0,0.0,32.0,Private,Married-civ-spouse,Adm-clerical,White,Male,United-States,wachter,0
42.0,9.0,0,0.0,32.0,Private,Married-civ-spouse,Adm-clerical,White,Male,United-States,wachter,0
43.0,9.0,0,0.0,30.0,Private,Married-civ-spouse,Adm-clerical,White,Male,United-States,wachter,0
44.0,9.0,0,0.0,32.0,Private,Married-civ-spouse,Adm-clerical,White,Male,United-States,wachter,0
41.0,9.0,0,0.0,31.0,Private,Married-civ-spouse,Adm-clerical,White,Male,United-States,wachter,0
33.0,10.0,0,0.0,39.0,Private,Married-civ-spouse,Adm-clerical,White,Male,United-States,wachter,0
42.0,9.0,0,0.0,30.0,Private,Married-civ-spouse,Adm-clerical,White,Male,United-States,wachter,0
42.0,9.0,0,0.0,31.0,Private,Married-civ-spouse,Adm-clerical,White,Male,United-States,wachter,0
43.0,10.0,5013,0.0,20.0,Private,Married-civ-spouse,Adm-clerical,White,Male,United-States,cem,1
43.0,9.0,0,0.0,39.0,State-gov,Married-civ-spouse,Other-service,White,Male,Greece,cfproto,0
43.0,10.0,2609,0.0,40.0,Private,Married-civ-spouse,Other-service,White,Male,Iran,cfproto,0
43.0,10.0,2927,0.0,40.0,Private,Married-civ-spouse,Other-service,White,Male,?,cfproto,0
43.0,10.0,5013,0.0,40.0,Private,Married-civ-spouse,Adm-clerical,White,Male,Dominican-Republic,cfproto,0
43.0,10.0,1100,0.0,40.0,Private,Married-civ-spouse,Other-service,White,Male,Greece,cfproto,0
43.0,10.0,5013,0.0,40.0,Private,Married-civ-spouse,Adm-clerical,White,Male,Dominican-Republic,cfproto,0
41.0,9.0,3203,63.0,38.0,?,Married-civ-spouse,Adm-clerical,White,Male,United-States,growing-spheres,1
41.0,8.0,4601,187.0,41.0,Federal-gov,Married-civ-spouse,?,White,Male,United-States,growing-spheres,1
44.0,9.0,1423,33.0,41.0,Private,Married-civ-spouse,?,White,Male,United-States,growing-spheres,0
42.0,9.0,1960,70.0,43.0,Private,Never-married,Adm-clerical,White,Male,United-States,growing-spheres,0
42.0,9.0,5033,0.0,39.0,Federal-gov,Married-civ-spouse,Adm-clerical,White,Male,United-States,growing-spheres,1
43.0,10.0,4729,0.0,40.0,?,Married-civ-spouse,?,White,Male,United-States,growing-spheres,1
46.0,10.0,5530,0.0,37.0,Local-gov,Married-civ-spouse,Protective-serv,White,Male,United-States,growing-spheres,1
51.0,10.0,3911,0.0,39.0,Federal-gov,Married-civ-spouse,Adm-clerical,White,Male,United-States,growing-spheres,1
42.0,10.0,5782,43.0,40.0,Local-gov,Never-married,Adm-clerical,White,Male,United-States,growing-spheres,0
40.0,9.0,8973,0.0,34.0,Private,Married-civ-spouse,Craft-repair,White,Male,United-States,growing-spheres,1
40.0,9.0,3268,0.0,40.0,?,Married-civ-spouse,Adm-clerical,White,Male,United-States,growing-spheres,1
40.0,9.0,8006,0.0,29.0,Never-worked,Married-civ-spouse,Machine-op-inspct,White,Male,United-States,growing-spheres,0
43.0,9.0,5304,32.0,39.0,Private,Married-AF-spouse,Farming-fishing,White,Male,United-States,growing-spheres,1
41.0,10.0,0,449.0,33.0,?,Divorced,?,White,Male,United-States,growing-spheres,0
42.0,10.0,5370,12.0,40.0,Private,Divorced,?,White,Male,United-States,growing-spheres,0
40.0,10.0,6926,0.0,39.0,Federal-gov,Married-civ-spouse,Adm-clerical,White,Male,United-States,growing-spheres,1
43.0,10.0,5050,0.0,39.0,?,Married-AF-spouse,?,White,Male,United-States,growing-spheres,1
45.0,9.0,3293,0.0,39.0,Without-pay,Divorced,?,White,Male,United-States,growing-spheres,0
43.0,10.0,2866,0.0,40.0,?,Never-married,Adm-clerical,White,Male,United-States,growing-spheres,0
39.0,10.0,4132,0.0,42.0,?,Married-AF-spouse,Adm-clerical,White,Male,United-States,growing-spheres,1
34.0,9.0,0,0.0,39.0,Private,Married-civ-spouse,Adm-clerical,White,Male,United-States,face,0
31.0,10.0,0,0.0,39.0,Private,Married-civ-spouse,Adm-clerical,White,Male,United-States,face,0
26.0,7.0,0,0.0,39.0,Private,Married-civ-spouse,Adm-clerical,White,Male,United-States,face,0
31.0,10.0,0,0.0,39.0,Private,Married-civ-spouse,Adm-clerical,White,Male,United-States,face,0
29.0,11.0,0,0.0,39.0,Private,Married-civ-spouse,Adm-clerical,White,Male,United-States,face,0
26.0,10.0,0,0.0,39.0,Private,Married-civ-spouse,Adm-clerical,White,Male,United-States,face,0
30.0,10.0,0,0.0,29.0,Private,Married-civ-spouse,Adm-clerical,White,Male,United-States,face,0
32.0,9.0,0,0.0,39.0,Private,Married-civ-spouse,Adm-clerical,White,Male,United-States,face,0
30.0,9.0,0,0.0,43.0,Private,Married-civ-spouse,Adm-clerical,White,Male,United-States,face,0
32.0,9.0,0,0.0,39.0,Private,Married-civ-spouse,Adm-clerical,White,Male,United-States,face,0
