age,education.num,capital.gain,capital.loss,hours.per.week,workclass,marital.status,occupation,race,sex,native.country,explainer,income
48.0,13.0,0,0,50.0,State-gov,Married-civ-spouse,Armed-Forces,White,Female,United-States,dice,0
93.0,13.0,0,0,24.0,Local-gov,Married-civ-spouse,Prof-specialty,White,Female,United-States,dice,0
48.0,2.0,0,0,50.0,Local-gov,Married-civ-spouse,Protective-serv,White,Female,United-States,dice,0
48.0,13.0,0,0,78.0,Local-gov,Married-spouse-absent,Prof-specialty,White,Female,United-States,dice,0
98.0,13.0,0,0,50.0,State-gov,Married-civ-spouse,Prof-specialty,White,Female,United-States,dice,0
48.0,13.0,0,0,60.0,Local-gov,Married-civ-spouse,Armed-Forces,White,Female,United-States,dice,0
48.0,11.0,0,0,50.0,Local-gov,Widowed,Prof-specialty,White,Female,United-States,dice,0
48.0,13.0,0,0,18.0,Local-gov,Widowed,Prof-specialty,White,Female,United-States,dice,0
48.0,13.0,0,0,50.0,Local-gov,Never-married,Prof-specialty,White,Female,United-States,dice,0
48.0,13.0,0,0,12.0,Without-pay,Married-civ-spouse,Prof-specialty,White,Female,United-States,dice,0
85.0,13.0,0,0,50.0,Private,Married-civ-spouse,Prof-specialty,White,Female,United-States,dice,0
48.0,9.0,0,0,50.0,Local-gov,Never-married,Prof-specialty,White,Female,United-States,dice,0
92.0,13.0,0,0,50.0,Local-gov,Married-civ-spouse,Prof-specialty,White,Female,United-States,dice,0
25.0,13.0,0,0,50.0,Without-pay,Married-civ-spouse,Prof-specialty,White,Female,United-States,dice,0
48.0,5.0,0,0,50.0,Private,Married-civ-spouse,Prof-specialty,White,Female,United-States,dice,0
88.0,13.0,0,0,50.0,Private,Married-civ-spouse,Prof-specialty,White,Female,United-States,dice,0
48.0,13.0,0,0,50.0,Local-gov,Married-civ-spouse,Priv-house-serv,White,Female,United-States,dice,0
48.0,13.0,0,0,2.0,Local-gov,Separated,Prof-specialty,White,Female,United-States,dice,0
97.0,13.0,0,0,50.0,Local-gov,Married-civ-spouse,Prof-specialty,White,Female,United-States,dice,0
23.0,13.0,0,0,50.0,Local-gov,Widowed,Prof-specialty,White,Female,United-States,dice,0
39.0,11.0,0,0,44.0,Private,Married-civ-spouse,Transport-moving,White,Female,United-States,fimap,0
40.0,11.0,0,0,44.0,Private,Never-married,Tech-support,White,Female,United-States,fimap,0
41.0,11.0,0,0,53.0,Local-gov,Married-civ-spouse,Prof-specialty,White,Female,United-States,cadex,0
41.0,11.0,0,0,50.0,Local-gov,Married-civ-spouse,Prof-specialty,White,Female,United-States,cadex,0
43.0,12.0,0,0,47.0,Private,Married-civ-spouse,?,White,Female,United-States,fimap,0
46.0,12.0,0,0,47.0,Private,Married-civ-spouse,Adm-clerical,White,Female,United-States,fimap,1
46.0,12.0,0,0,47.0,Private,Married-civ-spouse,Machine-op-inspct,White,Female,United-States,fimap,1
46.0,12.0,0,0,48.0,Private,Divorced,Prof-specialty,White,Female,United-States,fimap,0
48.0,11.0,0,0,50.0,Local-gov,Married-civ-spouse,Prof-specialty,White,Female,United-States,cadex,0
48.0,11.0,0,0,50.0,Local-gov,Married-civ-spouse,Prof-specialty,White,Female,United-States,cadex,0
48.0,11.0,0,0,50.0,Local-gov,Married-civ-spouse,Prof-specialty,White,Female,United-States,cadex,0
48.0,11.0,0,0,50.0,Local-gov,Married-civ-spouse,Prof-specialty,White,Female,United-States,cadex,0
48.0,11.0,0,0,50.0,Local-gov,Married-civ-spouse,Prof-specialty,White,Female,United-States,cadex,0
48.0,13.0,0,0,50.0,Local-gov,Married-civ-spouse,Prof-specialty,White,Female,United-States,cadex,0
47.0,12.0,0,0,49.0,Local-gov,Married-civ-spouse,Prof-specialty,White,Female,United-States,wachter,1
49.0,12.0,0,0,49.0,Local-gov,Married-civ-spouse,Prof-specialty,White,Female,United-States,wachter,1
46.0,9.0,0,0,51.0,Local-gov,Married-civ-spouse,Prof-specialty,White,Female,United-States,wachter,1
47.0,12.0,0,0,49.0,Local-gov,Married-civ-spouse,Prof-specialty,White,Female,United-States,wachter,1
48.0,12.0,0,0,49.0,Local-gov,Married-civ-spouse,Prof-specialty,White,Female,United-States,wachter,1
44.0,10.0,0,0,50.0,Local-gov,Married-civ-spouse,Prof-specialty,White,Female,United-States,wachter,1
46.0,10.0,0,0,51.0,Local-gov,Married-civ-spouse,Prof-specialty,White,Female,United-States,wachter,1
47.0,12.0,0,0,49.0,Local-gov,Married-civ-spouse,Prof-specialty,White,Female,United-States,wachter,1
47.0,12.0,0,0,48.0,Local-gov,Married-civ-spouse,Prof-specialty,White,Female,United-States,wachter,1
47.0,12.0,0,0,50.0,Local-gov,Married-civ-spouse,Prof-specialty,White,Female,United-States,wachter,1
48.0,13.0,0,0,50.0,Local-gov,Married-civ-spouse,Prof-specialty,White,Female,United-States,cem,1
48.0,13.0,0,0,50.0,Local-gov,Married-civ-spouse,Machine-op-inspct,White,Female,Dominican-Republic,cfproto,0
48.0,13.0,0,0,50.0,Self-emp-not-inc,Married-civ-spouse,Other-service,White,Female,?,cfproto,0
47.0,12.0,0,0,49.0,Self-emp-inc,Married-spouse-absent,Priv-house-serv,White,Female,Laos,cfproto,0
48.0,13.0,0,0,50.0,Local-gov,Married-civ-spouse,Handlers-cleaners,White,Female,Greece,cfproto,0
48.0,12.0,0,0,50.0,Self-emp-not-inc,Married-civ-spouse,Other-service,White,Female,Japan,cfproto,0
48.0,13.0,0,0,50.0,Local-gov,Married-civ-spouse,Machine-op-inspct,White,Female,Dominican-Republic,cfproto,0
48.0,12.0,854,6,48.0,?,Divorced,Craft-repair,White,Female,United-States,growing-spheres,0
47.0,12.0,0,27,50.0,Federal-gov,Married-AF-spouse,Armed-Forces,White,Female,United-States,growing-spheres,1
52.0,12.0,6925,112,45.0,Local-gov,Married-civ-spouse,?,White,Female,United-States,growing-spheres,1
50.0,11.0,0,0,45.0,?,Divorced,?,White,Female,United-States,growing-spheres,0
45.0,12.0,0,0,43.0,Local-gov,Married-AF-spouse,Adm-clerical,White,Female,United-States,growing-spheres,0
52.0,13.0,2705,141,51.0,?,Married-civ-spouse,Farming-fishing,White,Female,United-States,growing-spheres,1
48.0,13.0,181,0,50.0,?,Divorced,?,White,Female,United-States,growing-spheres,0
50.0,12.0,0,0,51.0,Local-gov,Divorced,Armed-Forces,White,Female,United-States,growing-spheres,0
52.0,13.0,0,171,46.0,Federal-gov,Married-civ-spouse,Craft-repair,White,Female,United-States,growing-spheres,1
49.0,12.0,0,0,49.0,Local-gov,Divorced,Armed-Forces,White,Female,United-States,growing-spheres,0
47.0,12.0,2088,0,49.0,Local-gov,Married-civ-spouse,Handlers-cleaners,White,Female,United-States,growing-spheres,1
52.0,12.0,0,0,56.0,Local-gov,Married-civ-spouse,Adm-clerical,White,Female,United-States,growing-spheres,1
47.0,12.0,1021,0,51.0,Never-worked,Divorced,Adm-clerical,White,Female,United-States,growing-spheres,0
57.0,12.0,2379,300,37.0,Local-gov,Divorced,Machine-op-inspct,White,Female,United-States,growing-spheres,0
45.0,13.0,0,501,49.0,Federal-gov,Married-civ-spouse,Craft-repair,White,Female,United-States,growing-spheres,1
48.0,13.0,0,0,49.0,Without-pay,Married-civ-spouse,?,White,Female,United-States,growing-spheres,0
48.0,12.0,0,0,51.0,Federal-gov,Married-civ-spouse,Armed-Forces,White,Female,United-States,growing-spheres,0
45.0,13.0,0,0,51.0,?,Married-civ-spouse,Craft-repair,White,Female,United-States,growing-spheres,1
52.0,12.0,0,0,52.0,Local-gov,Married-civ-spouse,?,White,Female,United-States,growing-spheres,1
46.0,13.0,0,240,53.0,Private,Divorced,Craft-repair,White,Female,United-States,growing-spheres,0
42.0,14.0,914,0,39.0,Local-gov,Divorced,Prof-specialty,White,Female,United-States,face,0
54.0,13.0,0,0,48.0,Local-gov,Widowed,Prof-specialty,White,Female,United-States,face,0
40.0,13.0,0,0,44.0,Local-gov,Never-married,Prof-specialty,White,Female,United-States,face,0
46.0,13.0,0,0,43.0,Local-gov,Divorced,Prof-specialty,White,Female,United-States,face,0
49.0,14.0,0,0,59.0,Local-gov,Divorced,Prof-specialty,White,Female,United-States,face,0
45.0,14.0,1506,0,44.0,Local-gov,Divorced,Prof-specialty,White,Female,United-States,face,0
46.0,13.0,0,0,39.0,Local-gov,Never-married,Prof-specialty,White,Female,United-States,face,0
58.0,13.0,0,0,50.0,Local-gov,Divorced,Prof-specialty,White,Female,United-States,face,0
39.0,14.0,0,0,54.0,Local-gov,Never-married,Prof-specialty,White,Female,United-States,face,0
48.0,14.0,0,0,39.0,Local-gov,Divorced,Prof-specialty,White,Female,United-States,face,0
