age,education.num,capital.gain,capital.loss,hours.per.week,workclass,marital.status,occupation,race,sex,native.country,explainer,income
18.0,10,65546.0,0.0,10.0,State-gov,Never-married,Adm-clerical,White,Male,United-States,dice,1
18.0,10,67208.0,0.0,10.0,State-gov,Never-married,Adm-clerical,White,Male,United-States,dice,1
18.0,10,90849.0,0.0,10.0,State-gov,Never-married,Adm-clerical,White,Male,United-States,dice,1
18.0,10,26547.0,3573.0,10.0,State-gov,Never-married,Adm-clerical,White,Male,United-States,dice,1
18.0,10,31886.0,0.0,10.0,State-gov,Never-married,Adm-clerical,White,Male,United-States,dice,1
18.0,10,73596.0,0.0,85.0,State-gov,Never-married,Adm-clerical,White,Male,United-States,dice,1
18.0,10,96973.0,0.0,10.0,State-gov,Never-married,Adm-clerical,White,Male,United-States,dice,1
47.0,10,43419.0,0.0,10.0,State-gov,Never-married,Adm-clerical,White,Male,United-States,dice,1
18.0,10,83959.0,0.0,10.0,State-gov,Never-married,Adm-clerical,White,Male,United-States,dice,1
18.0,10,86818.0,0.0,61.0,State-gov,Never-married,Adm-clerical,White,Male,United-States,dice,1
18.0,10,64914.0,0.0,10.0,State-gov,Never-married,Farming-fishing,White,Male,United-States,dice,1
18.0,10,74616.0,0.0,10.0,State-gov,Never-married,Adm-clerical,White,Male,United-States,dice,1
18.0,10,85503.0,936.0,10.0,State-gov,Never-married,Adm-clerical,White,Male,United-States,dice,1
18.0,10,73105.0,0.0,94.0,State-gov,Never-married,Adm-clerical,White,Male,United-States,dice,1
18.0,10,79646.0,0.0,10.0,State-gov,Never-married,Sales,White,Male,United-States,dice,1
18.0,10,32795.0,0.0,10.0,State-gov,Never-married,Adm-clerical,White,Male,United-States,dice,1
18.0,10,93205.0,0.0,10.0,State-gov,Never-married,Adm-clerical,White,Male,United-States,dice,1
18.0,10,87858.0,0.0,66.0,State-gov,Never-married,Adm-clerical,White,Male,United-States,dice,1
18.0,10,19115.0,0.0,10.0,State-gov,Divorced,Adm-clerical,White,Male,United-States,dice,1
18.0,10,40634.0,0.0,10.0,State-gov,Never-married,Adm-clerical,White,Male,United-States,dice,1
18.0,10,24764.0,0.0,10.0,State-gov,Never-married,Adm-clerical,White,Male,United-States,cadex,1
27.0,12,13866.0,604.0,23.0,State-gov,Never-married,Adm-clerical,White,Male,United-States,cadex,1
28.0,12,13899.0,0.0,23.0,State-gov,Never-married,Adm-clerical,White,Male,United-States,cadex,1
28.0,10,13993.0,0.0,23.0,State-gov,Never-married,Adm-clerical,White,Male,United-States,cadex,0
28.0,10,14500.0,0.0,23.0,State-gov,Never-married,Adm-clerical,White,Male,United-States,cadex,1
28.0,10,14995.0,0.0,24.0,State-gov,Never-married,Adm-clerical,White,Male,United-States,cadex,1
29.0,11,9722.0,72.0,13.0,Private,Married-civ-spouse,Farming-fishing,White,Male,United-States,fimap,1
30.0,11,10412.0,78.0,13.0,Private,Never-married,Craft-repair,White,Male,United-States,fimap,0
30.0,10,17107.0,0.0,26.0,State-gov,Never-married,Adm-clerical,White,Male,United-States,cadex,1
30.0,11,10702.0,79.0,14.0,Private,Married-civ-spouse,Sales,White,Male,United-States,fimap,1
30.0,13,20887.0,207.0,18.0,Private,Married-civ-spouse,Adm-clerical,White,Male,United-States,fimap,1
30.0,11,12867.0,99.0,14.0,Private,Married-civ-spouse,Prof-specialty,White,Male,United-States,fimap,1
31.0,13,20079.0,197.0,18.0,Private,Married-civ-spouse,Craft-repair,White,Male,United-States,fimap,1
32.0,10,19819.0,0.0,10.0,State-gov,Never-married,Adm-clerical,White,Male,United-States,cadex,1
58.0,11,6542.0,0.0,98.0,Private,Married-civ-spouse,Transport-moving,White,Male,United-States,wachter,1
60.0,11,1964.0,0.0,98.0,Self-emp-not-inc,Married-civ-spouse,Transport-moving,White,Male,United-States,wachter,1
37.0,12,7464.0,0.0,99.0,Self-emp-not-inc,Married-civ-spouse,Transport-moving,White,Male,United-States,wachter,1
58.0,11,6538.0,0.0,99.0,Private,Married-civ-spouse,Transport-moving,White,Male,United-States,wachter,1
70.0,11,11439.0,448.0,66.0,Private,Divorced,Adm-clerical,White,Male,United-States,wachter,1
60.0,11,10030.0,81.0,96.0,Self-emp-inc,Married-civ-spouse,Transport-moving,White,Male,United-States,wachter,1
58.0,11,6547.0,0.0,98.0,Private,Married-civ-spouse,Transport-moving,White,Male,United-States,wachter,1
65.0,10,4859.0,0.0,98.0,Private,Divorced,Transport-moving,White,Male,United-States,wachter,1
37.0,12,7464.0,0.0,99.0,Self-emp-not-inc,Married-civ-spouse,Transport-moving,White,Male,United-States,wachter,1
58.0,10,4699.0,16.0,99.0,Private,Divorced,Transport-moving,White,Male,United-States,wachter,1
18.0,10,21374.0,0.0,10.0,State-gov,Never-married,Adm-clerical,White,Male,United-States,cem,1
18.0,10,23351.0,0.0,10.0,Self-emp-inc,Never-married,Adm-clerical,White,Male,India,cfproto,1
49.0,10,43711.0,1904.0,47.0,Self-emp-inc,Never-married,Other-service,White,Male,Germany,cfproto,1
90.0,16,99999.0,4356.0,99.0,?,Never-married,Protective-serv,White,Female,Outlying-US(Guam-USVI-etc),cfproto,1
18.0,10,33912.0,0.0,10.0,Self-emp-inc,Never-married,Adm-clerical,White,Male,Vietnam,cfproto,1
78.0,14,84399.0,3676.0,84.0,?,Never-married,Farming-fishing,White,Male,Outlying-US(Guam-USVI-etc),cfproto,1
32.0,9,20441.0,890.0,25.0,Self-emp-inc,Never-married,Adm-clerical,White,Male,Iran,cfproto,1
87.0,15,97029.0,4226.0,96.0,?,Never-married,Protective-serv,White,Male,Outlying-US(Guam-USVI-etc),cfproto,1
57.0,11,54995.0,2395.0,57.0,State-gov,Never-married,Other-service,White,Male,Cuba,cfproto,1
40.0,10,32121.0,1399.0,36.0,Self-emp-inc,Never-married,Adm-clerical,White,Male,Ireland,cfproto,1
18.0,10,18776.0,0.0,10.0,Self-emp-inc,Never-married,Adm-clerical,White,Male,Japan,cfproto,1
17.0,4,33124.0,637.0,30.0,Federal-gov,Married-civ-spouse,Adm-clerical,White,Male,United-States,growing-spheres,1
17.0,9,27760.0,1070.0,11.0,Federal-gov,Married-civ-spouse,Adm-clerical,White,Male,United-States,growing-spheres,1
37.0,11,21508.0,0.0,20.0,?,Married-AF-spouse,Adm-clerical,White,Male,United-States,growing-spheres,1
24.0,8,43677.0,0.0,1.0,Local-gov,Married-spouse-absent,Adm-clerical,White,Male,United-States,growing-spheres,1
21.0,8,43610.0,247.0,18.0,Self-emp-inc,Married-AF-spouse,?,White,Male,United-States,growing-spheres,1
17.0,11,41301.0,628.0,2.0,?,Married-AF-spouse,Exec-managerial,White,Male,United-States,growing-spheres,1
17.0,8,39067.0,1153.0,7.0,Private,Married-AF-spouse,?,White,Male,United-States,growing-spheres,1
28.0,11,49852.0,207.0,33.0,Never-worked,Divorced,?,White,Male,United-States,growing-spheres,1
34.0,8,52048.0,157.0,16.0,State-gov,Divorced,Adm-clerical,White,Male,United-States,growing-spheres,1
17.0,13,48928.0,224.0,35.0,Private,Divorced,?,White,Male,United-States,growing-spheres,1
17.0,10,44376.0,0.0,21.0,?,Divorced,Machine-op-inspct,White,Male,United-States,growing-spheres,1
41.0,10,35359.0,157.0,1.0,?,Divorced,Craft-repair,White,Male,United-States,growing-spheres,1
17.0,16,27299.0,612.0,20.0,?,Divorced,Armed-Forces,White,Male,United-States,growing-spheres,1
28.0,11,46703.0,302.0,2.0,Private,Divorced,?,White,Male,United-States,growing-spheres,1
20.0,12,38438.0,0.0,1.0,Local-gov,Divorced,Armed-Forces,White,Male,United-States,growing-spheres,1
17.0,9,49332.0,883.0,1.0,Federal-gov,Married-spouse-absent,Farming-fishing,White,Male,United-States,growing-spheres,1
17.0,9,44613.0,1031.0,17.0,?,Married-civ-spouse,Adm-clerical,White,Male,United-States,growing-spheres,1
17.0,11,33123.0,329.0,13.0,?,Married-AF-spouse,Machine-op-inspct,White,Male,United-States,growing-spheres,1
26.0,13,21042.0,1918.0,21.0,Local-gov,Married-civ-spouse,Adm-clerical,White,Male,United-States,growing-spheres,1
24.0,14,48459.0,35.0,9.0,?,Married-AF-spouse,Other-service,White,Male,United-States,growing-spheres,1
44.0,9,0.0,0.0,39.0,State-gov,Married-civ-spouse,Adm-clerical,White,Male,United-States,face,0
25.0,10,8614.0,0.0,39.0,Private,Never-married,Prof-specialty,White,Male,United-States,face,1
25.0,10,8614.0,0.0,39.0,Private,Never-married,Prof-specialty,White,Male,United-States,face,1
23.0,13,10520.0,0.0,39.0,State-gov,Never-married,Prof-specialty,White,Male,United-States,face,1
38.0,9,3464.0,0.0,39.0,State-gov,Married-civ-spouse,Adm-clerical,White,Male,United-States,face,1
23.0,13,10520.0,0.0,39.0,State-gov,Never-married,Prof-specialty,White,Male,United-States,face,1
36.0,9,7298.0,0.0,39.0,State-gov,Married-civ-spouse,Protective-serv,White,Male,United-States,face,1
44.0,13,5013.0,0.0,39.0,State-gov,Married-civ-spouse,Adm-clerical,White,Male,United-States,face,1
38.0,9,3464.0,0.0,39.0,State-gov,Married-civ-spouse,Adm-clerical,White,Male,United-States,face,1
50.0,10,0.0,0.0,39.0,State-gov,Married-civ-spouse,Adm-clerical,White,Male,United-States,face,1
