age,education.num,capital.gain,capital.loss,hours.per.week,workclass,marital.status,occupation,race,sex,native.country,explainer,income
31.0,6.0,26382.0,0.0,51.0,Private,Never-married,Adm-clerical,Black,Female,United-States,dice,1
23.0,6.0,24123.0,0.0,40.0,Private,Never-married,Adm-clerical,Black,Female,United-States,dice,1
31.0,6.0,80308.0,0.0,40.0,Private,Never-married,Machine-op-inspct,Black,Female,United-States,dice,1
31.0,6.0,19438.0,0.0,40.0,Private,Never-married,Adm-clerical,Black,Female,United-States,dice,1
31.0,6.0,28693.0,0.0,40.0,Private,Never-married,Adm-clerical,Black,Female,United-States,dice,1
31.0,6.0,24269.0,0.0,40.0,State-gov,Never-married,Adm-clerical,Black,Female,United-States,dice,1
31.0,6.0,73794.0,0.0,40.0,Private,Never-married,Adm-clerical,Black,Female,United-States,dice,1
31.0,6.0,27501.0,0.0,40.0,Private,Never-married,Adm-clerical,Black,Female,United-States,dice,1
31.0,6.0,49179.0,0.0,40.0,Private,Never-married,Adm-clerical,Black,Female,United-States,dice,1
31.0,6.0,43225.0,0.0,40.0,Private,Never-married,Adm-clerical,Black,Female,United-States,dice,1
31.0,8.0,42073.0,0.0,40.0,Private,Never-married,Adm-clerical,Black,Female,United-States,dice,1
31.0,6.0,88521.0,136.0,40.0,Private,Never-married,Adm-clerical,Black,Female,United-States,dice,1
31.0,6.0,17227.0,0.0,40.0,Private,Never-married,Adm-clerical,Black,Female,United-States,dice,1
31.0,6.0,69911.0,0.0,40.0,Private,Never-married,Adm-clerical,Black,Female,United-States,dice,1
54.0,6.0,26081.0,0.0,40.0,Private,Never-married,Adm-clerical,Black,Female,United-States,dice,1
31.0,6.0,40645.0,0.0,40.0,Private,Never-married,Priv-house-serv,Black,Female,United-States,dice,1
31.0,6.0,88679.0,0.0,40.0,Private,Never-married,Priv-house-serv,Black,Female,United-States,dice,1
31.0,6.0,71791.0,0.0,40.0,Never-worked,Never-married,Adm-clerical,Black,Female,United-States,dice,1
31.0,6.0,60361.0,0.0,40.0,Local-gov,Never-married,Adm-clerical,Black,Female,United-States,dice,1
31.0,6.0,63197.0,0.0,40.0,Private,Never-married,Adm-clerical,Black,Female,United-States,dice,1
31.0,6.0,19799.0,0.0,40.0,Private,Never-married,Adm-clerical,Black,Female,United-States,cadex,1
37.0,7.0,8477.0,58.0,42.0,Private,Divorced,?,Black,Female,United-States,fimap,0
37.0,8.0,17624.0,138.0,46.0,Private,Married-civ-spouse,?,Black,Female,United-States,fimap,1
37.0,7.0,8804.0,60.0,43.0,Private,Married-civ-spouse,Handlers-cleaners,Black,Female,United-States,fimap,1
37.0,7.0,8811.0,60.0,43.0,Private,Married-civ-spouse,Craft-repair,Black,Female,United-States,fimap,1
39.0,7.0,10443.0,72.0,43.0,Private,Married-civ-spouse,Prof-specialty,Black,Female,United-States,fimap,1
39.0,8.0,17942.0,153.0,47.0,Private,Married-civ-spouse,Protective-serv,Black,Female,United-States,fimap,1
40.0,7.0,13419.0,578.0,52.0,Private,Never-married,Adm-clerical,Black,Female,United-States,cadex,1
40.0,7.0,13499.0,0.0,52.0,Private,Never-married,Adm-clerical,Black,Female,United-States,cadex,1
40.0,8.0,13834.0,0.0,52.0,Private,Never-married,Adm-clerical,Black,Female,United-States,cadex,1
40.0,6.0,13909.0,0.0,52.0,Private,Never-married,Adm-clerical,Black,Female,United-States,cadex,1
41.0,6.0,14441.0,0.0,53.0,Private,Never-married,Adm-clerical,Black,Female,United-States,cadex,1
41.0,6.0,14913.0,0.0,54.0,Private,Never-married,Adm-clerical,Black,Female,United-States,cadex,1
41.0,6.0,14978.0,0.0,40.0,Private,Never-married,Adm-clerical,Black,Female,United-States,cadex,1
57.0,15.0,15294.0,2.0,98.0,Self-emp-not-inc,Divorced,Transport-moving,Black,Female,United-States,wachter,1
74.0,9.0,8829.0,0.0,80.0,Self-emp-not-inc,Separated,Adm-clerical,Black,Female,United-States,wachter,0
82.0,11.0,9631.0,355.0,99.0,Self-emp-not-inc,Married-civ-spouse,Craft-repair,Black,Female,United-States,wachter,1
74.0,9.0,8829.0,0.0,80.0,Self-emp-not-inc,Separated,Adm-clerical,Black,Female,United-States,wachter,0
63.0,10.0,4459.0,311.0,98.0,Private,Married-civ-spouse,Tech-support,Black,Female,United-States,wachter,1
55.0,15.0,12188.0,391.0,98.0,Self-emp-not-inc,Divorced,Transport-moving,Black,Female,United-States,wachter,1
63.0,10.0,4459.0,311.0,98.0,Private,Married-civ-spouse,Tech-support,Black,Female,United-States,wachter,1
56.0,15.0,8069.0,0.0,99.0,Self-emp-not-inc,Married-civ-spouse,Transport-moving,Black,Female,United-States,wachter,1
55.0,15.0,12186.0,391.0,98.0,Self-emp-not-inc,Divorced,Transport-moving,Black,Female,United-States,wachter,1
66.0,8.0,8586.0,17.0,73.0,Private,Never-married,Adm-clerical,Black,Female,United-States,wachter,1
31.0,6.0,16382.0,0.0,40.0,Private,Never-married,Adm-clerical,Black,Female,United-States,cem,1
35.0,6.0,30924.0,59.0,45.0,?,Never-married,Protective-serv,White,Female,Outlying-US(Guam-USVI-etc),cfproto,1
40.0,5.0,20494.0,0.0,40.0,Self-emp-not-inc,Never-married,Adm-clerical,Black,Female,Vietnam,cfproto,1
33.0,6.0,36029.0,0.0,43.0,?,Never-married,Protective-serv,Black,Female,Outlying-US(Guam-USVI-etc),cfproto,1
45.0,5.0,34515.0,0.0,44.0,Self-emp-inc,Never-married,Adm-clerical,Black,Female,Vietnam,cfproto,1
40.0,5.0,20494.0,0.0,40.0,Self-emp-not-inc,Never-married,Adm-clerical,Black,Female,Vietnam,cfproto,1
38.0,7.0,47947.0,0.0,19.0,?,Married-AF-spouse,?,Black,Female,United-States,growing-spheres,1
49.0,9.0,17648.0,1693.0,37.0,Federal-gov,Married-civ-spouse,?,Black,Female,United-States,growing-spheres,1
31.0,9.0,40934.0,27.0,52.0,Local-gov,Married-civ-spouse,?,Black,Female,United-States,growing-spheres,1
45.0,7.0,46498.0,0.0,45.0,Federal-gov,Divorced,Adm-clerical,Black,Female,United-States,growing-spheres,1
28.0,7.0,24488.0,791.0,47.0,Federal-gov,Married-AF-spouse,Craft-repair,Black,Female,United-States,growing-spheres,1
27.0,8.0,28719.0,0.0,51.0,Self-emp-not-inc,Married-AF-spouse,?,Black,Female,United-States,growing-spheres,1
19.0,4.0,41362.0,1494.0,39.0,Federal-gov,Married-AF-spouse,Adm-clerical,Black,Female,United-States,growing-spheres,1
34.0,8.0,22686.0,0.0,60.0,Federal-gov,Married-AF-spouse,Adm-clerical,Black,Female,United-States,growing-spheres,1
29.0,4.0,50378.0,868.0,27.0,Private,Married-AF-spouse,?,Black,Female,United-States,growing-spheres,1
27.0,5.0,32696.0,0.0,61.0,Self-emp-inc,Divorced,Adm-clerical,Black,Female,United-States,growing-spheres,1
31.0,5.0,37969.0,0.0,50.0,Private,Married-AF-spouse,?,Black,Female,United-States,growing-spheres,1
47.0,6.0,39326.0,0.0,43.0,?,Married-civ-spouse,Armed-Forces,Black,Female,United-States,growing-spheres,1
43.0,5.0,25694.0,184.0,26.0,Local-gov,Married-AF-spouse,Adm-clerical,Black,Female,United-States,growing-spheres,1
29.0,4.0,43620.0,0.0,45.0,?,Married-AF-spouse,Adm-clerical,Black,Female,United-States,growing-spheres,1
34.0,4.0,42286.0,416.0,61.0,Private,Married-AF-spouse,?,Black,Female,United-States,growing-spheres,1
19.0,9.0,28386.0,0.0,46.0,Private,Divorced,Machine-op-inspct,Black,Female,United-States,growing-spheres,1
38.0,12.0,14144.0,0.0,66.0,Federal-gov,Married-AF-spouse,Adm-clerical,Black,Female,United-States,growing-spheres,1
34.0,3.0,31799.0,0.0,62.0,Self-emp-inc,Married-AF-spouse,Adm-clerical,Black,Female,United-States,growing-spheres,1
45.0,6.0,27604.0,110.0,71.0,Federal-gov,Widowed,Adm-clerical,Black,Female,United-States,growing-spheres,1
22.0,7.0,47789.0,0.0,22.0,Federal-gov,Married-AF-spouse,Armed-Forces,Black,Female,United-States,growing-spheres,1
39.0,10.0,13549.0,0.0,44.0,Private,Never-married,Adm-clerical,White,Female,United-States,face,1
42.0,9.0,8614.0,0.0,43.0,Private,Never-married,Adm-clerical,White,Female,United-States,face,1
37.0,10.0,7298.0,0.0,44.0,Private,Married-civ-spouse,Adm-clerical,White,Female,United-States,face,1
36.0,10.0,99999.0,0.0,39.0,Private,Married-civ-spouse,Adm-clerical,Black,Female,United-States,face,1
34.0,12.0,8614.0,0.0,59.0,Private,Never-married,Adm-clerical,Asian-Pac-Islander,Female,United-States,face,1
42.0,12.0,0.0,0.0,39.0,Private,Married-civ-spouse,Adm-clerical,Black,Female,United-States,face,1
45.0,8.0,3103.0,0.0,39.0,Private,Married-civ-spouse,Adm-clerical,Black,Female,United-States,face,1
42.0,13.0,0.0,0.0,39.0,Private,Married-civ-spouse,Adm-clerical,Black,Female,United-States,face,1
33.0,10.0,99999.0,0.0,29.0,Private,Never-married,Adm-clerical,White,Female,United-States,face,1
33.0,13.0,0.0,0.0,29.0,Private,Married-civ-spouse,Adm-clerical,Black,Female,United-States,face,1
