age,education.num,capital.gain,capital.loss,hours.per.week,workclass,marital.status,occupation,race,sex,native.country,explainer,income
22.0,9.0,25347.0,2629.0,40.0,Private,Never-married,Machine-op-inspct,White,Male,United-States,dice,1
22.0,5.0,52272.0,0.0,40.0,Private,Never-married,Machine-op-inspct,White,Male,United-States,dice,1
22.0,9.0,15903.0,0.0,40.0,Private,Never-married,Machine-op-inspct,White,Male,United-States,dice,1
22.0,9.0,0.0,4274.0,40.0,Private,Married-civ-spouse,Machine-op-inspct,White,Male,United-States,dice,1
22.0,9.0,55372.0,0.0,40.0,Private,Never-married,Machine-op-inspct,White,Male,United-States,dice,1
22.0,9.0,0.0,0.0,40.0,Private,Married-AF-spouse,Prof-specialty,White,Male,United-States,dice,1
22.0,9.0,81609.0,3011.0,40.0,Private,Never-married,Machine-op-inspct,White,Male,United-States,dice,1
22.0,9.0,92217.0,0.0,40.0,Private,Never-married,Tech-support,White,Male,United-States,dice,1
22.0,9.0,67964.0,0.0,40.0,Private,Never-married,Machine-op-inspct,White,Male,United-States,dice,1
22.0,9.0,39757.0,0.0,40.0,Private,Never-married,Priv-house-serv,White,Male,United-States,dice,1
22.0,16.0,0.0,4165.0,40.0,Private,Never-married,Machine-op-inspct,White,Male,United-States,dice,1
22.0,9.0,25360.0,0.0,40.0,Private,Married-spouse-absent,Machine-op-inspct,White,Male,United-States,dice,1
22.0,9.0,36220.0,0.0,40.0,Private,Divorced,Machine-op-inspct,White,Male,United-States,dice,1
22.0,15.0,0.0,3314.0,40.0,Private,Never-married,Machine-op-inspct,White,Male,United-States,dice,1
22.0,9.0,47730.0,0.0,44.0,Private,Never-married,Machine-op-inspct,White,Male,United-States,dice,1
22.0,9.0,93384.0,1707.0,40.0,Private,Never-married,Machine-op-inspct,White,Male,United-States,dice,1
22.0,9.0,25027.0,0.0,40.0,Private,Never-married,Machine-op-inspct,White,Male,United-States,dice,1
22.0,9.0,88880.0,2451.0,40.0,Private,Never-married,Machine-op-inspct,White,Male,United-States,dice,1
22.0,9.0,84907.0,0.0,40.0,Without-pay,Never-married,Machine-op-inspct,White,Male,United-States,dice,1
50.0,9.0,0.0,3825.0,40.0,Private,Never-married,Machine-op-inspct,White,Male,United-States,dice,1
22.0,9.0,19762.0,0.0,40.0,Private,Never-married,Machine-op-inspct,White,Male,United-States,cadex,1
28.0,10.0,9719.0,435.0,49.0,Private,Never-married,Machine-op-inspct,White,Male,United-States,cadex,1
29.0,10.0,9996.0,0.0,49.0,Private,Never-married,Machine-op-inspct,White,Male,United-States,cadex,0
30.0,9.0,6528.0,49.0,42.0,Private,Never-married,Prof-specialty,White,Male,United-States,fimap,1
30.0,11.0,13687.0,137.0,45.0,Private,Married-civ-spouse,Exec-managerial,White,Male,United-States,fimap,1
30.0,9.0,6854.0,54.0,42.0,Private,Married-civ-spouse,Protective-serv,White,Male,United-States,fimap,1
31.0,10.0,8683.0,72.0,43.0,Private,Married-civ-spouse,Adm-clerical,White,Male,United-States,fimap,1
31.0,9.0,7150.0,54.0,42.0,Private,Married-civ-spouse,Transport-moving,White,Male,United-States,fimap,1
31.0,10.0,13465.0,0.0,52.0,Private,Never-married,Machine-op-inspct,White,Male,United-States,cadex,1
31.0,11.0,13809.0,0.0,53.0,Private,Never-married,Machine-op-inspct,White,Male,United-States,cadex,1
31.0,10.0,13208.0,135.0,45.0,Private,Divorced,Prof-specialty,White,Male,United-States,fimap,1
32.0,9.0,14212.0,0.0,53.0,Private,Never-married,Machine-op-inspct,White,Male,United-States,cadex,1
32.0,9.0,14814.0,0.0,54.0,Private,Never-married,Machine-op-inspct,White,Male,United-States,cadex,1
32.0,9.0,14952.0,0.0,40.0,Private,Never-married,Machine-op-inspct,White,Male,United-States,cadex,1
22.0,9.0,15218.0,0.0,40.0,Private,Never-married,Machine-op-inspct,White,Male,United-States,wachter,1
22.0,8.0,15351.0,1.0,40.0,Private,Never-married,Machine-op-inspct,White,Male,United-States,wachter,0
22.0,9.0,15283.0,0.0,40.0,Private,Never-married,Machine-op-inspct,White,Male,United-States,wachter,1
22.0,8.0,15166.0,6.0,40.0,Private,Never-married,Machine-op-inspct,White,Male,United-States,wachter,0
21.0,9.0,15183.0,0.0,40.0,Private,Never-married,Machine-op-inspct,White,Male,United-States,wachter,0
22.0,8.0,15287.0,0.0,40.0,Private,Never-married,Machine-op-inspct,White,Male,United-States,wachter,0
22.0,9.0,15127.0,0.0,39.0,Private,Never-married,Machine-op-inspct,White,Male,United-States,wachter,0
21.0,9.0,15185.0,0.0,40.0,Private,Never-married,Machine-op-inspct,White,Male,United-States,wachter,0
22.0,9.0,15210.0,0.0,39.0,Private,Never-married,Machine-op-inspct,White,Male,United-States,wachter,0
21.0,9.0,15176.0,0.0,39.0,Private,Never-married,Machine-op-inspct,White,Male,United-States,wachter,0
22.0,9.0,16863.0,0.0,40.0,Private,Never-married,Machine-op-inspct,White,Male,United-States,cem,1
19.0,9.0,22444.0,0.0,36.0,Self-emp-inc,Never-married,Machine-op-inspct,White,Male,Vietnam,cfproto,1
26.0,8.0,60866.0,0.0,45.0,Self-emp-inc,Never-married,Machine-op-inspct,White,Male,Iran,cfproto,1
23.0,8.0,48798.0,0.0,41.0,Self-emp-inc,Never-married,Machine-op-inspct,White,Male,Japan,cfproto,1
21.0,8.0,35889.0,0.0,38.0,Self-emp-inc,Never-married,Machine-op-inspct,White,Male,India,cfproto,1
24.0,8.0,8840.0,0.0,40.0,Self-emp-inc,Never-married,Protective-serv,White,Male,United-States,cfproto,1
27.0,9.0,71172.0,54.0,45.0,?,Never-married,Protective-serv,White,Male,Outlying-US(Guam-USVI-etc),cfproto,1
29.0,9.0,71775.0,0.0,48.0,Local-gov,Never-married,Adm-clerical,White,Male,Yugoslavia,cfproto,1
24.0,8.0,8840.0,0.0,40.0,Self-emp-inc,Never-married,Protective-serv,White,Male,United-States,cfproto,1
17.0,9.0,28867.0,558.0,50.0,?,Divorced,Armed-Forces,White,Male,United-States,growing-spheres,1
29.0,9.0,29608.0,724.0,54.0,?,Married-AF-spouse,Exec-managerial,White,Male,United-States,growing-spheres,1
33.0,9.0,30053.0,1786.0,52.0,?,Married-AF-spouse,Exec-managerial,White,Male,United-States,growing-spheres,1
31.0,6.0,29304.0,0.0,44.0,Federal-gov,Married-AF-spouse,Armed-Forces,White,Male,United-States,growing-spheres,1
32.0,11.0,51060.0,63.0,50.0,?,Married-civ-spouse,Handlers-cleaners,White,Male,United-States,growing-spheres,1
17.0,9.0,24816.0,335.0,40.0,Federal-gov,Divorced,?,White,Male,United-States,growing-spheres,1
41.0,11.0,39049.0,1134.0,39.0,Federal-gov,Divorced,Adm-clerical,White,Male,United-States,growing-spheres,1
17.0,10.0,20482.0,0.0,22.0,Self-emp-not-inc,Married-AF-spouse,Protective-serv,White,Male,United-States,growing-spheres,1
20.0,5.0,18928.0,76.0,44.0,Federal-gov,Divorced,Craft-repair,White,Male,United-States,growing-spheres,1
20.0,11.0,41187.0,1545.0,51.0,Private,Married-civ-spouse,?,White,Male,United-States,growing-spheres,1
29.0,9.0,26842.0,0.0,44.0,?,Married-AF-spouse,Adm-clerical,White,Male,United-States,growing-spheres,1
20.0,9.0,7060.0,0.0,39.0,Private,Married-AF-spouse,Adm-clerical,White,Male,United-States,growing-spheres,1
35.0,13.0,17962.0,0.0,39.0,?,Divorced,Craft-repair,White,Male,United-States,growing-spheres,1
19.0,9.0,38352.0,0.0,61.0,Private,Married-civ-spouse,?,White,Male,United-States,growing-spheres,1
28.0,11.0,27056.0,0.0,39.0,Local-gov,Married-AF-spouse,Machine-op-inspct,White,Male,United-States,growing-spheres,1
17.0,11.0,37233.0,0.0,36.0,Federal-gov,Divorced,Armed-Forces,White,Male,United-States,growing-spheres,1
28.0,11.0,25823.0,90.0,42.0,?,Married-AF-spouse,Adm-clerical,White,Male,United-States,growing-spheres,1
41.0,14.0,2008.0,772.0,58.0,Federal-gov,Married-AF-spouse,Craft-repair,White,Male,United-States,growing-spheres,1
28.0,4.0,42502.0,555.0,52.0,?,Married-AF-spouse,Adm-clerical,White,Male,United-States,growing-spheres,1
28.0,5.0,17724.0,155.0,56.0,Private,Married-AF-spouse,Armed-Forces,White,Male,United-States,growing-spheres,1
34.0,10.0,0.0,0.0,44.0,Private,Married-civ-spouse,Machine-op-inspct,White,Male,United-States,face,1
36.0,10.0,0.0,0.0,48.0,Private,Married-civ-spouse,Machine-op-inspct,White,Male,United-States,face,1
35.0,9.0,8614.0,0.0,39.0,Private,Never-married,Adm-clerical,White,Male,United-States,face,1
27.0,9.0,7298.0,0.0,39.0,Private,Married-civ-spouse,Machine-op-inspct,White,Male,United-States,face,1
37.0,10.0,0.0,0.0,39.0,Private,Married-civ-spouse,Machine-op-inspct,White,Male,United-States,face,1
32.0,11.0,0.0,0.0,39.0,Private,Married-civ-spouse,Machine-op-inspct,White,Male,United-States,face,0
32.0,10.0,0.0,0.0,50.0,Private,Married-civ-spouse,Machine-op-inspct,White,Male,United-States,face,1
36.0,9.0,0.0,0.0,44.0,Private,Married-civ-spouse,Machine-op-inspct,White,Male,United-States,face,0
34.0,9.0,0.0,0.0,48.0,Private,Married-civ-spouse,Machine-op-inspct,White,Male,United-States,face,1
29.0,11.0,0.0,0.0,48.0,Private,Married-civ-spouse,Machine-op-inspct,White,Male,United-States,face,1
