age,education.num,capital.gain,capital.loss,hours.per.week,workclass,marital.status,occupation,race,sex,native.country,explainer,income
29.0,9.0,47413.0,0,40.0,Private,Divorced,Machine-op-inspct,White,Male,United-States,dice,1
29.0,9.0,65100.0,0,40.0,Private,Divorced,Machine-op-inspct,White,Male,United-States,dice,1
29.0,9.0,60336.0,0,40.0,Private,Widowed,Machine-op-inspct,White,Male,United-States,dice,1
29.0,9.0,34504.0,0,40.0,Private,Divorced,Machine-op-inspct,White,Male,United-States,dice,1
75.0,9.0,82275.0,0,40.0,Private,Divorced,Machine-op-inspct,White,Male,United-States,dice,1
29.0,5.0,16933.0,0,40.0,Private,Divorced,Machine-op-inspct,White,Male,United-States,dice,1
29.0,15.0,0.0,0,40.0,Private,Married-civ-spouse,Machine-op-inspct,White,Male,United-States,dice,1
29.0,9.0,25054.0,0,40.0,Private,Divorced,Machine-op-inspct,White,Male,United-States,dice,1
29.0,9.0,56163.0,0,40.0,Private,Divorced,Sales,White,Male,United-States,dice,1
29.0,9.0,96827.0,0,58.0,Private,Divorced,Machine-op-inspct,White,Male,United-States,dice,1
29.0,9.0,38783.0,0,40.0,Private,Divorced,Machine-op-inspct,White,Male,United-States,dice,1
29.0,15.0,16411.0,0,40.0,Private,Divorced,Machine-op-inspct,White,Male,United-States,dice,1
89.0,9.0,38299.0,0,40.0,Private,Divorced,Machine-op-inspct,White,Male,United-States,dice,1
29.0,9.0,54987.0,0,40.0,Private,Married-AF-spouse,Machine-op-inspct,White,Male,United-States,dice,1
29.0,9.0,94352.0,0,98.0,Private,Divorced,Machine-op-inspct,White,Male,United-States,dice,1
29.0,9.0,38842.0,0,40.0,Private,Divorced,Machine-op-inspct,White,Male,United-States,dice,1
29.0,14.0,21440.0,0,40.0,Private,Divorced,Machine-op-inspct,White,Male,United-States,dice,1
29.0,9.0,56163.0,0,40.0,Private,Divorced,Machine-op-inspct,White,Male,United-States,dice,1
29.0,9.0,87940.0,0,40.0,Private,Divorced,Machine-op-inspct,White,Male,United-States,dice,1
29.0,9.0,50594.0,0,40.0,Private,Divorced,Machine-op-inspct,White,Male,United-States,dice,1
29.0,9.0,14992.0,0,40.0,Private,Divorced,Machine-op-inspct,White,Male,United-States,cadex,1
35.0,9.0,5266.0,40,41.0,Private,Married-civ-spouse,Protective-serv,White,Male,United-States,fimap,1
35.0,9.0,5477.0,43,41.0,Private,Divorced,Other-service,White,Male,United-States,fimap,0
35.0,9.0,5659.0,43,42.0,Private,Married-civ-spouse,Handlers-cleaners,White,Male,United-States,fimap,1
35.0,10.0,9541.0,414,49.0,Private,Divorced,Machine-op-inspct,White,Male,United-States,cadex,1
35.0,10.0,7392.0,60,42.0,Private,Married-civ-spouse,Farming-fishing,White,Male,United-States,fimap,1
35.0,10.0,9753.0,416,49.0,Private,Divorced,Machine-op-inspct,White,Male,United-States,cadex,1
35.0,10.0,9772.0,0,49.0,Private,Divorced,Machine-op-inspct,White,Male,United-States,cadex,1
35.0,9.0,9842.0,0,49.0,Private,Divorced,Machine-op-inspct,White,Male,United-States,cadex,0
36.0,10.0,11864.0,116,44.0,Private,Married-civ-spouse,Prof-specialty,White,Male,United-States,fimap,1
36.0,10.0,11970.0,111,44.0,Private,Married-civ-spouse,Tech-support,White,Male,United-States,fimap,1
36.0,9.0,9972.0,0,49.0,Private,Divorced,Machine-op-inspct,White,Male,United-States,cadex,1
38.0,9.0,14280.0,0,40.0,Private,Divorced,Machine-op-inspct,White,Male,United-States,cadex,1
39.0,9.0,14910.0,0,40.0,Private,Divorced,Machine-op-inspct,White,Male,United-States,cadex,1
61.0,8.0,2825.0,0,88.0,Private,Divorced,Machine-op-inspct,White,Male,United-States,wachter,0
29.0,8.0,12479.0,0,45.0,Private,Divorced,Machine-op-inspct,White,Male,United-States,wachter,0
66.0,9.0,1988.0,0,90.0,Private,Divorced,Machine-op-inspct,White,Male,United-States,wachter,0
28.0,8.0,13535.0,0,40.0,Private,Divorced,Machine-op-inspct,White,Male,United-States,wachter,0
28.0,9.0,13529.0,0,39.0,Private,Divorced,Machine-op-inspct,White,Male,United-States,wachter,0
46.0,8.0,6254.0,0,56.0,Private,Divorced,Machine-op-inspct,White,Male,United-States,wachter,0
28.0,8.0,13553.0,0,39.0,Private,Divorced,Machine-op-inspct,White,Male,United-States,wachter,0
29.0,9.0,13523.0,0,40.0,Private,Divorced,Machine-op-inspct,White,Male,United-States,wachter,1
29.0,8.0,13530.0,0,39.0,Private,Divorced,Machine-op-inspct,White,Male,United-States,wachter,0
29.0,9.0,13481.0,0,39.0,Private,Divorced,Machine-op-inspct,White,Male,United-States,wachter,0
29.0,9.0,14909.0,0,40.0,Private,Divorced,Machine-op-inspct,White,Male,United-States,cem,1
29.0,9.0,16613.0,0,40.0,Private,Divorced,Other-service,White,Male,Greece,cfproto,1
29.0,9.0,18157.0,0,40.0,Local-gov,Divorced,Machine-op-inspct,White,Male,United-States,cfproto,1
33.0,9.0,38370.0,0,43.0,?,Divorced,Protective-serv,White,Male,Outlying-US(Guam-USVI-etc),cfproto,1
29.0,9.0,37231.0,0,40.0,Self-emp-inc,Divorced,Machine-op-inspct,White,Male,Iran,cfproto,1
29.0,9.0,27962.0,0,40.0,Self-emp-inc,Divorced,Machine-op-inspct,White,Male,?,cfproto,1
29.0,9.0,45723.0,0,40.0,Self-emp-inc,Divorced,Machine-op-inspct,White,Male,Greece,cfproto,1
29.0,9.0,16613.0,0,40.0,Private,Divorced,Other-service,White,Male,Greece,cfproto,1
33.0,6.0,40127.0,0,60.0,Never-worked,Divorced,Craft-repair,White,Male,United-States,growing-spheres,1
17.0,10.0,28162.0,0,41.0,?,Married-AF-spouse,Adm-clerical,White,Male,United-States,growing-spheres,1
26.0,10.0,33674.0,0,47.0,Federal-gov,Divorced,Craft-repair,White,Male,United-States,growing-spheres,1
47.0,11.0,30744.0,0,36.0,Local-gov,Divorced,Priv-house-serv,White,Male,United-States,growing-spheres,1
39.0,13.0,23009.0,0,56.0,Federal-gov,Married-civ-spouse,Adm-clerical,White,Male,United-States,growing-spheres,1
31.0,9.0,20247.0,529,41.0,Private,Divorced,Adm-clerical,White,Male,United-States,growing-spheres,1
28.0,9.0,30066.0,519,27.0,?,Married-AF-spouse,Armed-Forces,White,Male,United-States,growing-spheres,1
26.0,10.0,23714.0,0,62.0,?,Divorced,Adm-clerical,White,Male,United-States,growing-spheres,1
49.0,12.0,29168.0,0,57.0,Private,Divorced,Craft-repair,White,Male,United-States,growing-spheres,1
41.0,8.0,22445.0,0,37.0,?,Divorced,Adm-clerical,White,Male,United-States,growing-spheres,1
30.0,9.0,13545.0,0,50.0,Private,Married-AF-spouse,Craft-repair,White,Male,United-States,growing-spheres,1
33.0,6.0,14233.0,984,51.0,Local-gov,Married-AF-spouse,Craft-repair,White,Male,United-States,growing-spheres,1
38.0,9.0,29753.0,1222,61.0,?,Divorced,Armed-Forces,White,Male,United-States,growing-spheres,1
37.0,11.0,53087.0,0,57.0,Local-gov,Divorced,?,White,Male,United-States,growing-spheres,1
31.0,7.0,28034.0,453,34.0,?,Married-AF-spouse,Exec-managerial,White,Male,United-States,growing-spheres,1
46.0,3.0,34105.0,877,43.0,?,Divorced,Craft-repair,White,Male,United-States,growing-spheres,1
27.0,6.0,52332.0,172,60.0,Local-gov,Divorced,Protective-serv,White,Male,United-States,growing-spheres,1
23.0,9.0,51024.0,0,45.0,Federal-gov,Never-married,Craft-repair,White,Male,United-States,growing-spheres,1
48.0,9.0,24326.0,0,33.0,?,Married-AF-spouse,Adm-clerical,White,Male,United-States,growing-spheres,1
17.0,10.0,39682.0,0,24.0,State-gov,Never-married,Craft-repair,White,Male,United-States,growing-spheres,1
36.0,10.0,0.0,0,43.0,Private,Married-civ-spouse,Machine-op-inspct,White,Male,United-States,face,1
35.0,10.0,0.0,0,45.0,Private,Married-civ-spouse,Machine-op-inspct,White,Male,United-States,face,1
34.0,9.0,0.0,0,48.0,Private,Married-civ-spouse,Machine-op-inspct,White,Male,United-States,face,1
41.0,9.0,0.0,0,39.0,Private,Married-civ-spouse,Machine-op-inspct,White,Male,United-States,face,0
36.0,9.0,0.0,0,44.0,Private,Married-civ-spouse,Machine-op-inspct,White,Male,United-States,face,0
35.0,9.0,2885.0,0,39.0,Private,Married-civ-spouse,Machine-op-inspct,White,Male,United-States,face,1
30.0,9.0,5013.0,0,39.0,Private,Married-civ-spouse,Machine-op-inspct,White,Male,United-States,face,1
32.0,11.0,0.0,0,39.0,Private,Married-civ-spouse,Machine-op-inspct,White,Male,United-States,face,0
33.0,9.0,0.0,0,54.0,Private,Married-civ-spouse,Machine-op-inspct,White,Male,United-States,face,1
32.0,10.0,3464.0,0,39.0,Private,Married-civ-spouse,Machine-op-inspct,White,Male,United-States,face,1
