age,education.num,capital.gain,capital.loss,hours.per.week,workclass,marital.status,occupation,race,sex,native.country,explainer,income
22.0,7.0,73572.0,0.0,40.0,Private,Never-married,Sales,White,Female,United-States,dice,1
22.0,7.0,43389.0,0.0,40.0,Private,Never-married,Sales,White,Female,United-States,dice,1
22.0,7.0,66015.0,0.0,40.0,?,Never-married,Sales,White,Female,United-States,dice,1
22.0,7.0,83849.0,0.0,2.0,Private,Never-married,Sales,White,Female,United-States,dice,1
22.0,7.0,43163.0,0.0,40.0,Private,Never-married,Sales,White,Female,United-States,dice,1
22.0,7.0,35263.0,0.0,40.0,Private,Never-married,Sales,White,Female,United-States,dice,1
22.0,7.0,39727.0,0.0,40.0,Private,Never-married,Sales,White,Female,United-States,dice,1
22.0,7.0,58936.0,0.0,40.0,Private,Never-married,Prof-specialty,White,Female,United-States,dice,1
38.0,7.0,53104.0,0.0,40.0,Private,Never-married,Sales,White,Female,United-States,dice,1
22.0,7.0,73148.0,3688.0,40.0,Private,Never-married,Sales,White,Female,United-States,dice,1
22.0,7.0,70621.0,0.0,40.0,Private,Never-married,Sales,White,Female,United-States,dice,1
22.0,7.0,71878.0,0.0,40.0,Local-gov,Never-married,Sales,White,Female,United-States,dice,1
22.0,7.0,73148.0,0.0,40.0,Private,Never-married,Sales,White,Female,United-States,dice,1
22.0,7.0,64988.0,0.0,40.0,Private,Never-married,Sales,White,Female,United-States,dice,1
22.0,7.0,29228.0,0.0,40.0,Private,Never-married,Sales,White,Female,United-States,dice,1
22.0,7.0,86854.0,0.0,6.0,Private,Never-married,Sales,White,Female,United-States,dice,1
22.0,7.0,29276.0,0.0,88.0,Private,Never-married,Sales,White,Female,United-States,dice,1
22.0,3.0,75180.0,0.0,40.0,Private,Never-married,Sales,White,Female,United-States,dice,1
22.0,7.0,35181.0,0.0,47.0,Private,Never-married,Sales,White,Female,United-States,dice,1
22.0,7.0,88204.0,0.0,40.0,Private,Never-married,Sales,White,Female,United-States,dice,1
22.0,7.0,19812.0,0.0,40.0,Private,Never-married,Sales,White,Female,United-States,cadex,1
30.0,8.0,8130.0,57.0,42.0,Private,Married-civ-spouse,Machine-op-inspct,White,Female,United-States,fimap,1
30.0,8.0,13191.0,601.0,51.0,Private,Never-married,Sales,White,Female,United-States,cadex,1
30.0,8.0,13282.0,0.0,51.0,Private,Never-married,Sales,White,Female,United-States,cadex,1
30.0,8.0,8555.0,62.0,43.0,Private,Married-civ-spouse,Sales,White,Female,United-States,fimap,1
31.0,8.0,8756.0,62.0,43.0,Private,Married-civ-spouse,Sales,White,Female,United-States,fimap,1
31.0,9.0,18235.0,161.0,47.0,Private,Married-civ-spouse,Tech-support,White,Female,United-States,fimap,1
31.0,9.0,13684.0,0.0,52.0,Private,Never-married,Sales,White,Female,United-States,cadex,1
31.0,7.0,13865.0,0.0,52.0,Private,Never-married,Sales,White,Female,United-States,cadex,1
31.0,8.0,10558.0,78.0,43.0,Private,Married-civ-spouse,Adm-clerical,White,Female,United-States,fimap,1
31.0,7.0,14203.0,0.0,53.0,Private,Never-married,Sales,White,Female,United-States,cadex,1
32.0,7.0,14298.0,0.0,40.0,Private,Never-married,Sales,White,Female,United-States,cadex,1
32.0,9.0,17808.0,169.0,47.0,Private,Married-civ-spouse,Farming-fishing,White,Female,United-States,fimap,1
32.0,7.0,14927.0,0.0,40.0,Private,Never-married,Sales,White,Female,United-States,cadex,1
60.0,9.0,3035.0,0.0,81.0,Private,Never-married,Sales,White,Female,United-States,wachter,0
55.0,7.0,5318.0,0.0,70.0,Private,Never-married,Sales,White,Female,United-States,wachter,0
48.0,7.0,6288.0,0.0,69.0,Private,Never-married,Sales,White,Female,United-States,wachter,0
73.0,7.0,5830.0,0.0,80.0,Private,Never-married,Sales,White,Female,United-States,wachter,0
42.0,7.0,8154.0,0.0,57.0,Private,Never-married,Sales,White,Female,United-States,wachter,1
50.0,8.0,6092.0,0.0,58.0,Private,Never-married,Sales,White,Female,United-States,wachter,1
58.0,7.0,7106.0,0.0,61.0,Private,Never-married,Sales,White,Female,United-States,wachter,1
47.0,8.0,4057.0,0.0,69.0,Private,Never-married,Sales,White,Female,United-States,wachter,0
37.0,9.0,3183.0,0.0,96.0,Private,Never-married,Sales,White,Female,United-States,wachter,0
34.0,7.0,9958.0,0.0,48.0,Private,Never-married,Sales,White,Female,United-States,wachter,0
22.0,7.0,17153.0,0.0,40.0,Private,Never-married,Sales,White,Female,United-States,cem,1
22.0,5.0,23734.0,0.0,30.0,Private,Never-married,Sales,White,Female,United-States,cfproto,1
22.0,7.0,43237.0,0.0,40.0,Without-pay,Never-married,Protective-serv,White,Female,Outlying-US(Guam-USVI-etc),cfproto,1
22.0,7.0,38477.0,0.0,40.0,Self-emp-not-inc,Never-married,Sales,White,Female,Philippines,cfproto,1
22.0,7.0,31094.0,0.0,40.0,Federal-gov,Never-married,Sales,White,Female,Vietnam,cfproto,1
22.0,7.0,49313.0,0.0,40.0,Self-emp-not-inc,Never-married,Machine-op-inspct,White,Female,Mexico,cfproto,1
22.0,7.0,44627.0,0.0,40.0,Self-emp-not-inc,Never-married,Sales,White,Female,Iran,cfproto,1
22.0,5.0,23734.0,0.0,30.0,Private,Never-married,Sales,White,Female,United-States,cfproto,1
27.0,4.0,28918.0,501.0,31.0,Federal-gov,Married-civ-spouse,Adm-clerical,White,Female,United-States,growing-spheres,1
36.0,8.0,38759.0,347.0,44.0,?,Married-civ-spouse,?,White,Female,United-States,growing-spheres,1
29.0,10.0,39249.0,0.0,21.0,Private,Married-AF-spouse,Farming-fishing,White,Female,United-States,growing-spheres,1
27.0,10.0,39918.0,0.0,24.0,Local-gov,Divorced,Adm-clerical,White,Female,United-States,growing-spheres,1
24.0,6.0,43873.0,0.0,34.0,Private,Divorced,Adm-clerical,White,Female,United-States,growing-spheres,1
23.0,5.0,37533.0,0.0,23.0,?,Married-AF-spouse,?,White,Female,United-States,growing-spheres,1
23.0,6.0,13788.0,806.0,54.0,?,Divorced,Adm-clerical,White,Female,United-States,growing-spheres,0
17.0,6.0,32760.0,1532.0,42.0,?,Married-AF-spouse,Craft-repair,White,Female,United-States,growing-spheres,1
27.0,6.0,11054.0,0.0,41.0,?,Married-AF-spouse,Exec-managerial,White,Female,United-States,growing-spheres,1
42.0,7.0,41604.0,14.0,59.0,?,Married-civ-spouse,?,White,Female,United-States,growing-spheres,1
47.0,11.0,17182.0,0.0,46.0,?,Married-AF-spouse,?,White,Female,United-States,growing-spheres,1
17.0,8.0,11270.0,1742.0,33.0,Local-gov,Divorced,Exec-managerial,White,Female,United-States,growing-spheres,0
27.0,8.0,18799.0,698.0,45.0,?,Divorced,Handlers-cleaners,White,Female,United-States,growing-spheres,1
40.0,4.0,18929.0,0.0,49.0,?,Married-AF-spouse,Protective-serv,White,Female,United-States,growing-spheres,1
25.0,9.0,22039.0,1648.0,33.0,?,Divorced,?,White,Female,United-States,growing-spheres,1
25.0,7.0,53403.0,0.0,19.0,Private,Married-AF-spouse,Adm-clerical,White,Female,United-States,growing-spheres,1
18.0,6.0,33298.0,129.0,2.0,Federal-gov,Married-AF-spouse,Armed-Forces,White,Female,United-States,growing-spheres,1
21.0,6.0,23105.0,2194.0,46.0,Federal-gov,Married-AF-spouse,Adm-clerical,White,Female,United-States,growing-spheres,1
31.0,11.0,37633.0,0.0,46.0,?,Married-civ-spouse,?,White,Female,United-States,growing-spheres,1
27.0,10.0,28347.0,166.0,47.0,Local-gov,Married-AF-spouse,?,White,Female,United-States,growing-spheres,1
37.0,10.0,7298.0,0.0,39.0,Private,Married-civ-spouse,Sales,White,Female,United-States,face,1
35.0,13.0,8614.0,0.0,44.0,Private,Never-married,Sales,White,Female,United-States,face,1
33.0,9.0,0.0,0.0,44.0,Private,Married-civ-spouse,Sales,White,Female,United-States,face,0
29.0,13.0,13549.0,0.0,34.0,Private,Never-married,Sales,White,Female,United-States,face,1
50.0,13.0,0.0,1564.0,43.0,Private,Never-married,Sales,White,Female,United-States,face,1
50.0,13.0,0.0,1564.0,43.0,Private,Never-married,Sales,White,Female,United-States,face,1
27.0,9.0,3464.0,0.0,39.0,Private,Married-civ-spouse,Sales,White,Female,United-States,face,1
31.0,13.0,4101.0,0.0,50.0,Private,Never-married,Sales,White,Male,United-States,face,1
44.0,9.0,0.0,0.0,39.0,Private,Married-civ-spouse,Sales,White,Female,United-States,face,1
29.0,13.0,14344.0,0.0,39.0,Private,Never-married,Prof-specialty,White,Female,United-States,face,1
