age,education.num,capital.gain,capital.loss,hours.per.week,workclass,marital.status,occupation,race,sex,native.country,explainer,income
80.0,9.0,89438.0,0.0,25.0,?,Married-civ-spouse,?,White,Male,United-States,dice,1
80.0,9.0,22235.0,0.0,84.0,?,Married-civ-spouse,?,White,Male,United-States,dice,1
80.0,9.0,0.0,3038.0,25.0,?,Married-civ-spouse,?,White,Male,United-States,dice,1
80.0,9.0,38964.0,0.0,25.0,?,Married-civ-spouse,?,White,Male,United-States,dice,1
80.0,9.0,5558.0,0.0,65.0,?,Married-civ-spouse,?,White,Male,United-States,dice,1
80.0,12.0,0.0,1575.0,25.0,?,Married-civ-spouse,?,White,Male,United-States,dice,1
80.0,9.0,16318.0,0.0,25.0,?,Married-civ-spouse,Craft-repair,White,Male,United-States,dice,1
80.0,9.0,0.0,4202.0,25.0,?,Married-civ-spouse,?,White,Male,United-States,dice,1
80.0,9.0,70656.0,0.0,94.0,?,Married-civ-spouse,?,White,Male,United-States,dice,1
80.0,9.0,16825.0,0.0,25.0,?,Married-civ-spouse,?,White,Male,United-States,dice,1
57.0,9.0,72853.0,0.0,25.0,?,Married-civ-spouse,?,White,Male,United-States,dice,1
80.0,9.0,51497.0,0.0,25.0,?,Married-spouse-absent,?,White,Male,United-States,dice,1
80.0,9.0,57784.0,0.0,96.0,?,Married-civ-spouse,?,White,Male,United-States,dice,1
80.0,1.0,41040.0,0.0,25.0,?,Married-civ-spouse,?,White,Male,United-States,dice,1
80.0,9.0,60449.0,0.0,39.0,?,Married-civ-spouse,?,White,Male,United-States,dice,1
80.0,9.0,0.0,3485.0,25.0,?,Married-civ-spouse,?,White,Male,United-States,dice,1
71.0,9.0,31524.0,0.0,25.0,?,Married-civ-spouse,?,White,Male,United-States,dice,1
80.0,9.0,65753.0,0.0,25.0,?,Married-civ-spouse,?,White,Male,United-States,dice,1
80.0,14.0,0.0,0.0,25.0,?,Married-civ-spouse,Protective-serv,White,Male,United-States,dice,1
51.0,15.0,0.0,0.0,25.0,?,Married-civ-spouse,?,White,Male,United-States,dice,1
74.0,10.0,9459.0,66.0,29.0,Private,Married-civ-spouse,Farming-fishing,White,Male,United-States,fimap,1
74.0,10.0,12779.0,95.0,30.0,Private,Married-civ-spouse,Prof-specialty,White,Male,United-States,fimap,1
74.0,10.0,10269.0,74.0,29.0,Private,Married-civ-spouse,Sales,White,Male,United-States,fimap,1
74.0,10.0,10291.0,80.0,29.0,Private,Married-civ-spouse,?,White,Male,United-States,fimap,1
76.0,9.0,4999.0,0.0,25.0,?,Married-civ-spouse,?,White,Male,United-States,cadex,0
76.0,9.0,4999.0,0.0,29.0,?,Married-civ-spouse,?,White,Male,United-States,cadex,1
76.0,9.0,4999.0,217.0,29.0,?,Married-civ-spouse,?,White,Male,United-States,cadex,1
79.0,11.0,19249.0,142.0,32.0,Private,Never-married,?,White,Male,United-States,fimap,1
80.0,9.0,9920.0,0.0,25.0,?,Married-civ-spouse,?,White,Male,United-States,cadex,1
80.0,9.0,9986.0,0.0,25.0,?,Married-civ-spouse,?,White,Male,United-States,cadex,1
80.0,10.0,9844.0,0.0,25.0,?,Married-civ-spouse,?,White,Male,United-States,cadex,1
81.0,11.0,20257.0,159.0,32.0,Private,Married-civ-spouse,Adm-clerical,White,Male,United-States,fimap,1
80.0,8.0,6513.0,0.0,25.0,?,Married-civ-spouse,?,White,Male,United-States,wachter,0
80.0,9.0,6520.0,0.0,24.0,?,Married-civ-spouse,?,White,Male,United-States,wachter,1
79.0,9.0,6353.0,0.0,24.0,?,Married-civ-spouse,?,White,Male,United-States,wachter,1
80.0,8.0,6416.0,0.0,26.0,?,Married-civ-spouse,?,White,Male,United-States,wachter,0
79.0,9.0,6530.0,0.0,25.0,?,Married-civ-spouse,?,White,Male,United-States,wachter,1
80.0,9.0,6307.0,0.0,24.0,?,Married-civ-spouse,?,White,Male,United-States,wachter,0
80.0,8.0,6499.0,0.0,25.0,?,Married-civ-spouse,?,White,Male,United-States,wachter,0
80.0,8.0,6653.0,0.0,24.0,?,Married-civ-spouse,?,White,Male,United-States,wachter,0
79.0,9.0,6258.0,0.0,24.0,?,Married-civ-spouse,?,White,Male,United-States,wachter,0
79.0,9.0,6465.0,0.0,24.0,?,Married-civ-spouse,?,White,Male,United-States,wachter,1
80.0,9.0,8011.0,0.0,25.0,?,Married-civ-spouse,?,White,Male,United-States,cem,1
80.0,9.0,0.0,0.0,25.0,?,Married-civ-spouse,?,White,Male,Italy,cfproto,1
80.0,9.0,40490.0,0.0,25.0,?,Married-civ-spouse,Priv-house-serv,White,Male,Ireland,cfproto,1
80.0,9.0,30032.0,0.0,26.0,?,Married-civ-spouse,Other-service,White,Male,Outlying-US(Guam-USVI-etc),cfproto,1
80.0,9.0,0.0,0.0,25.0,?,Married-civ-spouse,?,White,Male,Italy,cfproto,1
80.0,9.0,1309.0,0.0,25.0,?,Married-civ-spouse,?,White,Male,Yugoslavia,cfproto,1
80.0,9.0,479.0,0.0,25.0,?,Married-civ-spouse,?,White,Male,Italy,cfproto,1
80.0,9.0,1802.0,0.0,25.0,?,Married-civ-spouse,?,White,Male,France,cfproto,1
80.0,9.0,26449.0,0.0,25.0,?,Married-civ-spouse,?,White,Male,Iran,cfproto,1
80.0,9.0,18518.0,0.0,25.0,?,Married-civ-spouse,?,White,Male,Ireland,cfproto,1
80.0,9.0,479.0,0.0,25.0,?,Married-civ-spouse,?,White,Male,Italy,cfproto,1
77.0,11.0,35291.0,0.0,23.0,?,Married-AF-spouse,Adm-clerical,White,Male,United-States,growing-spheres,1
90.0,9.0,21412.0,0.0,42.0,?,Married-AF-spouse,Armed-Forces,White,Male,United-States,growing-spheres,1
91.0,10.0,18162.0,564.0,50.0,Federal-gov,Married-civ-spouse,Craft-repair,White,Male,United-States,growing-spheres,1
73.0,10.0,7934.0,0.0,41.0,Federal-gov,Married-AF-spouse,Prof-specialty,White,Male,United-States,growing-spheres,1
82.0,12.0,36256.0,581.0,27.0,?,Married-civ-spouse,?,White,Male,United-States,growing-spheres,1
75.0,9.0,9398.0,647.0,40.0,Federal-gov,Married-AF-spouse,Machine-op-inspct,White,Male,United-States,growing-spheres,1
61.0,9.0,43884.0,0.0,8.0,?,Married-civ-spouse,Adm-clerical,White,Male,United-States,growing-spheres,1
74.0,9.0,28327.0,0.0,42.0,Local-gov,Divorced,?,White,Male,United-States,growing-spheres,1
82.0,9.0,30459.0,0.0,46.0,?,Divorced,Craft-repair,White,Male,United-States,growing-spheres,1
78.0,9.0,25813.0,129.0,27.0,?,Divorced,?,White,Male,United-States,growing-spheres,1
74.0,9.0,20493.0,0.0,1.0,?,Married-AF-spouse,?,White,Male,United-States,growing-spheres,1
74.0,9.0,15867.0,0.0,25.0,Private,Married-civ-spouse,?,White,Male,United-States,growing-spheres,1
76.0,9.0,12028.0,1061.0,25.0,Federal-gov,Married-civ-spouse,Craft-repair,White,Male,United-States,growing-spheres,1
82.0,9.0,36264.0,246.0,17.0,Federal-gov,Divorced,Adm-clerical,White,Male,United-States,growing-spheres,1
70.0,7.0,12243.0,300.0,38.0,Self-emp-not-inc,Married-AF-spouse,?,White,Male,United-States,growing-spheres,1
97.0,11.0,17844.0,331.0,12.0,Federal-gov,Married-AF-spouse,Adm-clerical,White,Male,United-States,growing-spheres,1
84.0,11.0,30098.0,1591.0,32.0,?,Married-spouse-absent,Armed-Forces,White,Male,United-States,growing-spheres,1
91.0,8.0,25260.0,42.0,18.0,?,Married-AF-spouse,Armed-Forces,White,Male,United-States,growing-spheres,1
76.0,7.0,41351.0,0.0,63.0,?,Married-civ-spouse,?,White,Male,United-States,growing-spheres,1
88.0,9.0,35624.0,0.0,30.0,?,Married-civ-spouse,?,White,Male,United-States,growing-spheres,1
80.0,9.0,0.0,0.0,25.0,?,Married-AF-spouse,?,White,Male,United-States,actionable-recourse,0
59.0,10.0,0.0,0.0,34.0,?,Married-civ-spouse,?,White,Male,United-States,face,1
62.0,9.0,0.0,0.0,39.0,?,Married-civ-spouse,?,White,Male,United-States,face,1
61.0,9.0,0.0,0.0,39.0,?,Married-civ-spouse,?,White,Male,United-States,face,1
65.0,9.0,0.0,0.0,44.0,?,Married-civ-spouse,?,White,Male,United-States,face,1
72.0,10.0,9386.0,0.0,29.0,?,Married-civ-spouse,?,White,Male,United-States,face,1
66.0,10.0,0.0,0.0,39.0,?,Married-civ-spouse,?,White,Male,United-States,face,1
62.0,9.0,0.0,0.0,39.0,?,Married-civ-spouse,?,White,Male,United-States,face,1
70.0,10.0,6514.0,0.0,39.0,?,Married-civ-spouse,?,White,Male,United-States,face,1
70.0,10.0,6514.0,0.0,39.0,?,Married-civ-spouse,?,White,Male,United-States,face,1
61.0,9.0,0.0,0.0,38.0,?,Married-civ-spouse,?,White,Male,United-States,face,1
