age,education.num,capital.gain,capital.loss,hours.per.week,workclass,marital.status,occupation,race,sex,native.country,explainer,income
60.0,14.0,0,0.0,60.0,Private,Divorced,Other-service,White,Male,United-States,dice,0
60.0,10.0,0,0.0,60.0,Private,Married-civ-spouse,Other-service,White,Male,United-States,dice,0
60.0,14.0,0,0.0,29.0,Never-worked,Married-civ-spouse,Exec-managerial,White,Male,United-States,dice,0
60.0,8.0,0,0.0,60.0,Never-worked,Married-civ-spouse,Exec-managerial,White,Male,United-States,dice,0
60.0,14.0,0,0.0,60.0,Without-pay,Married-AF-spouse,Exec-managerial,White,Male,United-States,dice,0
82.0,7.0,0,0.0,60.0,Private,Married-civ-spouse,Exec-managerial,White,Male,United-States,dice,0
60.0,2.0,0,0.0,60.0,Private,Married-civ-spouse,Machine-op-inspct,White,Male,United-States,dice,0
60.0,14.0,0,0.0,60.0,Without-pay,Married-civ-spouse,Other-service,White,Male,United-States,dice,0
60.0,14.0,0,0.0,60.0,Never-worked,Widowed,Exec-managerial,White,Male,United-States,dice,0
71.0,5.0,0,0.0,60.0,Private,Married-civ-spouse,Exec-managerial,White,Male,United-States,dice,0
44.0,14.0,0,0.0,60.0,Never-worked,Married-civ-spouse,Exec-managerial,White,Male,United-States,dice,0
60.0,1.0,0,0.0,60.0,Private,Married-civ-spouse,Transport-moving,White,Male,United-States,dice,0
60.0,14.0,0,0.0,29.0,Private,Never-married,Exec-managerial,White,Male,United-States,dice,0
60.0,14.0,0,2035.0,60.0,Without-pay,Married-civ-spouse,Exec-managerial,White,Male,United-States,dice,0
60.0,2.0,0,0.0,60.0,Self-emp-not-inc,Married-civ-spouse,Exec-managerial,White,Male,United-States,dice,0
60.0,6.0,0,0.0,34.0,Private,Married-civ-spouse,Exec-managerial,White,Male,United-States,dice,0
60.0,2.0,0,0.0,60.0,Private,Married-civ-spouse,Exec-managerial,White,Male,United-States,dice,0
60.0,4.0,0,0.0,60.0,Never-worked,Married-civ-spouse,Exec-managerial,White,Male,United-States,dice,0
60.0,3.0,0,0.0,60.0,State-gov,Married-civ-spouse,Exec-managerial,White,Male,United-States,dice,0
60.0,14.0,0,0.0,60.0,Private,Widowed,Priv-house-serv,White,Male,United-States,dice,0
49.0,11.0,0,0.0,53.0,Private,Married-civ-spouse,Tech-support,White,Male,United-States,fimap,0
49.0,11.0,0,0.0,53.0,Private,Married-civ-spouse,Prof-specialty,White,Male,United-States,fimap,0
53.0,12.0,0,0.0,56.0,Private,Married-civ-spouse,Sales,White,Male,United-States,fimap,1
53.0,11.0,0,0.0,46.0,Private,Married-civ-spouse,Exec-managerial,White,Male,United-States,cadex,0
57.0,12.0,0,0.0,56.0,Private,Divorced,Craft-repair,White,Male,United-States,fimap,0
57.0,13.0,0,0.0,56.0,Private,Married-civ-spouse,Protective-serv,White,Male,United-States,fimap,1
57.0,13.0,0,0.0,57.0,Private,Married-civ-spouse,Prof-specialty,White,Male,United-States,fimap,1
60.0,11.0,0,0.0,60.0,Private,Married-civ-spouse,Exec-managerial,White,Male,United-States,cadex,0
60.0,11.0,0,0.0,60.0,Private,Married-civ-spouse,Exec-managerial,White,Male,United-States,cadex,0
60.0,11.0,0,0.0,60.0,Private,Married-civ-spouse,Exec-managerial,White,Male,United-States,cadex,0
60.0,11.0,0,0.0,60.0,Private,Married-civ-spouse,Exec-managerial,White,Male,United-States,cadex,0
60.0,11.0,0,0.0,60.0,Private,Married-civ-spouse,Exec-managerial,White,Male,United-States,cadex,0
60.0,11.0,0,0.0,46.0,Private,Married-civ-spouse,Exec-managerial,White,Male,United-States,cadex,0
60.0,14.0,0,0.0,60.0,Private,Married-civ-spouse,Exec-managerial,White,Male,United-States,cadex,0
90.0,10.0,0,0.0,59.0,Private,Married-civ-spouse,Exec-managerial,White,Male,United-States,wachter,1
90.0,9.0,0,0.0,58.0,Private,Married-civ-spouse,Exec-managerial,White,Male,United-States,wachter,0
90.0,9.0,0,0.0,58.0,Private,Married-civ-spouse,Exec-managerial,White,Male,United-States,wachter,0
90.0,10.0,0,0.0,59.0,Private,Married-civ-spouse,Exec-managerial,White,Male,United-States,wachter,1
90.0,9.0,0,0.0,58.0,Private,Married-civ-spouse,Exec-managerial,White,Male,United-States,wachter,0
90.0,10.0,0,0.0,58.0,Private,Married-civ-spouse,Exec-managerial,White,Male,United-States,wachter,1
90.0,9.0,0,0.0,59.0,Private,Married-civ-spouse,Exec-managerial,White,Male,United-States,wachter,0
87.0,9.0,0,0.0,56.0,Private,Married-civ-spouse,Exec-managerial,White,Male,United-States,wachter,0
90.0,9.0,0,0.0,59.0,Private,Married-civ-spouse,Exec-managerial,White,Male,United-States,wachter,0
90.0,9.0,0,0.0,59.0,Private,Married-civ-spouse,Exec-managerial,White,Male,United-States,wachter,0
60.0,14.0,0,0.0,60.0,Private,Married-civ-spouse,Exec-managerial,White,Male,United-States,cem,1
60.0,14.0,0,0.0,60.0,Private,Married-civ-spouse,Exec-managerial,White,Male,Dominican-Republic,cfproto,0
60.0,14.0,0,0.0,60.0,Local-gov,Married-civ-spouse,Other-service,White,Male,India,cfproto,0
60.0,14.0,0,0.0,60.0,Private,Married-civ-spouse,Exec-managerial,White,Male,Dominican-Republic,cfproto,0
59.0,14.0,0,44.0,59.0,Self-emp-inc,Married-civ-spouse,Adm-clerical,White,Male,United-States,growing-spheres,1
54.0,14.0,5974,0.0,62.0,?,Married-spouse-absent,Adm-clerical,White,Male,United-States,growing-spheres,1
53.0,12.0,5421,392.0,57.0,Local-gov,Married-AF-spouse,?,White,Male,United-States,growing-spheres,1
59.0,14.0,0,0.0,58.0,?,Married-civ-spouse,?,White,Male,United-States,growing-spheres,1
60.0,14.0,1220,48.0,59.0,Private,Separated,?,White,Male,United-States,growing-spheres,0
64.0,15.0,0,84.0,58.0,?,Married-civ-spouse,Craft-repair,White,Male,United-States,growing-spheres,1
57.0,14.0,0,352.0,58.0,?,Married-civ-spouse,Exec-managerial,White,Male,United-States,growing-spheres,1
59.0,13.0,1612,152.0,58.0,Private,Married-AF-spouse,Exec-managerial,White,Male,United-States,growing-spheres,1
62.0,14.0,2829,59.0,62.0,?,Divorced,Exec-managerial,White,Male,United-States,growing-spheres,1
60.0,14.0,0,0.0,58.0,Private,Divorced,Exec-managerial,White,Male,United-States,growing-spheres,1
60.0,14.0,2251,3.0,60.0,?,Never-married,Craft-repair,White,Male,United-States,growing-spheres,1
60.0,14.0,765,0.0,56.0,Private,Married-AF-spouse,?,White,Male,United-States,growing-spheres,1
59.0,14.0,0,0.0,59.0,?,Married-civ-spouse,Armed-Forces,White,Male,United-States,growing-spheres,1
60.0,14.0,0,47.0,58.0,?,Married-civ-spouse,Farming-fishing,White,Male,United-States,growing-spheres,1
61.0,13.0,0,0.0,56.0,Private,Never-married,Exec-managerial,White,Male,United-States,growing-spheres,0
62.0,14.0,757,0.0,62.0,Federal-gov,Married-civ-spouse,Sales,White,Male,United-States,growing-spheres,1
58.0,13.0,0,218.0,59.0,Self-emp-inc,Never-married,Exec-managerial,White,Male,United-States,growing-spheres,1
59.0,13.0,0,52.0,55.0,Never-worked,Married-civ-spouse,Exec-managerial,White,Male,United-States,growing-spheres,0
50.0,12.0,0,214.0,52.0,Local-gov,Married-civ-spouse,Exec-managerial,White,Male,United-States,growing-spheres,1
58.0,14.0,0,0.0,60.0,Private,Married-civ-spouse,?,White,Male,United-States,growing-spheres,1
59.0,14.0,0,0.0,59.0,Private,Married-civ-spouse,Armed-Forces,White,Male,United-States,actionable-recourse,1
63.0,9.0,0,0.0,19.0,Private,Married-civ-spouse,Exec-managerial,White,Male,United-States,face,0
70.0,9.0,0,0.0,29.0,Private,Married-civ-spouse,Exec-managerial,White,Male,United-States,face,0
26.0,9.0,0,0.0,39.0,Private,Married-civ-spouse,Exec-managerial,White,Male,United-States,face,0
31.0,9.0,0,0.0,39.0,Private,Married-civ-spouse,Exec-managerial,White,Male,United-States,face,0
70.0,9.0,0,0.0,29.0,Private,Married-civ-spouse,Exec-managerial,White,Male,United-States,face,0
54.0,9.0,0,0.0,50.0,Private,Married-civ-spouse,Other-service,White,Male,United-States,face,0
30.0,9.0,0,0.0,50.0,Private,Married-civ-spouse,Exec-managerial,White,Male,United-States,face,0
40.0,6.0,0,0.0,39.0,Private,Married-civ-spouse,Exec-managerial,White,Male,United-States,face,0
30.0,9.0,0,0.0,39.0,Private,Married-civ-spouse,Exec-managerial,White,Male,United-States,face,0
63.0,9.0,0,0.0,19.0,Private,Married-civ-spouse,Exec-managerial,White,Male,United-States,face,0
