age,education.num,capital.gain,capital.loss,hours.per.week,workclass,marital.status,occupation,race,sex,native.country,explainer,income
71.0,9.0,40345.0,0.0,20.0,Self-emp-inc,Married-civ-spouse,Adm-clerical,White,Female,United-States,dice,1
71.0,9.0,0.0,2918.0,20.0,Self-emp-not-inc,Married-civ-spouse,Adm-clerical,White,Female,United-States,dice,1
71.0,9.0,0.0,1722.0,20.0,Self-emp-inc,Married-civ-spouse,Adm-clerical,White,Female,United-States,dice,1
71.0,9.0,0.0,3335.0,90.0,Self-emp-inc,Married-civ-spouse,Adm-clerical,White,Female,United-States,dice,1
71.0,9.0,0.0,1633.0,20.0,Self-emp-inc,Married-civ-spouse,Adm-clerical,White,Female,United-States,dice,1
71.0,9.0,61839.0,0.0,20.0,Self-emp-inc,Married-spouse-absent,Adm-clerical,White,Female,United-States,dice,1
71.0,12.0,0.0,0.0,20.0,Self-emp-inc,Married-civ-spouse,Protective-serv,White,Female,United-States,dice,1
71.0,9.0,56028.0,0.0,20.0,Self-emp-inc,Married-civ-spouse,Adm-clerical,White,Female,United-States,dice,1
71.0,9.0,83885.0,0.0,20.0,Self-emp-inc,Married-civ-spouse,Adm-clerical,White,Female,United-States,dice,1
71.0,9.0,0.0,0.0,71.0,Self-emp-inc,Married-civ-spouse,Adm-clerical,White,Female,United-States,dice,1
71.0,9.0,38953.0,0.0,20.0,Self-emp-inc,Married-civ-spouse,Prof-specialty,White,Female,United-States,dice,1
71.0,9.0,0.0,1457.0,20.0,Self-emp-inc,Married-civ-spouse,Adm-clerical,White,Female,United-States,dice,1
71.0,9.0,0.0,0.0,31.0,Self-emp-inc,Married-civ-spouse,Adm-clerical,White,Female,United-States,dice,1
71.0,9.0,94354.0,0.0,20.0,Self-emp-inc,Married-civ-spouse,Adm-clerical,White,Female,United-States,dice,1
71.0,9.0,90235.0,0.0,20.0,Self-emp-inc,Married-civ-spouse,Machine-op-inspct,White,Female,United-States,dice,1
71.0,9.0,48941.0,0.0,20.0,Self-emp-inc,Married-civ-spouse,Adm-clerical,White,Female,United-States,dice,1
35.0,9.0,36408.0,0.0,20.0,Self-emp-inc,Married-civ-spouse,Adm-clerical,White,Female,United-States,dice,1
55.0,9.0,0.0,0.0,20.0,Self-emp-not-inc,Married-civ-spouse,Adm-clerical,White,Female,United-States,dice,1
71.0,9.0,0.0,3836.0,20.0,Self-emp-inc,Married-civ-spouse,Adm-clerical,White,Female,United-States,dice,1
71.0,9.0,0.0,1159.0,56.0,Self-emp-inc,Married-civ-spouse,Adm-clerical,White,Female,United-States,dice,1
66.0,10.0,8117.0,57.0,23.0,Private,Never-married,Adm-clerical,White,Female,United-States,fimap,0
66.0,10.0,7324.0,50.0,23.0,Private,Married-civ-spouse,Exec-managerial,White,Female,United-States,fimap,1
67.0,10.0,7598.0,60.0,23.0,Private,Married-civ-spouse,Sales,White,Female,United-States,fimap,1
67.0,9.0,4999.0,0.0,24.0,Self-emp-inc,Married-civ-spouse,Adm-clerical,White,Female,United-States,cadex,1
67.0,9.0,4999.0,0.0,24.0,Self-emp-inc,Married-civ-spouse,Adm-clerical,White,Female,United-States,cadex,1
67.0,9.0,4999.0,217.0,24.0,Self-emp-inc,Married-civ-spouse,Adm-clerical,White,Female,United-States,cadex,1
67.0,10.0,7528.0,59.0,23.0,Private,Married-civ-spouse,Other-service,White,Female,United-States,fimap,1
70.0,9.0,7893.0,55.0,22.0,Private,Married-civ-spouse,Prof-specialty,White,Female,United-States,fimap,1
71.0,9.0,4999.0,0.0,20.0,Self-emp-inc,Married-civ-spouse,Adm-clerical,White,Female,United-States,cadex,1
71.0,9.0,4999.0,0.0,24.0,Self-emp-inc,Married-civ-spouse,Adm-clerical,White,Female,United-States,cadex,1
71.0,10.0,9399.0,72.0,22.0,Private,Married-civ-spouse,Farming-fishing,White,Female,United-States,fimap,1
70.0,8.0,1194.0,0.0,20.0,Self-emp-inc,Married-civ-spouse,Adm-clerical,White,Female,United-States,wachter,0
71.0,9.0,1397.0,1.0,19.0,Self-emp-inc,Married-civ-spouse,Adm-clerical,White,Female,United-States,wachter,1
70.0,8.0,1636.0,0.0,19.0,Self-emp-inc,Married-civ-spouse,Adm-clerical,White,Female,United-States,wachter,0
70.0,8.0,1342.0,0.0,19.0,Self-emp-inc,Married-civ-spouse,Adm-clerical,White,Female,United-States,wachter,0
70.0,9.0,957.0,0.0,19.0,Self-emp-inc,Married-civ-spouse,Adm-clerical,White,Female,United-States,wachter,0
70.0,9.0,1243.0,0.0,20.0,Self-emp-inc,Married-civ-spouse,Adm-clerical,White,Female,United-States,wachter,1
71.0,8.0,1221.0,0.0,20.0,Self-emp-inc,Married-civ-spouse,Adm-clerical,White,Female,United-States,wachter,0
70.0,8.0,1362.0,0.0,20.0,Self-emp-inc,Married-civ-spouse,Adm-clerical,White,Female,United-States,wachter,0
71.0,9.0,1186.0,0.0,20.0,Self-emp-inc,Married-civ-spouse,Adm-clerical,White,Female,United-States,wachter,1
70.0,8.0,1181.0,0.0,20.0,Self-emp-inc,Married-civ-spouse,Adm-clerical,White,Female,United-States,wachter,0
71.0,9.0,3345.0,0.0,20.0,Self-emp-inc,Married-civ-spouse,Adm-clerical,White,Female,United-States,cem,1
71.0,9.0,0.0,0.0,20.0,Self-emp-inc,Married-civ-spouse,Adm-clerical,White,Female,France,cfproto,1
71.0,9.0,16550.0,0.0,20.0,Self-emp-inc,Married-civ-spouse,Protective-serv,White,Female,Outlying-US(Guam-USVI-etc),cfproto,1
71.0,9.0,16307.0,0.0,20.0,Self-emp-inc,Married-civ-spouse,Protective-serv,White,Female,Outlying-US(Guam-USVI-etc),cfproto,1
71.0,9.0,14967.0,0.0,20.0,Self-emp-not-inc,Married-civ-spouse,Protective-serv,White,Female,Outlying-US(Guam-USVI-etc),cfproto,1
71.0,9.0,9346.0,0.0,20.0,Self-emp-inc,Married-civ-spouse,Adm-clerical,White,Female,Canada,cfproto,1
71.0,9.0,0.0,0.0,20.0,Self-emp-inc,Married-civ-spouse,Adm-clerical,White,Female,France,cfproto,1
71.0,9.0,0.0,0.0,20.0,Self-emp-inc,Married-civ-spouse,Adm-clerical,White,Female,France,cfproto,1
71.0,9.0,0.0,0.0,20.0,Self-emp-inc,Married-civ-spouse,Adm-clerical,White,Female,France,cfproto,1
71.0,9.0,0.0,0.0,20.0,Self-emp-inc,Married-civ-spouse,Adm-clerical,White,Female,France,cfproto,1
71.0,9.0,0.0,0.0,20.0,Self-emp-inc,Married-civ-spouse,Adm-clerical,White,Female,France,cfproto,1
73.0,8.0,25246.0,628.0,40.0,Federal-gov,Divorced,Exec-managerial,White,Female,United-States,growing-spheres,1
71.0,3.0,31814.0,0.0,33.0,?,Divorced,?,White,Female,United-States,growing-spheres,1
86.0,12.0,41054.0,0.0,3.0,State-gov,Married-spouse-absent,Armed-Forces,White,Female,United-States,growing-spheres,1
67.0,10.0,19870.0,1029.0,24.0,?,Divorced,Sales,White,Female,United-States,growing-spheres,1
74.0,9.0,13823.0,698.0,31.0,Private,Married-AF-spouse,Armed-Forces,White,Female,United-States,growing-spheres,1
53.0,6.0,24727.0,2.0,33.0,Federal-gov,Divorced,Exec-managerial,White,Female,United-States,growing-spheres,1
67.0,13.0,18254.0,889.0,44.0,Self-emp-inc,Divorced,Craft-repair,White,Female,United-States,growing-spheres,1
78.0,8.0,20745.0,0.0,26.0,Local-gov,Married-AF-spouse,Adm-clerical,White,Female,United-States,growing-spheres,1
69.0,9.0,21561.0,968.0,26.0,?,Divorced,Craft-repair,White,Female,United-States,growing-spheres,1
98.0,9.0,29369.0,68.0,46.0,Federal-gov,Married-civ-spouse,Adm-clerical,White,Female,United-States,growing-spheres,1
72.0,10.0,13039.0,75.0,15.0,?,Married-AF-spouse,Exec-managerial,White,Female,United-States,growing-spheres,1
66.0,8.0,32094.0,719.0,25.0,Local-gov,Divorced,Adm-clerical,White,Female,United-States,growing-spheres,1
69.0,4.0,19310.0,0.0,37.0,State-gov,Married-AF-spouse,Adm-clerical,White,Female,United-States,growing-spheres,1
64.0,6.0,30156.0,56.0,18.0,?,Married-AF-spouse,?,White,Female,United-States,growing-spheres,1
71.0,12.0,27473.0,0.0,24.0,?,Married-AF-spouse,?,White,Female,United-States,growing-spheres,1
98.0,7.0,39219.0,0.0,30.0,?,Separated,Exec-managerial,White,Female,United-States,growing-spheres,1
67.0,9.0,43944.0,520.0,32.0,State-gov,Married-AF-spouse,Adm-clerical,White,Female,United-States,growing-spheres,1
68.0,11.0,22780.0,249.0,45.0,?,Married-AF-spouse,Adm-clerical,White,Female,United-States,growing-spheres,1
84.0,9.0,39511.0,0.0,45.0,?,Married-civ-spouse,Adm-clerical,White,Female,United-States,growing-spheres,1
68.0,7.0,25830.0,169.0,1.0,Local-gov,Married-AF-spouse,Machine-op-inspct,White,Female,United-States,growing-spheres,1
70.0,9.0,0.0,0.0,19.0,Self-emp-inc,Married-AF-spouse,Adm-clerical,White,Female,United-States,actionable-recourse,0
62.0,10.0,0.0,0.0,38.0,Private,Married-civ-spouse,Adm-clerical,White,Female,United-States,face,1
59.0,9.0,15024.0,0.0,14.0,Self-emp-inc,Married-civ-spouse,Adm-clerical,White,Female,United-States,face,1
65.0,11.0,0.0,0.0,39.0,Private,Married-civ-spouse,Adm-clerical,White,Female,United-States,face,1
50.0,9.0,7687.0,0.0,39.0,Private,Married-civ-spouse,Adm-clerical,White,Female,United-States,face,1
62.0,9.0,3471.0,0.0,39.0,Private,Married-civ-spouse,Adm-clerical,White,Female,United-States,face,1
52.0,9.0,0.0,0.0,38.0,Private,Married-civ-spouse,Adm-clerical,White,Female,United-States,face,1
65.0,11.0,0.0,0.0,39.0,Private,Married-civ-spouse,Adm-clerical,White,Female,United-States,face,1
50.0,9.0,0.0,0.0,39.0,Local-gov,Married-civ-spouse,Adm-clerical,White,Female,United-States,face,1
55.0,10.0,0.0,0.0,14.0,Local-gov,Married-civ-spouse,Adm-clerical,White,Female,United-States,face,1
61.0,10.0,0.0,0.0,29.0,Federal-gov,Married-civ-spouse,Adm-clerical,White,Female,United-States,face,1
