age,education.num,capital.gain,capital.loss,hours.per.week,workclass,marital.status,occupation,race,sex,native.country,explainer,income
33.0,13.0,91565.0,0.0,20.0,Private,Never-married,Craft-repair,White,Male,United-States,dice,1
33.0,13.0,65161.0,0.0,20.0,Private,Never-married,Craft-repair,White,Male,United-States,dice,1
33.0,13.0,0.0,0.0,85.0,Private,Never-married,Craft-repair,White,Male,United-States,dice,1
33.0,13.0,62364.0,2141.0,20.0,Private,Never-married,Craft-repair,White,Male,United-States,dice,1
33.0,13.0,0.0,862.0,20.0,Private,Married-AF-spouse,Craft-repair,White,Male,United-States,dice,1
33.0,13.0,0.0,4295.0,20.0,Private,Never-married,Craft-repair,White,Male,United-States,dice,1
33.0,13.0,99025.0,0.0,20.0,Private,Never-married,Craft-repair,White,Male,United-States,dice,1
33.0,13.0,0.0,4089.0,20.0,Private,Never-married,Craft-repair,White,Male,United-States,dice,1
33.0,13.0,98351.0,0.0,20.0,Private,Never-married,Craft-repair,White,Male,United-States,dice,1
33.0,13.0,37964.0,0.0,20.0,Private,Never-married,Craft-repair,White,Male,United-States,dice,1
33.0,13.0,90136.0,0.0,44.0,Private,Never-married,Craft-repair,White,Male,United-States,dice,1
33.0,13.0,84671.0,0.0,20.0,Private,Never-married,Craft-repair,White,Male,United-States,dice,1
33.0,13.0,47424.0,0.0,20.0,Private,Never-married,?,White,Male,United-States,dice,1
33.0,13.0,0.0,0.0,96.0,Private,Never-married,Exec-managerial,White,Male,United-States,dice,1
33.0,13.0,88273.0,737.0,20.0,Private,Never-married,Craft-repair,White,Male,United-States,dice,1
33.0,15.0,0.0,4171.0,20.0,Private,Never-married,Craft-repair,White,Male,United-States,dice,1
33.0,13.0,22732.0,0.0,20.0,Private,Never-married,Craft-repair,White,Male,United-States,dice,1
33.0,13.0,86441.0,0.0,51.0,Private,Never-married,Craft-repair,White,Male,United-States,dice,1
83.0,13.0,0.0,0.0,99.0,Private,Never-married,Craft-repair,White,Male,United-States,dice,1
33.0,13.0,82943.0,0.0,20.0,Private,Never-married,Craft-repair,White,Male,United-States,dice,1
33.0,13.0,9957.0,0.0,29.0,Private,Never-married,Craft-repair,White,Male,United-States,cadex,1
33.0,13.0,9990.0,0.0,20.0,Private,Never-married,Craft-repair,White,Male,United-States,cadex,1
36.0,13.0,4999.0,217.0,24.0,Private,Never-married,Craft-repair,White,Male,United-States,cadex,0
37.0,13.0,4628.0,35.0,21.0,Private,Divorced,Protective-serv,White,Male,United-States,fimap,0
37.0,13.0,4972.0,38.0,21.0,Private,Divorced,Transport-moving,White,Male,United-States,fimap,0
38.0,14.0,7605.0,77.0,22.0,Private,Never-married,Farming-fishing,White,Male,United-States,fimap,0
38.0,13.0,5114.0,38.0,21.0,Private,Married-civ-spouse,Prof-specialty,White,Male,United-States,fimap,1
38.0,13.0,5793.0,49.0,22.0,Private,Married-civ-spouse,Farming-fishing,White,Male,United-States,fimap,1
38.0,14.0,7639.0,80.0,22.0,Private,Divorced,Transport-moving,White,Male,United-States,fimap,1
39.0,14.0,8652.0,0.0,28.0,Private,Never-married,Craft-repair,White,Male,United-States,cadex,1
39.0,14.0,8837.0,0.0,28.0,Private,Never-married,Craft-repair,White,Male,United-States,cadex,1
39.0,14.0,9382.0,0.0,28.0,Private,Never-married,Craft-repair,White,Male,United-States,cadex,1
39.0,13.0,9496.0,0.0,29.0,Private,Never-married,Craft-repair,White,Male,United-States,cadex,1
40.0,13.0,9900.0,0.0,29.0,Private,Never-married,Craft-repair,White,Male,United-States,cadex,1
66.0,13.0,0.0,0.0,98.0,Self-emp-not-inc,Married-civ-spouse,Transport-moving,White,Male,United-States,wachter,1
67.0,11.0,0.0,0.0,95.0,Self-emp-not-inc,Married-civ-spouse,Transport-moving,White,Male,United-States,wachter,1
66.0,13.0,0.0,0.0,95.0,Self-emp-not-inc,Married-civ-spouse,Transport-moving,White,Male,United-States,wachter,1
67.0,10.0,20.0,530.0,96.0,Self-emp-not-inc,Married-civ-spouse,Transport-moving,White,Male,United-States,wachter,1
55.0,14.0,0.0,0.0,97.0,Self-emp-not-inc,Married-civ-spouse,Transport-moving,White,Male,United-States,wachter,1
65.0,12.0,0.0,0.0,92.0,Self-emp-not-inc,Married-civ-spouse,Transport-moving,White,Male,United-States,wachter,1
46.0,12.0,0.0,0.0,90.0,Self-emp-not-inc,Never-married,Transport-moving,White,Male,United-States,wachter,0
63.0,10.0,0.0,401.0,93.0,Self-emp-not-inc,Never-married,Transport-moving,White,Male,United-States,wachter,0
62.0,12.0,0.0,127.0,93.0,Self-emp-not-inc,Never-married,Transport-moving,White,Male,United-States,wachter,0
50.0,10.0,0.0,0.0,84.0,Private,Never-married,Transport-moving,White,Male,United-States,wachter,0
33.0,13.0,9042.0,0.0,20.0,Private,Never-married,Craft-repair,White,Male,United-States,cem,1
33.0,13.0,43368.0,0.0,22.0,?,Never-married,Protective-serv,White,Male,Outlying-US(Guam-USVI-etc),cfproto,1
31.0,13.0,13045.0,0.0,19.0,Private,Never-married,Craft-repair,White,Male,?,cfproto,1
33.0,13.0,7151.0,0.0,20.0,Self-emp-not-inc,Never-married,Craft-repair,White,Male,United-States,cfproto,1
33.0,13.0,41555.0,0.0,20.0,Self-emp-not-inc,Never-married,Craft-repair,White,Male,Hungary,cfproto,1
33.0,13.0,40582.0,0.0,20.0,?,Never-married,Craft-repair,White,Male,Outlying-US(Guam-USVI-etc),cfproto,1
36.0,13.0,38939.0,8.0,26.0,?,Never-married,Protective-serv,White,Male,Outlying-US(Guam-USVI-etc),cfproto,1
31.0,12.0,31942.0,0.0,18.0,Local-gov,Never-married,Craft-repair,White,Male,Haiti,cfproto,1
33.0,13.0,1004.0,0.0,20.0,Self-emp-not-inc,Never-married,Protective-serv,White,Male,France,cfproto,1
31.0,12.0,22377.0,0.0,18.0,Private,Never-married,Craft-repair,White,Male,Haiti,cfproto,1
33.0,13.0,1004.0,0.0,20.0,Self-emp-not-inc,Never-married,Protective-serv,White,Male,France,cfproto,1
39.0,16.0,35238.0,127.0,55.0,Local-gov,Divorced,Armed-Forces,White,Male,United-States,growing-spheres,1
58.0,13.0,31894.0,194.0,34.0,?,Divorced,Adm-clerical,White,Male,United-States,growing-spheres,1
58.0,9.0,6481.0,0.0,57.0,Federal-gov,Married-civ-spouse,Tech-support,White,Male,United-States,growing-spheres,1
42.0,13.0,28526.0,634.0,34.0,Federal-gov,Divorced,Adm-clerical,White,Male,United-States,growing-spheres,1
33.0,11.0,34492.0,0.0,11.0,Federal-gov,Married-civ-spouse,Machine-op-inspct,White,Male,United-States,growing-spheres,1
38.0,13.0,32239.0,377.0,33.0,Federal-gov,Divorced,Adm-clerical,White,Male,United-States,growing-spheres,1
32.0,14.0,28200.0,0.0,39.0,?,Married-civ-spouse,Adm-clerical,White,Male,United-States,growing-spheres,1
51.0,10.0,19730.0,562.0,14.0,Local-gov,Married-civ-spouse,Other-service,White,Male,United-States,growing-spheres,1
36.0,14.0,23839.0,0.0,34.0,Private,Divorced,?,White,Male,United-States,growing-spheres,1
27.0,15.0,14366.0,0.0,35.0,Federal-gov,Married-civ-spouse,Adm-clerical,White,Male,United-States,growing-spheres,1
23.0,16.0,30039.0,0.0,18.0,Federal-gov,Divorced,Craft-repair,White,Male,United-States,growing-spheres,1
42.0,14.0,29472.0,126.0,7.0,Federal-gov,Married-AF-spouse,Craft-repair,White,Male,United-States,growing-spheres,1
37.0,12.0,23485.0,598.0,6.0,?,Divorced,Craft-repair,White,Male,United-States,growing-spheres,1
49.0,16.0,21084.0,0.0,29.0,Self-emp-not-inc,Married-AF-spouse,Other-service,White,Male,United-States,growing-spheres,1
44.0,12.0,24631.0,0.0,25.0,?,Widowed,Exec-managerial,White,Male,United-States,growing-spheres,1
22.0,16.0,35779.0,1117.0,27.0,Local-gov,Married-AF-spouse,Other-service,White,Male,United-States,growing-spheres,1
28.0,15.0,40578.0,0.0,41.0,?,Divorced,Armed-Forces,White,Male,United-States,growing-spheres,1
38.0,16.0,34315.0,727.0,31.0,Private,Married-civ-spouse,Adm-clerical,White,Male,United-States,growing-spheres,1
30.0,10.0,36155.0,903.0,36.0,Federal-gov,Married-AF-spouse,Craft-repair,White,Male,United-States,growing-spheres,1
53.0,15.0,20570.0,0.0,29.0,Local-gov,Married-civ-spouse,Handlers-cleaners,White,Male,United-States,growing-spheres,1
45.0,13.0,0.0,0.0,29.0,Private,Never-married,Prof-specialty,White,Male,United-States,face,1
40.0,14.0,0.0,0.0,34.0,Private,Never-married,Prof-specialty,White,Male,United-States,face,1
30.0,12.0,0.0,0.0,39.0,Private,Married-civ-spouse,Craft-repair,White,Male,United-States,face,1
45.0,13.0,0.0,0.0,29.0,Private,Never-married,Prof-specialty,White,Male,United-States,face,1
45.0,9.0,10520.0,0.0,48.0,Private,Never-married,Craft-repair,White,Male,United-States,face,1
37.0,13.0,0.0,0.0,89.0,Private,Never-married,Craft-repair,White,Male,United-States,face,1
32.0,12.0,0.0,0.0,39.0,Private,Married-civ-spouse,Craft-repair,White,Male,United-States,face,1
70.0,13.0,11678.0,0.0,44.0,Private,Never-married,Craft-repair,White,Male,United-States,face,1
70.0,13.0,11678.0,0.0,44.0,Private,Never-married,Craft-repair,White,Male,United-States,face,1
31.0,13.0,0.0,0.0,39.0,Private,Married-civ-spouse,Craft-repair,White,Male,United-States,face,1
