age,education.num,capital.gain,capital.loss,hours.per.week,workclass,marital.status,occupation,race,sex,native.country,explainer,income
37.0,11.0,0,2305.0,45.0,Never-worked,Married-civ-spouse,Craft-repair,White,Male,United-States,dice,0
37.0,11.0,0,0.0,45.0,Private,Married-civ-spouse,Armed-Forces,White,Male,United-States,dice,0
31.0,3.0,0,0.0,45.0,Private,Married-civ-spouse,Craft-repair,White,Male,United-States,dice,0
37.0,15.0,0,0.0,45.0,Private,Divorced,Craft-repair,White,Male,United-States,dice,0
21.0,11.0,0,0.0,45.0,Private,Married-civ-spouse,Protective-serv,White,Male,United-States,dice,0
37.0,11.0,0,0.0,64.0,Without-pay,Married-civ-spouse,Craft-repair,White,Male,United-States,dice,0
37.0,11.0,0,0.0,45.0,Private,Never-married,Craft-repair,White,Male,United-States,dice,0
37.0,11.0,0,0.0,25.0,Never-worked,Married-civ-spouse,Craft-repair,White,Male,United-States,dice,0
48.0,11.0,0,0.0,45.0,Private,Widowed,Craft-repair,White,Male,United-States,dice,0
37.0,11.0,0,0.0,4.0,Private,Married-civ-spouse,Craft-repair,White,Male,United-States,dice,0
37.0,11.0,0,0.0,27.0,State-gov,Married-civ-spouse,Craft-repair,White,Male,United-States,dice,0
37.0,11.0,0,0.0,45.0,Self-emp-not-inc,Married-civ-spouse,Craft-repair,White,Male,United-States,dice,0
37.0,9.0,0,0.0,45.0,Private,Separated,Craft-repair,White,Male,United-States,dice,0
83.0,11.0,0,0.0,45.0,Private,Married-civ-spouse,Transport-moving,White,Male,United-States,dice,0
37.0,11.0,0,0.0,45.0,?,Married-civ-spouse,Priv-house-serv,White,Male,United-States,dice,0
98.0,11.0,0,0.0,45.0,Private,Married-civ-spouse,Craft-repair,White,Male,United-States,dice,0
24.0,11.0,0,0.0,45.0,Private,Married-civ-spouse,Craft-repair,White,Male,United-States,dice,0
37.0,11.0,0,0.0,45.0,Private,Married-spouse-absent,Craft-repair,White,Male,United-States,dice,0
37.0,11.0,0,0.0,45.0,Private,Married-civ-spouse,Armed-Forces,White,Male,United-States,dice,0
99.0,11.0,0,0.0,45.0,Private,Married-civ-spouse,Craft-repair,White,Male,United-States,dice,0
30.0,9.0,0,0.0,40.0,Private,Married-civ-spouse,Sales,White,Male,United-States,fimap,0
31.0,9.0,0,0.0,40.0,Private,Married-civ-spouse,Prof-specialty,White,Male,United-States,fimap,0
33.0,10.0,0,0.0,40.0,Private,Married-civ-spouse,Craft-repair,White,Male,United-States,cadex,0
33.0,10.0,0,0.0,40.0,Private,Married-civ-spouse,Craft-repair,White,Male,United-States,cadex,0
33.0,10.0,0,0.0,45.0,Private,Married-civ-spouse,Craft-repair,White,Male,United-States,cadex,0
33.0,11.0,0,0.0,45.0,Private,Married-civ-spouse,Craft-repair,White,Male,United-States,cadex,0
34.0,10.0,0,0.0,42.0,Private,Divorced,Prof-specialty,White,Male,United-States,fimap,0
35.0,10.0,0,0.0,43.0,Private,Never-married,Prof-specialty,White,Male,United-States,fimap,0
36.0,10.0,0,0.0,43.0,Private,Married-civ-spouse,Prof-specialty,White,Male,United-States,fimap,1
36.0,10.0,0,0.0,43.0,Private,Married-civ-spouse,Other-service,White,Male,United-States,fimap,0
37.0,11.0,0,0.0,45.0,Private,Married-civ-spouse,Craft-repair,White,Male,United-States,cadex,0
29.0,11.0,0,0.0,44.0,Private,Married-civ-spouse,Craft-repair,White,Male,United-States,wachter,0
29.0,10.0,0,0.0,43.0,Private,Married-civ-spouse,Craft-repair,White,Male,United-States,wachter,0
30.0,10.0,0,0.0,44.0,Private,Married-civ-spouse,Craft-repair,White,Male,United-States,wachter,0
30.0,10.0,0,0.0,43.0,Private,Married-civ-spouse,Craft-repair,White,Male,United-States,wachter,0
29.0,11.0,0,0.0,43.0,Private,Married-civ-spouse,Craft-repair,White,Male,United-States,wachter,0
30.0,10.0,0,0.0,42.0,Private,Married-civ-spouse,Craft-repair,White,Male,United-States,wachter,0
29.0,10.0,0,0.0,44.0,Private,Married-civ-spouse,Craft-repair,White,Male,United-States,wachter,0
29.0,10.0,0,0.0,44.0,Private,Married-civ-spouse,Craft-repair,White,Male,United-States,wachter,0
29.0,10.0,0,0.0,44.0,Private,Married-civ-spouse,Craft-repair,White,Male,United-States,wachter,0
29.0,10.0,0,0.0,44.0,Private,Married-civ-spouse,Craft-repair,White,Male,United-States,wachter,0
29.0,11.0,0,0.0,45.0,Private,Married-civ-spouse,Craft-repair,White,Male,United-States,cem,0
37.0,11.0,0,0.0,45.0,Private,Married-civ-spouse,Other-service,White,Male,Vietnam,cfproto,0
37.0,11.0,0,0.0,45.0,Private,Married-civ-spouse,Other-service,White,Male,China,cfproto,0
36.0,10.0,0,0.0,44.0,Self-emp-not-inc,Married-civ-spouse,Priv-house-serv,White,Male,China,cfproto,0
37.0,11.0,0,0.0,45.0,Private,Married-civ-spouse,Farming-fishing,White,Male,United-States,cfproto,0
37.0,11.0,0,0.0,45.0,Private,Married-civ-spouse,Craft-repair,White,Male,Vietnam,cfproto,0
37.0,11.0,0,0.0,45.0,Private,Married-civ-spouse,Craft-repair,White,Male,Nicaragua,cfproto,0
37.0,11.0,0,0.0,45.0,Private,Married-civ-spouse,Protective-serv,White,Male,Vietnam,cfproto,0
37.0,11.0,0,0.0,45.0,Private,Married-civ-spouse,Farming-fishing,White,Male,United-States,cfproto,0
36.0,11.0,875,61.0,45.0,Never-worked,Divorced,Craft-repair,White,Male,United-States,growing-spheres,0
31.0,10.0,9970,205.0,38.0,Federal-gov,Divorced,Craft-repair,White,Male,United-States,growing-spheres,1
35.0,10.0,1047,0.0,42.0,Private,Married-civ-spouse,Adm-clerical,White,Male,United-States,growing-spheres,1
32.0,12.0,7317,544.0,43.0,?,Married-civ-spouse,?,White,Male,United-States,growing-spheres,1
36.0,10.0,0,0.0,46.0,Never-worked,Married-AF-spouse,Armed-Forces,White,Male,United-States,growing-spheres,0
33.0,11.0,0,12.0,42.0,Private,Widowed,?,White,Male,United-States,growing-spheres,0
36.0,11.0,0,0.0,44.0,Federal-gov,Married-AF-spouse,Craft-repair,White,Male,United-States,growing-spheres,1
35.0,12.0,1916,0.0,48.0,?,Married-AF-spouse,Craft-repair,White,Male,United-States,growing-spheres,1
36.0,11.0,0,0.0,53.0,Private,Married-civ-spouse,?,White,Male,United-States,growing-spheres,0
33.0,11.0,2318,48.0,42.0,Private,Married-civ-spouse,Craft-repair,White,Male,United-States,growing-spheres,1
38.0,11.0,12,88.0,42.0,Never-worked,Divorced,Priv-house-serv,White,Male,United-States,growing-spheres,0
38.0,11.0,0,249.0,55.0,Private,Married-civ-spouse,Craft-repair,White,Male,United-States,growing-spheres,1
33.0,11.0,0,0.0,48.0,Private,Married-civ-spouse,Armed-Forces,White,Male,United-States,growing-spheres,0
38.0,11.0,635,0.0,47.0,Private,Separated,Armed-Forces,White,Male,United-States,growing-spheres,0
37.0,12.0,0,0.0,41.0,Never-worked,Married-civ-spouse,?,White,Male,United-States,growing-spheres,0
35.0,11.0,5235,0.0,48.0,Never-worked,Married-civ-spouse,?,White,Male,United-States,growing-spheres,0
35.0,10.0,0,0.0,46.0,?,Divorced,Armed-Forces,White,Male,United-States,growing-spheres,0
37.0,11.0,0,0.0,52.0,Private,Married-AF-spouse,?,White,Male,United-States,growing-spheres,0
36.0,10.0,0,102.0,48.0,Never-worked,Married-civ-spouse,?,White,Male,United-States,growing-spheres,0
33.0,12.0,0,196.0,32.0,Federal-gov,Married-civ-spouse,Craft-repair,White,Male,United-States,growing-spheres,1
37.0,11.0,0,0.0,44.0,Private,Married-civ-spouse,Craft-repair,White,Male,United-States,actionable-recourse,1
29.0,10.0,0,0.0,39.0,Private,Married-civ-spouse,Craft-repair,White,Male,United-States,face,0
32.0,10.0,0,0.0,39.0,Private,Married-civ-spouse,Craft-repair,White,Male,United-States,face,0
33.0,10.0,0,0.0,40.0,Private,Married-civ-spouse,Craft-repair,White,Male,United-States,face,0
29.0,10.0,0,0.0,42.0,Private,Married-civ-spouse,Craft-repair,White,Male,United-States,face,0
34.0,9.0,0,0.0,44.0,Private,Married-civ-spouse,Craft-repair,White,Male,United-States,face,0
34.0,10.0,0,0.0,39.0,Private,Married-civ-spouse,Craft-repair,White,Male,United-States,face,0
33.0,10.0,0,0.0,39.0,Private,Married-civ-spouse,Craft-repair,White,Male,United-States,face,0
33.0,10.0,0,0.0,39.0,Private,Married-civ-spouse,Craft-repair,White,Male,United-States,face,0
31.0,10.0,0,0.0,39.0,Private,Married-civ-spouse,Craft-repair,White,Male,United-States,face,0
33.0,10.0,0,0.0,40.0,Private,Married-civ-spouse,Craft-repair,White,Male,United-States,face,0
