age,education.num,capital.gain,capital.loss,hours.per.week,workclass,marital.status,occupation,race,sex,native.country,explainer,income
20.0,10,14553.0,0.0,20.0,Private,Married-AF-spouse,Sales,White,Male,United-States,dice,1
20.0,10,70467.0,0.0,20.0,Private,Never-married,Tech-support,White,Male,United-States,dice,1
20.0,10,18676.0,2591.0,20.0,Private,Never-married,Sales,White,Male,United-States,dice,1
49.0,10,39269.0,0.0,20.0,Private,Never-married,Sales,White,Male,United-States,dice,1
20.0,10,84372.0,0.0,20.0,Private,Never-married,Sales,White,Male,United-States,dice,1
92.0,10,15667.0,0.0,20.0,Private,Never-married,Sales,White,Male,United-States,dice,1
49.0,10,63411.0,0.0,20.0,Private,Never-married,Sales,White,Male,United-States,dice,1
20.0,10,80193.0,0.0,20.0,?,Never-married,Sales,White,Male,United-States,dice,1
20.0,10,49464.0,1099.0,20.0,Private,Never-married,Sales,White,Male,United-States,dice,1
34.0,10,1055.0,0.0,76.0,Private,Never-married,Sales,White,Male,United-States,dice,1
20.0,10,68762.0,0.0,20.0,Private,Never-married,Sales,White,Male,United-States,dice,1
20.0,10,25339.0,0.0,20.0,Private,Never-married,Sales,White,Male,United-States,dice,1
20.0,10,35507.0,2800.0,20.0,Private,Never-married,Sales,White,Male,United-States,dice,1
20.0,10,28287.0,0.0,20.0,Private,Never-married,Sales,White,Male,United-States,dice,1
20.0,10,64767.0,0.0,20.0,Private,Separated,Sales,White,Male,United-States,dice,1
20.0,10,17276.0,0.0,20.0,Private,Never-married,Sales,White,Male,United-States,dice,1
20.0,10,39388.0,0.0,20.0,Self-emp-not-inc,Never-married,Sales,White,Male,United-States,dice,1
20.0,10,65010.0,0.0,20.0,Without-pay,Never-married,Sales,White,Male,United-States,dice,1
20.0,10,19255.0,0.0,20.0,Private,Never-married,Sales,White,Male,United-States,dice,1
20.0,10,36867.0,0.0,20.0,Private,Never-married,Sales,White,Male,United-States,dice,1
20.0,10,16000.0,0.0,20.0,Private,Never-married,Sales,White,Male,United-States,cadex,1
26.0,11,10247.0,416.0,28.0,Private,Never-married,Sales,White,Male,United-States,cadex,1
26.0,11,10298.0,0.0,28.0,Private,Never-married,Sales,White,Male,United-States,cadex,1
26.0,11,10467.0,0.0,29.0,Private,Never-married,Sales,White,Male,United-States,cadex,1
26.0,10,10595.0,0.0,29.0,Private,Never-married,Sales,White,Male,United-States,cadex,1
27.0,10,10893.0,0.0,29.0,Private,Never-married,Sales,White,Male,United-States,cadex,1
27.0,10,11018.0,0.0,29.0,Private,Never-married,Sales,White,Male,United-States,cadex,1
29.0,12,16220.0,154.0,26.0,Private,Married-civ-spouse,Other-service,White,Male,United-States,fimap,1
29.0,11,8786.0,58.0,23.0,Private,Married-civ-spouse,Handlers-cleaners,White,Male,United-States,fimap,1
29.0,11,9229.0,63.0,23.0,Private,Married-civ-spouse,Protective-serv,White,Male,United-States,fimap,1
29.0,11,10934.0,79.0,23.0,Private,Married-civ-spouse,Other-service,White,Male,United-States,fimap,1
30.0,11,9486.0,63.0,23.0,Private,Married-civ-spouse,Handlers-cleaners,White,Male,United-States,fimap,1
30.0,10,15763.0,0.0,20.0,Private,Never-married,Sales,White,Male,United-States,cadex,1
31.0,12,16139.0,159.0,26.0,Private,Married-civ-spouse,Protective-serv,White,Male,United-States,fimap,1
59.0,10,2569.0,0.0,55.0,Private,Never-married,Sales,White,Male,United-States,wachter,1
38.0,10,6276.0,0.0,28.0,Private,Never-married,Sales,White,Male,United-States,wachter,0
55.0,10,2431.0,0.0,50.0,Private,Never-married,Sales,White,Male,United-States,wachter,0
33.0,10,7484.0,0.0,29.0,Private,Never-married,Sales,White,Male,United-States,wachter,1
58.0,10,2046.0,0.0,53.0,Private,Never-married,Sales,White,Male,United-States,wachter,0
47.0,10,2826.0,0.0,45.0,Private,Never-married,Sales,White,Male,United-States,wachter,1
43.0,10,990.0,0.0,55.0,Private,Never-married,Sales,White,Male,United-States,wachter,0
60.0,9,2305.0,0.0,59.0,Private,Never-married,Sales,White,Male,United-States,wachter,0
48.0,9,1556.0,0.0,49.0,Private,Never-married,Sales,White,Male,United-States,wachter,0
29.0,9,10232.0,0.0,22.0,Private,Never-married,Sales,White,Male,United-States,wachter,0
20.0,10,16449.0,0.0,20.0,Private,Never-married,Sales,White,Male,United-States,cem,1
39.0,11,71639.0,0.0,46.0,Self-emp-not-inc,Never-married,Adm-clerical,White,Male,France,cfproto,1
21.0,9,11147.0,0.0,22.0,Local-gov,Never-married,Protective-serv,White,Male,Italy,cfproto,1
34.0,10,47748.0,0.0,39.0,Self-emp-inc,Never-married,Sales,White,Male,India,cfproto,1
27.0,10,91783.0,146.0,29.0,?,Never-married,Protective-serv,White,Female,Outlying-US(Guam-USVI-etc),cfproto,1
40.0,12,81263.0,82.0,47.0,Without-pay,Never-married,Other-service,White,Male,Peru,cfproto,1
30.0,10,34123.0,0.0,34.0,Self-emp-inc,Never-married,Sales,White,Male,China,cfproto,1
26.0,9,19800.0,0.0,28.0,Self-emp-inc,Never-married,Sales,White,Male,China,cfproto,1
37.0,11,60361.0,0.0,43.0,Self-emp-inc,Never-married,Sales,White,Male,Greece,cfproto,1
21.0,9,11147.0,0.0,22.0,Local-gov,Never-married,Protective-serv,White,Male,Italy,cfproto,1
24.0,10,28053.0,0.0,26.0,?,Divorced,Sales,White,Male,United-States,growing-spheres,1
17.0,9,25646.0,656.0,23.0,?,Divorced,Exec-managerial,White,Male,United-States,growing-spheres,1
17.0,7,46118.0,0.0,41.0,?,Married-civ-spouse,Handlers-cleaners,White,Male,United-States,growing-spheres,1
17.0,9,51472.0,0.0,35.0,Local-gov,Married-spouse-absent,Armed-Forces,White,Male,United-States,growing-spheres,1
40.0,14,33914.0,0.0,12.0,?,Married-civ-spouse,Farming-fishing,White,Male,United-States,growing-spheres,1
27.0,8,54255.0,696.0,15.0,?,Married-AF-spouse,Exec-managerial,White,Male,United-States,growing-spheres,1
26.0,12,25523.0,0.0,13.0,Never-worked,Married-AF-spouse,Craft-repair,White,Male,United-States,growing-spheres,1
26.0,9,43352.0,0.0,27.0,Federal-gov,Divorced,Farming-fishing,White,Male,United-States,growing-spheres,1
17.0,8,40593.0,1521.0,14.0,Private,Divorced,Handlers-cleaners,White,Male,United-States,growing-spheres,1
17.0,7,44893.0,425.0,32.0,Local-gov,Married-spouse-absent,Protective-serv,White,Male,United-States,growing-spheres,1
43.0,9,45551.0,0.0,18.0,?,Married-AF-spouse,?,White,Male,United-States,growing-spheres,1
17.0,11,35614.0,1314.0,26.0,Self-emp-not-inc,Divorced,?,White,Male,United-States,growing-spheres,1
23.0,16,25341.0,649.0,5.0,Local-gov,Married-civ-spouse,Craft-repair,White,Male,United-States,growing-spheres,1
36.0,10,33515.0,0.0,11.0,Federal-gov,Divorced,Exec-managerial,White,Male,United-States,growing-spheres,1
17.0,12,28797.0,0.0,15.0,?,Divorced,Machine-op-inspct,White,Male,United-States,growing-spheres,1
24.0,13,38104.0,607.0,51.0,?,Divorced,Armed-Forces,White,Male,United-States,growing-spheres,1
39.0,7,43061.0,550.0,1.0,Self-emp-inc,Divorced,Armed-Forces,White,Male,United-States,growing-spheres,1
30.0,11,19480.0,594.0,30.0,?,Married-AF-spouse,Exec-managerial,White,Male,United-States,growing-spheres,1
39.0,13,36819.0,0.0,34.0,Never-worked,Married-civ-spouse,Craft-repair,White,Male,United-States,growing-spheres,1
30.0,9,15661.0,248.0,11.0,Self-emp-inc,Divorced,Prof-specialty,White,Male,United-States,growing-spheres,1
53.0,9,0.0,2559.0,48.0,Private,Never-married,Sales,White,Male,United-States,face,1
42.0,13,10520.0,0.0,50.0,Private,Never-married,Sales,White,Male,United-States,face,1
35.0,13,10520.0,0.0,44.0,Private,Never-married,Sales,White,Male,United-States,face,1
31.0,13,4101.0,0.0,50.0,Private,Never-married,Sales,White,Male,United-States,face,1
35.0,13,10520.0,0.0,44.0,Private,Never-married,Sales,White,Male,United-States,face,1
30.0,10,0.0,0.0,43.0,Private,Married-civ-spouse,Sales,White,Male,United-States,face,1
35.0,13,0.0,0.0,50.0,Private,Never-married,Sales,White,Male,United-States,face,1
52.0,9,0.0,1876.0,50.0,Private,Never-married,Sales,White,Male,United-States,face,1
25.0,10,8614.0,0.0,39.0,Private,Never-married,Prof-specialty,White,Male,United-States,face,1
42.0,13,0.0,0.0,50.0,Private,Never-married,Sales,White,Male,United-States,face,1
