age,education.num,capital.gain,capital.loss,hours.per.week,workclass,marital.status,occupation,race,sex,native.country,explainer,income
54,11.0,0.0,0.0,80.0,Private,Married-civ-spouse,Exec-managerial,White,Female,United-States,dice,1
54,11.0,54988.0,0.0,40.0,Private,Widowed,Exec-managerial,White,Female,United-States,dice,1
54,11.0,0.0,2183.0,40.0,Private,Widowed,Exec-managerial,White,Female,United-States,dice,1
54,3.0,18003.0,0.0,40.0,Private,Widowed,Exec-managerial,White,Female,United-States,dice,1
54,11.0,45121.0,0.0,40.0,Private,Widowed,Exec-managerial,White,Female,United-States,dice,1
54,4.0,95919.0,0.0,40.0,Private,Widowed,Exec-managerial,White,Female,United-States,dice,1
54,11.0,12573.0,0.0,40.0,Private,Widowed,Exec-managerial,White,Female,United-States,dice,1
54,11.0,88580.0,0.0,40.0,?,Widowed,Exec-managerial,White,Female,United-States,dice,1
54,11.0,0.0,3588.0,40.0,Private,Widowed,Craft-repair,White,Female,United-States,dice,1
54,11.0,6638.0,0.0,40.0,Self-emp-inc,Widowed,Exec-managerial,White,Female,United-States,dice,1
54,13.0,0.0,0.0,40.0,Private,Widowed,Exec-managerial,White,Female,United-States,dice,1
54,11.0,0.0,1376.0,40.0,Private,Widowed,Exec-managerial,White,Female,United-States,dice,1
54,15.0,0.0,0.0,40.0,Private,Married-civ-spouse,Exec-managerial,White,Female,United-States,dice,1
54,11.0,74202.0,0.0,40.0,Private,Widowed,Exec-managerial,White,Female,United-States,dice,1
54,11.0,80573.0,4355.0,40.0,Private,Widowed,Exec-managerial,White,Female,United-States,dice,1
54,11.0,0.0,3614.0,40.0,Private,Widowed,Craft-repair,White,Female,United-States,dice,1
54,11.0,0.0,0.0,96.0,Private,Widowed,Exec-managerial,White,Female,United-States,dice,1
54,11.0,81391.0,0.0,40.0,Private,Widowed,Exec-managerial,White,Female,United-States,dice,1
54,11.0,26994.0,0.0,40.0,?,Widowed,Exec-managerial,White,Female,United-States,dice,1
54,11.0,7280.0,0.0,40.0,Private,Divorced,Exec-managerial,White,Female,United-States,dice,1
52,11.0,4314.0,29.0,41.0,Private,Married-civ-spouse,Tech-support,White,Female,United-States,fimap,1
52,11.0,4437.0,30.0,41.0,Private,Married-civ-spouse,Adm-clerical,White,Female,United-States,fimap,1
52,11.0,4461.0,33.0,41.0,Private,Divorced,Handlers-cleaners,White,Female,United-States,fimap,0
52,11.0,5374.0,39.0,41.0,Private,Married-civ-spouse,Exec-managerial,White,Female,United-States,fimap,1
54,11.0,4999.0,0.0,40.0,Private,Widowed,Exec-managerial,White,Female,United-States,cadex,1
54,11.0,4999.0,0.0,40.0,Private,Widowed,Exec-managerial,White,Female,United-States,cadex,1
54,11.0,4999.0,217.0,40.0,Private,Widowed,Exec-managerial,White,Female,United-States,cadex,1
54,11.0,6161.0,42.0,41.0,Private,Married-civ-spouse,Transport-moving,White,Female,United-States,fimap,1
55,11.0,6447.0,44.0,41.0,Private,Married-civ-spouse,Machine-op-inspct,White,Female,United-States,fimap,1
57,11.0,4999.0,217.0,40.0,Private,Widowed,Exec-managerial,White,Female,United-States,cadex,1
57,11.0,4999.0,217.0,44.0,Private,Widowed,Exec-managerial,White,Female,United-States,cadex,1
54,10.0,1893.0,0.0,39.0,Private,Widowed,Exec-managerial,White,Female,United-States,wachter,0
54,10.0,1875.0,0.0,40.0,Private,Widowed,Exec-managerial,White,Female,United-States,wachter,0
52,10.0,2210.0,0.0,39.0,Private,Widowed,Exec-managerial,White,Female,United-States,wachter,0
54,10.0,1957.0,0.0,39.0,Private,Widowed,Exec-managerial,White,Female,United-States,wachter,0
54,11.0,1767.0,0.0,39.0,Private,Widowed,Exec-managerial,White,Female,United-States,wachter,1
54,10.0,1875.0,0.0,39.0,Private,Widowed,Exec-managerial,White,Female,United-States,wachter,0
54,11.0,1729.0,1.0,39.0,Private,Widowed,Exec-managerial,White,Female,United-States,wachter,0
53,11.0,1932.0,0.0,39.0,Private,Widowed,Exec-managerial,White,Female,United-States,wachter,1
55,10.0,2181.0,0.0,38.0,Private,Widowed,Exec-managerial,White,Female,United-States,wachter,0
53,11.0,1807.0,0.0,39.0,Private,Widowed,Exec-managerial,White,Female,United-States,wachter,0
54,11.0,3765.0,0.0,40.0,Private,Widowed,Exec-managerial,White,Female,United-States,cem,1
54,11.0,38639.0,0.0,40.0,Self-emp-inc,Widowed,Exec-managerial,White,Female,Ireland,cfproto,1
54,11.0,0.0,0.0,40.0,Private,Widowed,Exec-managerial,White,Female,Italy,cfproto,1
54,11.0,491.0,0.0,40.0,Private,Widowed,Exec-managerial,White,Female,France,cfproto,1
54,11.0,0.0,0.0,40.0,Private,Widowed,Exec-managerial,White,Female,France,cfproto,1
54,11.0,50260.0,0.0,40.0,Self-emp-inc,Widowed,Exec-managerial,White,Female,Greece,cfproto,1
54,11.0,0.0,0.0,40.0,Private,Widowed,Exec-managerial,White,Female,France,cfproto,1
54,11.0,0.0,0.0,40.0,Private,Widowed,Exec-managerial,White,Female,France,cfproto,1
54,11.0,26471.0,0.0,40.0,Self-emp-inc,Widowed,Exec-managerial,White,Female,United-States,cfproto,1
54,11.0,0.0,0.0,40.0,Private,Widowed,Exec-managerial,White,Female,France,cfproto,1
54,11.0,0.0,0.0,40.0,Private,Widowed,Exec-managerial,White,Female,France,cfproto,1
74,8.0,37888.0,680.0,32.0,?,Married-AF-spouse,Adm-clerical,White,Female,United-States,growing-spheres,1
50,12.0,26687.0,0.0,46.0,Federal-gov,Married-AF-spouse,Adm-clerical,White,Female,United-States,growing-spheres,1
64,11.0,33909.0,40.0,43.0,Federal-gov,Married-AF-spouse,Handlers-cleaners,White,Female,United-States,growing-spheres,1
44,11.0,27142.0,0.0,36.0,Self-emp-inc,Married-AF-spouse,?,White,Female,United-States,growing-spheres,1
72,12.0,14258.0,393.0,55.0,Self-emp-inc,Married-AF-spouse,Adm-clerical,White,Female,United-States,growing-spheres,1
50,11.0,22188.0,0.0,47.0,?,Married-civ-spouse,Armed-Forces,White,Female,United-States,growing-spheres,1
31,13.0,39344.0,150.0,60.0,?,Divorced,Armed-Forces,White,Female,United-States,growing-spheres,1
49,13.0,22423.0,121.0,84.0,Federal-gov,Divorced,Adm-clerical,White,Female,United-States,growing-spheres,1
37,11.0,26819.0,478.0,45.0,?,Married-AF-spouse,Other-service,White,Female,United-States,growing-spheres,1
53,11.0,29157.0,0.0,33.0,State-gov,Married-civ-spouse,Adm-clerical,White,Female,United-States,growing-spheres,1
58,11.0,36373.0,0.0,36.0,?,Married-AF-spouse,?,White,Female,United-States,growing-spheres,1
55,14.0,41572.0,843.0,50.0,Never-worked,Divorced,Adm-clerical,White,Female,United-States,growing-spheres,1
45,10.0,26034.0,0.0,44.0,Federal-gov,Divorced,Exec-managerial,White,Female,United-States,growing-spheres,1
55,10.0,35294.0,0.0,44.0,Federal-gov,Married-civ-spouse,?,White,Female,United-States,growing-spheres,1
57,11.0,36643.0,0.0,41.0,?,Married-AF-spouse,Adm-clerical,White,Female,United-States,growing-spheres,1
68,12.0,12657.0,0.0,58.0,Local-gov,Divorced,Craft-repair,White,Female,United-States,growing-spheres,1
44,11.0,30258.0,432.0,51.0,Self-emp-inc,Divorced,?,White,Female,United-States,growing-spheres,1
43,10.0,23636.0,911.0,50.0,Private,Married-AF-spouse,Craft-repair,White,Female,United-States,growing-spheres,1
53,11.0,1037.0,80.0,40.0,Local-gov,Married-AF-spouse,Craft-repair,White,Female,United-States,growing-spheres,1
51,12.0,24140.0,1005.0,39.0,?,Married-AF-spouse,Adm-clerical,White,Female,United-States,growing-spheres,1
54,11.0,0.0,0.0,39.0,Private,Married-AF-spouse,Exec-managerial,White,Female,United-States,actionable-recourse,1
38,9.0,0.0,0.0,59.0,Private,Married-civ-spouse,Exec-managerial,White,Female,United-States,face,1
49,13.0,0.0,0.0,39.0,Private,Divorced,Exec-managerial,White,Female,United-States,face,0
42,9.0,0.0,0.0,39.0,Private,Married-civ-spouse,Exec-managerial,White,Female,United-States,face,1
49,13.0,0.0,0.0,43.0,Private,Married-civ-spouse,Exec-managerial,White,Female,United-States,face,1
42,9.0,0.0,0.0,39.0,Private,Married-civ-spouse,Exec-managerial,White,Female,United-States,face,1
42,14.0,0.0,0.0,44.0,Private,Never-married,Exec-managerial,White,Female,United-States,face,0
55,10.0,7687.0,0.0,50.0,Private,Married-civ-spouse,Exec-managerial,White,Female,United-States,face,1
58,13.0,0.0,0.0,39.0,Private,Widowed,Exec-managerial,White,Female,United-States,face,1
48,9.0,0.0,0.0,39.0,Private,Married-civ-spouse,Exec-managerial,White,Female,United-States,face,1
57,13.0,0.0,0.0,39.0,Private,Married-civ-spouse,Exec-managerial,White,Female,United-States,face,1
