age,education.num,capital.gain,capital.loss,hours.per.week,workclass,marital.status,occupation,race,sex,native.country,explainer,income
30.0,9,58874.0,0.0,40.0,Private,Married-civ-spouse,Handlers-cleaners,White,Male,United-States,dice,1
30.0,9,82770.0,0.0,40.0,Private,Never-married,Handlers-cleaners,White,Male,United-States,dice,1
30.0,9,11252.0,0.0,40.0,Private,Never-married,Adm-clerical,White,Male,United-States,dice,1
30.0,9,0.0,3524.0,40.0,Self-emp-not-inc,Never-married,Handlers-cleaners,White,Male,United-States,dice,1
30.0,9,63674.0,0.0,40.0,Private,Never-married,Other-service,White,Male,United-States,dice,1
30.0,9,13014.0,0.0,40.0,Private,Never-married,Prof-specialty,White,Male,United-States,dice,1
30.0,9,85960.0,3834.0,40.0,Private,Never-married,Handlers-cleaners,White,Male,United-States,dice,1
30.0,9,59680.0,0.0,40.0,Private,Never-married,Handlers-cleaners,White,Male,United-States,dice,1
54.0,9,95423.0,0.0,40.0,Private,Never-married,Handlers-cleaners,White,Male,United-States,dice,1
30.0,9,31377.0,0.0,40.0,Private,Never-married,Protective-serv,White,Male,United-States,dice,1
30.0,9,29661.0,0.0,40.0,Private,Never-married,Handlers-cleaners,White,Male,United-States,dice,1
30.0,9,26199.0,0.0,40.0,Private,Never-married,?,White,Male,United-States,dice,1
30.0,9,17519.0,0.0,40.0,Private,Never-married,Handlers-cleaners,White,Male,United-States,dice,1
30.0,9,83632.0,0.0,40.0,Private,Never-married,Handlers-cleaners,White,Male,United-States,dice,1
30.0,9,32616.0,0.0,40.0,Private,Never-married,Handlers-cleaners,White,Male,United-States,dice,1
30.0,9,70175.0,0.0,40.0,Private,Never-married,Handlers-cleaners,White,Male,United-States,dice,1
30.0,9,25034.0,0.0,40.0,Private,Never-married,Handlers-cleaners,White,Male,United-States,dice,1
30.0,9,32125.0,0.0,40.0,Private,Never-married,Handlers-cleaners,White,Male,United-States,dice,1
30.0,9,63173.0,0.0,40.0,Private,Separated,Handlers-cleaners,White,Male,United-States,dice,1
30.0,9,69090.0,0.0,9.0,Private,Never-married,Handlers-cleaners,White,Male,United-States,dice,1
30.0,9,19774.0,0.0,40.0,Private,Never-married,Handlers-cleaners,White,Male,United-States,cadex,1
36.0,9,5286.0,40.0,41.0,Private,Married-civ-spouse,Prof-specialty,White,Male,United-States,fimap,1
36.0,9,5895.0,46.0,42.0,Private,Married-civ-spouse,Handlers-cleaners,White,Male,United-States,fimap,1
36.0,9,5932.0,45.0,42.0,Private,Married-civ-spouse,Exec-managerial,White,Male,United-States,fimap,1
37.0,10,11563.0,110.0,44.0,Private,Married-civ-spouse,?,White,Male,United-States,fimap,1
37.0,10,11645.0,115.0,44.0,Private,Married-civ-spouse,Prof-specialty,White,Male,United-States,fimap,1
37.0,10,7456.0,62.0,42.0,Private,Married-civ-spouse,Prof-specialty,White,Male,United-States,fimap,1
38.0,11,13324.0,600.0,52.0,Private,Never-married,Handlers-cleaners,White,Male,United-States,cadex,1
38.0,11,13428.0,0.0,52.0,Private,Never-married,Handlers-cleaners,White,Male,United-States,cadex,1
39.0,11,13925.0,0.0,53.0,Private,Never-married,Handlers-cleaners,White,Male,United-States,cadex,1
39.0,9,13974.0,0.0,53.0,Private,Never-married,Handlers-cleaners,White,Male,United-States,cadex,1
40.0,9,14358.0,0.0,53.0,Private,Never-married,Handlers-cleaners,White,Male,United-States,cadex,1
40.0,9,14901.0,0.0,54.0,Private,Never-married,Handlers-cleaners,White,Male,United-States,cadex,1
40.0,9,14972.0,0.0,40.0,Private,Never-married,Handlers-cleaners,White,Male,United-States,cadex,1
39.0,8,12223.0,0.0,46.0,Private,Never-married,Handlers-cleaners,White,Male,United-States,wachter,0
50.0,8,11347.0,0.0,40.0,Private,Never-married,Handlers-cleaners,White,Male,United-States,wachter,0
56.0,9,8389.0,0.0,56.0,Private,Never-married,Handlers-cleaners,White,Male,United-States,wachter,0
42.0,8,11685.0,0.0,46.0,Private,Never-married,Handlers-cleaners,White,Male,United-States,wachter,0
42.0,9,12456.0,0.0,40.0,Private,Never-married,Handlers-cleaners,White,Male,United-States,wachter,1
45.0,9,8146.0,3.0,62.0,Private,Never-married,Handlers-cleaners,White,Male,United-States,wachter,0
52.0,9,9722.0,0.0,52.0,Private,Never-married,Handlers-cleaners,White,Male,United-States,wachter,1
46.0,9,11314.0,0.0,44.0,Private,Never-married,Handlers-cleaners,White,Male,United-States,wachter,1
32.0,9,14666.0,0.0,40.0,Private,Never-married,Handlers-cleaners,White,Male,United-States,wachter,1
31.0,8,14719.0,0.0,40.0,Private,Never-married,Handlers-cleaners,White,Male,United-States,wachter,0
30.0,9,18599.0,0.0,40.0,Private,Never-married,Handlers-cleaners,White,Male,United-States,cem,1
28.0,9,50579.0,0.0,40.0,Self-emp-not-inc,Never-married,Handlers-cleaners,White,Male,Thailand,cfproto,1
28.0,9,63149.0,0.0,40.0,Private,Never-married,Handlers-cleaners,White,Male,Vietnam,cfproto,1
30.0,9,21481.0,0.0,40.0,Self-emp-inc,Never-married,Handlers-cleaners,White,Male,South,cfproto,1
30.0,9,25300.0,0.0,40.0,Self-emp-inc,Never-married,Handlers-cleaners,White,Male,India,cfproto,1
32.0,9,57001.0,26.0,42.0,Without-pay,Never-married,Protective-serv,White,Male,Outlying-US(Guam-USVI-etc),cfproto,1
29.0,9,36607.0,0.0,40.0,Self-emp-inc,Never-married,Handlers-cleaners,White,Male,South,cfproto,1
30.0,9,25300.0,0.0,40.0,Self-emp-inc,Never-married,Handlers-cleaners,White,Male,India,cfproto,1
19.0,7,39640.0,0.0,60.0,?,Divorced,?,White,Male,United-States,growing-spheres,1
38.0,11,29072.0,508.0,50.0,Federal-gov,Married-civ-spouse,Adm-clerical,White,Male,United-States,growing-spheres,1
35.0,8,25542.0,1093.0,46.0,?,Married-AF-spouse,Exec-managerial,White,Male,United-States,growing-spheres,1
35.0,12,18055.0,241.0,40.0,Self-emp-inc,Divorced,Adm-clerical,White,Male,United-States,growing-spheres,1
37.0,8,26447.0,657.0,59.0,Local-gov,Married-AF-spouse,Exec-managerial,White,Male,United-States,growing-spheres,1
22.0,5,23592.0,357.0,59.0,?,Divorced,?,White,Male,United-States,growing-spheres,1
35.0,4,23162.0,0.0,47.0,?,Married-civ-spouse,?,White,Male,United-States,growing-spheres,1
52.0,9,29491.0,0.0,43.0,Never-worked,Divorced,Armed-Forces,White,Male,United-States,growing-spheres,1
22.0,8,26716.0,0.0,58.0,Federal-gov,Married-AF-spouse,Adm-clerical,White,Male,United-States,growing-spheres,1
29.0,6,53808.0,0.0,53.0,?,Married-AF-spouse,Craft-repair,White,Male,United-States,growing-spheres,1
30.0,9,33088.0,0.0,29.0,Private,Divorced,Farming-fishing,White,Male,United-States,growing-spheres,1
39.0,13,11736.0,613.0,38.0,?,Married-AF-spouse,Machine-op-inspct,White,Male,United-States,growing-spheres,1
29.0,7,40972.0,241.0,26.0,Private,Divorced,Craft-repair,White,Male,United-States,growing-spheres,1
24.0,9,27728.0,404.0,54.0,?,Married-AF-spouse,Protective-serv,White,Male,United-States,growing-spheres,1
18.0,9,30963.0,1083.0,41.0,Self-emp-inc,Married-AF-spouse,?,White,Male,United-States,growing-spheres,1
27.0,8,57530.0,0.0,35.0,Federal-gov,Married-AF-spouse,?,White,Male,United-States,growing-spheres,1
34.0,2,37477.0,0.0,38.0,Never-worked,Married-AF-spouse,Adm-clerical,White,Male,United-States,growing-spheres,1
27.0,10,16726.0,0.0,46.0,?,Divorced,Exec-managerial,White,Male,United-States,growing-spheres,1
26.0,6,34250.0,1294.0,42.0,Local-gov,Married-civ-spouse,?,White,Male,United-States,growing-spheres,1
38.0,12,36451.0,1205.0,32.0,Private,Married-AF-spouse,Adm-clerical,White,Male,United-States,growing-spheres,1
46.0,10,0.0,0.0,39.0,Private,Married-civ-spouse,Handlers-cleaners,White,Male,United-States,face,1
37.0,13,0.0,0.0,39.0,Private,Married-civ-spouse,Handlers-cleaners,White,Male,United-States,face,1
36.0,13,0.0,0.0,39.0,Private,Never-married,Prof-specialty,White,Male,United-States,face,0
42.0,9,3908.0,0.0,39.0,Private,Married-civ-spouse,Handlers-cleaners,White,Male,United-States,face,1
37.0,13,0.0,0.0,39.0,Private,Married-civ-spouse,Handlers-cleaners,White,Male,United-States,face,1
42.0,10,0.0,0.0,39.0,Private,Married-civ-spouse,Handlers-cleaners,White,Male,United-States,face,0
31.0,9,5013.0,0.0,39.0,Private,Married-civ-spouse,Handlers-cleaners,White,Male,United-States,face,1
32.0,13,0.0,0.0,50.0,Private,Married-civ-spouse,Handlers-cleaners,White,Male,United-States,face,1
39.0,13,0.0,0.0,50.0,Private,Never-married,Exec-managerial,White,Male,United-States,face,1
31.0,9,5013.0,0.0,39.0,Private,Married-civ-spouse,Handlers-cleaners,White,Male,United-States,face,1
