age,education.num,capital.gain,capital.loss,hours.per.week,workclass,marital.status,occupation,race,sex,native.country,explainer,income
95.0,13.0,0,0.0,55.0,Local-gov,Married-civ-spouse,Protective-serv,White,Male,United-States,dice,0
43.0,13.0,0,0.0,55.0,Local-gov,Married-spouse-absent,Protective-serv,White,Male,United-States,dice,0
43.0,7.0,0,0.0,55.0,Local-gov,Married-spouse-absent,Protective-serv,White,Male,United-States,dice,0
43.0,1.0,0,0.0,55.0,Local-gov,Married-civ-spouse,Protective-serv,White,Male,United-States,dice,0
43.0,13.0,0,0.0,55.0,Local-gov,Married-civ-spouse,Priv-house-serv,White,Male,United-States,dice,0
43.0,13.0,0,0.0,82.0,Never-worked,Married-civ-spouse,Protective-serv,White,Male,United-States,dice,0
43.0,2.0,0,0.0,55.0,Local-gov,Married-civ-spouse,Protective-serv,White,Male,United-States,dice,0
98.0,13.0,0,0.0,55.0,Local-gov,Married-civ-spouse,Other-service,White,Male,United-States,dice,0
99.0,11.0,0,0.0,55.0,Local-gov,Married-civ-spouse,Protective-serv,White,Male,United-States,dice,0
83.0,13.0,0,0.0,55.0,Local-gov,Married-spouse-absent,Protective-serv,White,Male,United-States,dice,0
43.0,1.0,0,0.0,45.0,Local-gov,Married-civ-spouse,Protective-serv,White,Male,United-States,dice,0
43.0,13.0,0,0.0,55.0,Without-pay,Married-civ-spouse,Priv-house-serv,White,Male,United-States,dice,0
43.0,13.0,0,0.0,55.0,Never-worked,Married-civ-spouse,Transport-moving,White,Male,United-States,dice,0
43.0,3.0,0,0.0,55.0,?,Married-civ-spouse,Protective-serv,White,Male,United-States,dice,0
43.0,13.0,0,926.0,55.0,Never-worked,Married-civ-spouse,Protective-serv,White,Male,United-States,dice,0
43.0,13.0,0,0.0,4.0,Local-gov,Married-AF-spouse,Protective-serv,White,Male,United-States,dice,0
17.0,13.0,0,0.0,55.0,Local-gov,Married-civ-spouse,Handlers-cleaners,White,Male,United-States,dice,0
43.0,9.0,0,0.0,55.0,Local-gov,Married-civ-spouse,Farming-fishing,White,Male,United-States,dice,0
43.0,3.0,0,0.0,55.0,Private,Married-civ-spouse,Protective-serv,White,Male,United-States,dice,0
43.0,13.0,0,0.0,55.0,Never-worked,Married-civ-spouse,Prof-specialty,White,Male,United-States,dice,0
35.0,11.0,0,0.0,49.0,Private,Divorced,Prof-specialty,White,Male,United-States,fimap,0
35.0,11.0,0,0.0,45.0,Local-gov,Married-civ-spouse,Protective-serv,White,Male,United-States,cadex,0
35.0,11.0,0,0.0,54.0,Local-gov,Married-civ-spouse,Protective-serv,White,Male,United-States,cadex,0
35.0,11.0,0,0.0,49.0,Private,Married-civ-spouse,Tech-support,White,Male,United-States,fimap,0
38.0,11.0,0,0.0,51.0,Private,Married-civ-spouse,Craft-repair,White,Male,United-States,fimap,0
40.0,12.0,0,0.0,52.0,Private,Never-married,Exec-managerial,White,Male,United-States,fimap,0
40.0,12.0,0,0.0,52.0,Private,Never-married,Exec-managerial,White,Male,United-States,fimap,0
40.0,12.0,0,0.0,52.0,Private,Divorced,Prof-specialty,White,Male,United-States,fimap,0
43.0,11.0,0,0.0,54.0,Local-gov,Married-civ-spouse,Protective-serv,White,Male,United-States,cadex,0
43.0,11.0,0,0.0,54.0,Local-gov,Married-civ-spouse,Protective-serv,White,Male,United-States,cadex,0
43.0,11.0,0,0.0,54.0,Local-gov,Married-civ-spouse,Protective-serv,White,Male,United-States,cadex,0
43.0,11.0,0,0.0,54.0,Local-gov,Married-civ-spouse,Protective-serv,White,Male,United-States,cadex,0
43.0,13.0,0,0.0,54.0,Local-gov,Married-civ-spouse,Protective-serv,White,Male,United-States,cadex,0
43.0,13.0,0,0.0,54.0,Local-gov,Married-civ-spouse,Protective-serv,White,Male,United-States,cadex,0
55.0,6.0,0,0.0,53.0,Local-gov,Married-civ-spouse,Protective-serv,White,Male,United-States,wachter,1
42.0,12.0,0,0.0,54.0,Local-gov,Married-civ-spouse,Protective-serv,White,Male,United-States,wachter,1
43.0,13.0,0,0.0,54.0,Local-gov,Married-civ-spouse,Protective-serv,White,Male,United-States,wachter,1
42.0,13.0,0,0.0,54.0,Local-gov,Married-civ-spouse,Protective-serv,White,Male,United-States,wachter,1
31.0,7.0,0,0.0,54.0,Local-gov,Married-civ-spouse,Protective-serv,White,Male,United-States,wachter,1
59.0,5.0,0,0.0,54.0,Local-gov,Married-civ-spouse,Protective-serv,White,Male,United-States,wachter,0
59.0,5.0,0,0.0,54.0,Local-gov,Married-civ-spouse,Protective-serv,White,Male,United-States,wachter,0
35.0,13.0,0,0.0,54.0,Local-gov,Married-civ-spouse,Protective-serv,White,Male,United-States,wachter,1
59.0,5.0,0,0.0,54.0,Local-gov,Married-civ-spouse,Protective-serv,White,Male,United-States,wachter,0
17.0,13.0,0,0.0,54.0,Local-gov,Married-civ-spouse,Protective-serv,White,Male,United-States,wachter,1
43.0,13.0,0,0.0,54.0,Local-gov,Married-civ-spouse,Protective-serv,White,Male,United-States,cem,1
43.0,13.0,0,0.0,54.0,Self-emp-inc,Married-civ-spouse,Priv-house-serv,White,Male,Laos,cfproto,0
43.0,13.0,0,0.0,54.0,Local-gov,Married-civ-spouse,Farming-fishing,White,Male,India,cfproto,0
43.0,13.0,0,0.0,54.0,Self-emp-not-inc,Married-civ-spouse,Other-service,White,Male,South,cfproto,0
43.0,13.0,0,0.0,54.0,Local-gov,Married-civ-spouse,Farming-fishing,White,Male,India,cfproto,0
42.0,13.0,158,0.0,55.0,Federal-gov,Married-civ-spouse,?,White,Male,United-States,growing-spheres,1
43.0,12.0,237,0.0,54.0,?,Married-civ-spouse,Exec-managerial,White,Male,United-States,growing-spheres,1
42.0,12.0,0,0.0,54.0,Local-gov,Married-civ-spouse,?,White,Male,United-States,growing-spheres,1
41.0,13.0,2281,511.0,59.0,Local-gov,Divorced,?,White,Male,United-States,growing-spheres,1
41.0,13.0,0,0.0,56.0,Federal-gov,Divorced,?,White,Male,United-States,growing-spheres,0
45.0,13.0,0,0.0,54.0,Self-emp-not-inc,Married-AF-spouse,Other-service,White,Male,United-States,growing-spheres,0
41.0,11.0,1606,0.0,56.0,Local-gov,Married-civ-spouse,Armed-Forces,White,Male,United-States,growing-spheres,0
44.0,13.0,3436,0.0,47.0,Federal-gov,Married-civ-spouse,Farming-fishing,White,Male,United-States,growing-spheres,1
56.0,13.0,1376,0.0,49.0,Local-gov,Married-civ-spouse,Adm-clerical,White,Male,United-States,growing-spheres,1
42.0,11.0,0,30.0,55.0,Local-gov,Married-civ-spouse,Farming-fishing,White,Male,United-States,growing-spheres,0
54.0,13.0,0,173.0,46.0,?,Divorced,Other-service,White,Male,United-States,growing-spheres,0
48.0,12.0,1241,72.0,61.0,Local-gov,Divorced,?,White,Male,United-States,growing-spheres,0
46.0,13.0,0,0.0,55.0,Local-gov,Married-civ-spouse,?,White,Male,United-States,growing-spheres,1
44.0,13.0,0,248.0,60.0,Local-gov,Married-civ-spouse,Farming-fishing,White,Male,United-States,growing-spheres,0
42.0,12.0,0,139.0,55.0,Local-gov,Married-AF-spouse,Machine-op-inspct,White,Male,United-States,growing-spheres,1
43.0,10.0,9106,0.0,54.0,Local-gov,Married-civ-spouse,Farming-fishing,White,Male,United-States,growing-spheres,1
47.0,12.0,2467,0.0,48.0,Local-gov,Married-civ-spouse,?,White,Male,United-States,growing-spheres,1
43.0,12.0,424,0.0,54.0,Never-worked,Married-AF-spouse,Handlers-cleaners,White,Male,United-States,growing-spheres,0
43.0,12.0,35,0.0,55.0,Federal-gov,Married-civ-spouse,?,White,Male,United-States,growing-spheres,1
37.0,14.0,0,148.0,54.0,Local-gov,Divorced,Armed-Forces,White,Male,United-States,growing-spheres,0
63.0,4.0,0,0.0,10.0,Local-gov,Married-civ-spouse,Protective-serv,White,Male,United-States,face,0
33.0,12.0,0,0.0,55.0,Local-gov,Divorced,Protective-serv,White,Male,United-States,face,0
46.0,10.0,0,0.0,39.0,Local-gov,Married-civ-spouse,Other-service,White,Male,United-States,face,0
31.0,12.0,0,0.0,39.0,Local-gov,Never-married,Protective-serv,White,Male,United-States,face,0
33.0,12.0,0,0.0,39.0,Local-gov,Married-civ-spouse,Adm-clerical,White,Male,United-States,face,0
48.0,11.0,0,0.0,48.0,Local-gov,Never-married,Protective-serv,White,Male,United-States,face,0
31.0,11.0,0,0.0,38.0,State-gov,Married-civ-spouse,Protective-serv,White,Male,United-States,face,0
45.0,12.0,0,0.0,39.0,Local-gov,Married-civ-spouse,Handlers-cleaners,White,Male,United-States,face,0
36.0,11.0,0,0.0,39.0,Local-gov,Never-married,Protective-serv,White,Male,United-States,face,0
29.0,13.0,0,0.0,55.0,Local-gov,Never-married,Protective-serv,White,Male,United-States,face,0
