age,education.num,capital.gain,capital.loss,hours.per.week,workclass,marital.status,occupation,race,sex,native.country,explainer,income
45.0,14.0,0.0,0.0,59.0,Private,Married-AF-spouse,Adm-clerical,Asian-Pac-Islander,Female,Philippines,dice,1
45.0,14.0,0.0,0.0,80.0,Private,Never-married,Prof-specialty,Asian-Pac-Islander,Female,Philippines,dice,1
45.0,14.0,0.0,0.0,86.0,Private,Widowed,Adm-clerical,Asian-Pac-Islander,Female,Philippines,dice,1
45.0,14.0,0.0,0.0,40.0,Local-gov,Never-married,Protective-serv,Asian-Pac-Islander,Female,Philippines,dice,1
45.0,14.0,88944.0,0.0,40.0,Private,Never-married,Adm-clerical,Asian-Pac-Islander,Female,Philippines,dice,1
45.0,14.0,22281.0,0.0,79.0,Private,Never-married,Adm-clerical,Asian-Pac-Islander,Female,Philippines,dice,1
53.0,14.0,59191.0,0.0,40.0,Private,Never-married,Adm-clerical,Asian-Pac-Islander,Female,Philippines,dice,1
45.0,14.0,83935.0,0.0,40.0,Private,Never-married,Adm-clerical,Asian-Pac-Islander,Female,Philippines,dice,1
45.0,14.0,25725.0,0.0,40.0,Private,Never-married,Adm-clerical,Asian-Pac-Islander,Female,Philippines,dice,1
45.0,14.0,53861.0,0.0,40.0,Private,Never-married,Adm-clerical,Asian-Pac-Islander,Female,Philippines,dice,1
45.0,4.0,95398.0,0.0,40.0,Private,Never-married,Adm-clerical,Asian-Pac-Islander,Female,Philippines,dice,1
45.0,14.0,0.0,1483.0,94.0,Private,Never-married,Adm-clerical,Asian-Pac-Islander,Female,Philippines,dice,1
45.0,14.0,0.0,1801.0,40.0,Private,Married-AF-spouse,Adm-clerical,Asian-Pac-Islander,Female,Philippines,dice,1
45.0,14.0,44216.0,0.0,40.0,Self-emp-not-inc,Never-married,Adm-clerical,Asian-Pac-Islander,Female,Philippines,dice,1
82.0,14.0,45453.0,0.0,40.0,Private,Never-married,Adm-clerical,Asian-Pac-Islander,Female,Philippines,dice,1
45.0,6.0,22686.0,0.0,40.0,Private,Never-married,Adm-clerical,Asian-Pac-Islander,Female,Philippines,dice,1
45.0,14.0,25132.0,0.0,40.0,Private,Never-married,Adm-clerical,Asian-Pac-Islander,Female,Philippines,dice,1
45.0,14.0,71413.0,0.0,40.0,Private,Never-married,Adm-clerical,Asian-Pac-Islander,Female,Philippines,dice,1
45.0,14.0,60299.0,0.0,19.0,Private,Never-married,Adm-clerical,Asian-Pac-Islander,Female,Philippines,dice,1
45.0,14.0,51681.0,0.0,40.0,Private,Never-married,Adm-clerical,Asian-Pac-Islander,Female,Philippines,dice,1
44.0,14.0,2731.0,18.0,40.0,Private,Married-civ-spouse,Prof-specialty,Asian-Pac-Islander,Female,Philippines,fimap,1
45.0,14.0,8491.0,0.0,48.0,Private,Never-married,Adm-clerical,Asian-Pac-Islander,Female,Philippines,cadex,1
45.0,14.0,8657.0,0.0,48.0,Private,Never-married,Adm-clerical,Asian-Pac-Islander,Female,Philippines,cadex,1
45.0,14.0,9055.0,0.0,48.0,Private,Never-married,Adm-clerical,Asian-Pac-Islander,Female,Philippines,cadex,1
45.0,14.0,9266.0,0.0,40.0,Private,Never-married,Adm-clerical,Asian-Pac-Islander,Female,Philippines,cadex,1
45.0,14.0,9904.0,0.0,40.0,Private,Never-married,Adm-clerical,Asian-Pac-Islander,Female,Philippines,cadex,1
45.0,15.0,8457.0,0.0,48.0,Private,Never-married,Adm-clerical,Asian-Pac-Islander,Female,Philippines,cadex,1
45.0,14.0,3248.0,25.0,41.0,Private,Never-married,Transport-moving,Asian-Pac-Islander,Female,Philippines,fimap,0
45.0,14.0,2845.0,19.0,40.0,Private,Married-civ-spouse,Transport-moving,Asian-Pac-Islander,Female,Philippines,fimap,1
46.0,14.0,2687.0,20.0,40.0,Private,Married-civ-spouse,Tech-support,Asian-Pac-Islander,Female,Philippines,fimap,1
46.0,14.0,3734.0,32.0,41.0,Private,Married-civ-spouse,Sales,Asian-Pac-Islander,Female,Philippines,fimap,1
47.0,14.0,2831.0,28.0,40.0,Private,Divorced,Protective-serv,Asian-Pac-Islander,Female,Philippines,fimap,0
51.0,15.0,8447.0,373.0,48.0,Private,Never-married,Adm-clerical,Asian-Pac-Islander,Female,Philippines,cadex,1
51.0,15.0,8453.0,0.0,48.0,Private,Never-married,Adm-clerical,Asian-Pac-Islander,Female,Philippines,cadex,1
56.0,9.0,14310.0,46.0,70.0,Private,Never-married,Transport-moving,Asian-Pac-Islander,Female,Philippines,wachter,1
56.0,9.0,14296.0,43.0,70.0,Private,Never-married,Transport-moving,Asian-Pac-Islander,Female,Philippines,wachter,1
56.0,9.0,14312.0,46.0,70.0,Private,Never-married,Transport-moving,Asian-Pac-Islander,Female,Philippines,wachter,1
56.0,9.0,14280.0,45.0,70.0,Private,Never-married,Transport-moving,Asian-Pac-Islander,Female,Philippines,wachter,1
56.0,9.0,14309.0,46.0,70.0,Private,Never-married,Transport-moving,Asian-Pac-Islander,Female,Philippines,wachter,1
56.0,9.0,14318.0,47.0,70.0,Private,Never-married,Transport-moving,Asian-Pac-Islander,Female,Philippines,wachter,1
56.0,9.0,14309.0,48.0,70.0,Private,Never-married,Transport-moving,Asian-Pac-Islander,Female,Philippines,wachter,1
56.0,9.0,14303.0,44.0,70.0,Private,Never-married,Transport-moving,Asian-Pac-Islander,Female,Philippines,wachter,1
56.0,9.0,14313.0,47.0,70.0,Private,Never-married,Transport-moving,Asian-Pac-Islander,Female,Philippines,wachter,1
56.0,9.0,14293.0,42.0,70.0,Private,Never-married,Transport-moving,Asian-Pac-Islander,Female,Philippines,wachter,1
45.0,14.0,8270.0,0.0,40.0,Private,Never-married,Adm-clerical,Asian-Pac-Islander,Female,Philippines,cem,1
45.0,14.0,0.0,0.0,40.0,Private,Never-married,Adm-clerical,Asian-Pac-Islander,Female,Japan,cfproto,1
45.0,14.0,1384.0,0.0,40.0,Private,Never-married,Adm-clerical,White,Female,Italy,cfproto,1
45.0,14.0,5309.0,0.0,40.0,Private,Never-married,Craft-repair,White,Female,?,cfproto,1
45.0,14.0,0.0,0.0,40.0,Private,Never-married,Adm-clerical,Asian-Pac-Islander,Female,Japan,cfproto,1
50.0,13.0,56913.0,524.0,37.0,Federal-gov,Married-AF-spouse,?,Asian-Pac-Islander,Female,Philippines,growing-spheres,1
32.0,13.0,28997.0,0.0,42.0,Local-gov,Divorced,Armed-Forces,Asian-Pac-Islander,Female,Philippines,growing-spheres,1
61.0,15.0,17339.0,14.0,52.0,Local-gov,Married-AF-spouse,Handlers-cleaners,Asian-Pac-Islander,Female,Philippines,growing-spheres,1
37.0,15.0,35993.0,214.0,32.0,Self-emp-inc,Divorced,Adm-clerical,Asian-Pac-Islander,Female,Philippines,growing-spheres,1
43.0,13.0,5682.0,443.0,36.0,Local-gov,Divorced,Adm-clerical,Asian-Pac-Islander,Female,Philippines,growing-spheres,0
55.0,14.0,10724.0,0.0,59.0,Local-gov,Married-AF-spouse,Exec-managerial,Asian-Pac-Islander,Female,Philippines,growing-spheres,1
51.0,15.0,9822.0,0.0,46.0,?,Married-AF-spouse,Craft-repair,Asian-Pac-Islander,Female,Philippines,growing-spheres,1
50.0,15.0,15461.0,0.0,38.0,Never-worked,Married-AF-spouse,Craft-repair,Asian-Pac-Islander,Female,Philippines,growing-spheres,1
41.0,13.0,28621.0,0.0,27.0,?,Married-spouse-absent,Prof-specialty,Asian-Pac-Islander,Female,Philippines,growing-spheres,1
36.0,14.0,30199.0,465.0,20.0,Federal-gov,Married-AF-spouse,?,Asian-Pac-Islander,Female,Philippines,growing-spheres,1
34.0,16.0,23492.0,485.0,38.0,Federal-gov,Married-AF-spouse,Adm-clerical,Asian-Pac-Islander,Female,Philippines,growing-spheres,1
41.0,13.0,25107.0,483.0,28.0,Federal-gov,Divorced,Armed-Forces,Asian-Pac-Islander,Female,Philippines,growing-spheres,1
32.0,14.0,14278.0,285.0,52.0,Self-emp-not-inc,Married-civ-spouse,Craft-repair,Asian-Pac-Islander,Female,Philippines,growing-spheres,1
34.0,15.0,16646.0,644.0,36.0,Local-gov,Married-civ-spouse,Exec-managerial,Asian-Pac-Islander,Female,Philippines,growing-spheres,1
67.0,14.0,15677.0,0.0,57.0,?,Married-AF-spouse,?,Asian-Pac-Islander,Female,Philippines,growing-spheres,1
57.0,13.0,28162.0,0.0,34.0,Federal-gov,Married-AF-spouse,?,Asian-Pac-Islander,Female,Philippines,growing-spheres,1
38.0,14.0,12247.0,0.0,48.0,?,Married-AF-spouse,Exec-managerial,Asian-Pac-Islander,Female,Philippines,growing-spheres,1
39.0,14.0,22935.0,719.0,22.0,Federal-gov,Married-civ-spouse,Machine-op-inspct,Asian-Pac-Islander,Female,Philippines,growing-spheres,1
51.0,13.0,4237.0,320.0,67.0,Local-gov,Married-AF-spouse,?,Asian-Pac-Islander,Female,Philippines,growing-spheres,1
39.0,14.0,6657.0,0.0,35.0,Self-emp-not-inc,Married-AF-spouse,?,Asian-Pac-Islander,Female,Philippines,growing-spheres,1
45.0,14.0,0.0,0.0,39.0,Private,Married-civ-spouse,Adm-clerical,Asian-Pac-Islander,Female,Philippines,actionable-recourse,1
41.0,13.0,3103.0,0.0,34.0,Private,Married-civ-spouse,Adm-clerical,Asian-Pac-Islander,Male,Philippines,face,1
45.0,13.0,0.0,0.0,39.0,Private,Married-civ-spouse,Adm-clerical,Asian-Pac-Islander,Male,Philippines,face,1
50.0,13.0,0.0,0.0,39.0,Private,Married-civ-spouse,Exec-managerial,Asian-Pac-Islander,Male,Philippines,face,1
39.0,10.0,13549.0,0.0,44.0,Private,Never-married,Adm-clerical,White,Female,United-States,face,1
39.0,13.0,0.0,0.0,39.0,Private,Separated,Prof-specialty,Asian-Pac-Islander,Female,Philippines,face,1
50.0,13.0,0.0,0.0,39.0,Private,Separated,Prof-specialty,Asian-Pac-Islander,Female,Philippines,face,1
45.0,13.0,5178.0,0.0,39.0,Private,Married-civ-spouse,Prof-specialty,Asian-Pac-Islander,Female,Philippines,face,1
48.0,13.0,0.0,0.0,35.0,Private,Married-spouse-absent,Prof-specialty,Asian-Pac-Islander,Female,Philippines,face,1
66.0,13.0,0.0,0.0,39.0,Private,Married-civ-spouse,Adm-clerical,Asian-Pac-Islander,Male,Philippines,face,1
40.0,15.0,0.0,0.0,39.0,Private,Married-civ-spouse,Adm-clerical,Asian-Pac-Islander,Female,Philippines,face,1
