age,education.num,capital.gain,capital.loss,hours.per.week,workclass,marital.status,occupation,race,sex,native.country,explainer,income
41.0,9.0,0,1485.0,75.0,Without-pay,Married-civ-spouse,Exec-managerial,White,Male,United-States,dice,0
99.0,9.0,0,1485.0,40.0,Private,Married-civ-spouse,Exec-managerial,White,Male,United-States,dice,0
41.0,2.0,0,3739.0,40.0,Private,Married-civ-spouse,Exec-managerial,White,Male,United-States,dice,0
41.0,3.0,0,1485.0,40.0,Private,Married-spouse-absent,Exec-managerial,White,Male,United-States,dice,0
41.0,4.0,0,1485.0,40.0,Private,Never-married,Exec-managerial,White,Male,United-States,dice,0
41.0,1.0,0,232.0,40.0,Private,Married-civ-spouse,Exec-managerial,White,Male,United-States,dice,0
30.0,9.0,0,291.0,40.0,Private,Married-civ-spouse,Exec-managerial,White,Male,United-States,dice,0
41.0,9.0,0,1485.0,23.0,Private,Married-civ-spouse,Farming-fishing,White,Male,United-States,dice,0
41.0,2.0,0,1485.0,40.0,Private,Married-civ-spouse,Adm-clerical,White,Male,United-States,dice,0
41.0,9.0,0,1485.0,40.0,Federal-gov,Divorced,Exec-managerial,White,Male,United-States,dice,0
41.0,9.0,0,1485.0,40.0,Self-emp-not-inc,Married-spouse-absent,Exec-managerial,White,Male,United-States,dice,0
41.0,3.0,0,1485.0,40.0,Private,Married-civ-spouse,Exec-managerial,White,Male,United-States,dice,0
18.0,9.0,0,2158.0,40.0,Private,Married-civ-spouse,Exec-managerial,White,Male,United-States,dice,0
86.0,9.0,0,1485.0,40.0,Private,Married-civ-spouse,?,White,Male,United-States,dice,0
90.0,9.0,0,1485.0,40.0,Private,Married-civ-spouse,Exec-managerial,White,Male,United-States,dice,0
41.0,9.0,0,2531.0,40.0,Private,Married-civ-spouse,Armed-Forces,White,Male,United-States,dice,0
41.0,9.0,0,3213.0,40.0,Private,Divorced,Exec-managerial,White,Male,United-States,dice,0
41.0,9.0,0,1485.0,40.0,Private,Separated,Sales,White,Male,United-States,dice,0
41.0,9.0,0,1485.0,40.0,Private,Divorced,Tech-support,White,Male,United-States,dice,0
41.0,9.0,0,1485.0,4.0,Private,Married-civ-spouse,?,White,Male,United-States,dice,0
34.0,7.0,0,1421.0,35.0,Private,Married-civ-spouse,Prof-specialty,White,Male,United-States,fimap,0
34.0,7.0,0,1429.0,35.0,Private,Divorced,Tech-support,White,Male,United-States,fimap,0
37.0,8.0,0,1267.0,35.0,Private,Married-civ-spouse,Exec-managerial,White,Male,United-States,cadex,0
37.0,8.0,0,1267.0,40.0,Private,Married-civ-spouse,Exec-managerial,White,Male,United-States,cadex,0
37.0,8.0,0,1485.0,40.0,Private,Married-civ-spouse,Exec-managerial,White,Male,United-States,cadex,0
37.0,9.0,0,1485.0,40.0,Private,Married-civ-spouse,Exec-managerial,White,Male,United-States,cadex,0
38.0,8.0,0,1463.0,37.0,Private,Married-civ-spouse,Farming-fishing,White,Male,United-States,fimap,0
39.0,8.0,0,1461.0,38.0,Private,Married-civ-spouse,Handlers-cleaners,White,Male,United-States,fimap,0
39.0,8.0,0,1461.0,38.0,Private,Married-civ-spouse,?,White,Male,United-States,fimap,0
39.0,8.0,0,1463.0,38.0,Private,Divorced,Prof-specialty,White,Male,United-States,fimap,0
41.0,9.0,0,1485.0,40.0,Private,Married-civ-spouse,Exec-managerial,White,Male,United-States,cadex,0
24.0,8.0,0,1490.0,39.0,Private,Married-civ-spouse,Exec-managerial,White,Male,United-States,wachter,0
67.0,6.0,0,1475.0,39.0,Private,Married-civ-spouse,Exec-managerial,White,Male,United-States,wachter,1
24.0,8.0,0,1487.0,40.0,Private,Married-civ-spouse,Exec-managerial,White,Male,United-States,wachter,0
27.0,8.0,0,1485.0,40.0,Private,Married-civ-spouse,Exec-managerial,White,Male,United-States,wachter,0
24.0,8.0,0,1477.0,39.0,Private,Married-civ-spouse,Exec-managerial,White,Male,United-States,wachter,0
32.0,8.0,0,547.0,39.0,Private,Married-civ-spouse,Exec-managerial,White,Male,United-States,wachter,0
29.0,8.0,0,1440.0,39.0,Private,Married-civ-spouse,Exec-managerial,White,Male,United-States,wachter,1
68.0,6.0,0,1466.0,39.0,Private,Married-civ-spouse,Exec-managerial,White,Male,United-States,wachter,1
70.0,7.0,0,890.0,39.0,Private,Married-civ-spouse,Exec-managerial,White,Male,United-States,wachter,1
24.0,8.0,0,1482.0,40.0,Private,Married-civ-spouse,Exec-managerial,White,Male,United-States,wachter,0
41.0,5.0,0,1485.0,40.0,Private,Married-civ-spouse,Exec-managerial,White,Male,United-States,cem,1
41.0,9.0,0,1485.0,40.0,Private,Married-civ-spouse,Other-service,White,Male,India,cfproto,0
41.0,9.0,0,1485.0,40.0,Private,Married-civ-spouse,Machine-op-inspct,White,Male,Japan,cfproto,0
41.0,9.0,0,1485.0,40.0,Private,Married-civ-spouse,Exec-managerial,White,Male,Greece,cfproto,0
41.0,9.0,0,1485.0,40.0,Private,Married-civ-spouse,Handlers-cleaners,White,Male,Greece,cfproto,0
41.0,9.0,0,1485.0,40.0,Private,Married-civ-spouse,Exec-managerial,White,Male,Mexico,cfproto,0
40.0,8.0,0,1485.0,40.0,Self-emp-not-inc,Married-civ-spouse,Other-service,White,Male,India,cfproto,0
41.0,9.0,0,1485.0,40.0,Private,Married-civ-spouse,Exec-managerial,White,Male,Dominican-Republic,cfproto,0
41.0,9.0,0,1485.0,40.0,Private,Married-civ-spouse,Exec-managerial,White,Male,Mexico,cfproto,0
42.0,9.0,0,1435.0,41.0,Local-gov,Married-civ-spouse,Adm-clerical,White,Male,United-States,growing-spheres,0
40.0,9.0,0,1500.0,40.0,Private,Married-civ-spouse,Armed-Forces,White,Male,United-States,growing-spheres,0
46.0,8.0,5376,1089.0,41.0,Private,Married-civ-spouse,Craft-repair,White,Male,United-States,growing-spheres,1
42.0,8.0,144,1720.0,49.0,?,Married-civ-spouse,Armed-Forces,White,Male,United-States,growing-spheres,0
40.0,8.0,1172,1483.0,41.0,Federal-gov,Divorced,Exec-managerial,White,Male,United-States,growing-spheres,0
40.0,8.0,14559,1495.0,39.0,Private,Divorced,?,White,Male,United-States,growing-spheres,1
41.0,7.0,1111,1618.0,25.0,Federal-gov,Divorced,Farming-fishing,White,Male,United-States,growing-spheres,0
40.0,8.0,10,1482.0,40.0,Never-worked,Married-AF-spouse,?,White,Male,United-States,growing-spheres,0
41.0,9.0,70,1492.0,40.0,Federal-gov,Divorced,Craft-repair,White,Male,United-States,growing-spheres,0
41.0,9.0,0,1444.0,41.0,Local-gov,Married-spouse-absent,?,White,Male,United-States,growing-spheres,0
41.0,9.0,682,1725.0,40.0,Private,Divorced,Farming-fishing,White,Male,United-States,growing-spheres,0
35.0,10.0,0,1217.0,42.0,Never-worked,Married-civ-spouse,?,White,Male,United-States,growing-spheres,0
40.0,9.0,0,1494.0,35.0,Federal-gov,Divorced,Exec-managerial,White,Male,United-States,growing-spheres,0
39.0,8.0,0,1415.0,37.0,?,Separated,Exec-managerial,White,Male,United-States,growing-spheres,0
43.0,9.0,0,1431.0,39.0,Never-worked,Divorced,?,White,Male,United-States,growing-spheres,0
42.0,8.0,5501,1499.0,40.0,?,Married-civ-spouse,Armed-Forces,White,Male,United-States,growing-spheres,1
35.0,7.0,9949,1004.0,41.0,Federal-gov,Married-civ-spouse,Adm-clerical,White,Male,United-States,growing-spheres,1
49.0,10.0,0,1240.0,33.0,?,Divorced,?,White,Male,United-States,growing-spheres,0
42.0,7.0,5085,1478.0,44.0,Private,Divorced,Adm-clerical,White,Male,United-States,growing-spheres,0
40.0,9.0,6,1551.0,40.0,Federal-gov,Divorced,Armed-Forces,White,Male,United-States,growing-spheres,0
28.0,9.0,0,0.0,50.0,Private,Married-civ-spouse,Exec-managerial,White,Male,United-States,face,0
32.0,7.0,0,0.0,54.0,Private,Married-civ-spouse,Exec-managerial,White,Male,United-States,face,0
28.0,9.0,0,0.0,39.0,Private,Married-civ-spouse,Exec-managerial,White,Male,United-States,face,0
28.0,9.0,0,0.0,50.0,Private,Married-civ-spouse,Exec-managerial,White,Male,United-States,face,0
26.0,9.0,0,0.0,39.0,Private,Married-civ-spouse,Exec-managerial,White,Male,United-States,face,0
28.0,9.0,0,0.0,44.0,Private,Married-civ-spouse,Exec-managerial,White,Male,United-States,face,0
30.0,9.0,0,0.0,50.0,Private,Married-civ-spouse,Exec-managerial,White,Male,United-States,face,0
22.0,9.0,0,0.0,48.0,Private,Married-civ-spouse,Exec-managerial,White,Male,United-States,face,0
28.0,9.0,0,0.0,39.0,Private,Married-civ-spouse,Exec-managerial,White,Male,United-States,face,0
41.0,9.0,0,0.0,39.0,Private,Married-civ-spouse,Transport-moving,White,Male,United-States,face,0
