age,education.num,capital.gain,capital.loss,hours.per.week,workclass,marital.status,occupation,race,sex,native.country,explainer,income
43.0,10.0,0.0,0.0,40.0,Private,Separated,Exec-managerial,White,Male,United-States,dice,0
80.0,10.0,0.0,0.0,40.0,Private,Divorced,Sales,White,Male,United-States,dice,0
43.0,10.0,0.0,0.0,40.0,?,Married-spouse-absent,Sales,White,Male,United-States,dice,0
43.0,10.0,0.0,0.0,40.0,Private,Married-AF-spouse,Adm-clerical,White,Male,United-States,dice,0
69.0,10.0,0.0,0.0,40.0,Private,Married-AF-spouse,Sales,White,Male,United-States,dice,0
43.0,3.0,0.0,3400.0,40.0,Private,Married-civ-spouse,Sales,White,Male,United-States,dice,0
43.0,10.0,0.0,0.0,40.0,Private,Divorced,Tech-support,White,Male,United-States,dice,0
99.0,10.0,5302.0,0.0,40.0,Private,Married-civ-spouse,Sales,White,Male,United-States,dice,0
88.0,10.0,0.0,0.0,40.0,Private,Married-civ-spouse,Sales,White,Male,United-States,dice,0
43.0,6.0,0.0,0.0,40.0,Private,Married-civ-spouse,Sales,White,Male,United-States,dice,0
43.0,10.0,0.0,0.0,6.0,Private,Married-civ-spouse,Sales,White,Male,United-States,dice,0
25.0,10.0,0.0,0.0,40.0,Local-gov,Married-civ-spouse,Sales,White,Male,United-States,dice,0
43.0,1.0,0.0,2232.0,40.0,Private,Married-civ-spouse,Sales,White,Male,United-States,dice,0
43.0,10.0,0.0,0.0,40.0,Private,Never-married,Sales,White,Male,United-States,dice,0
43.0,1.0,0.0,0.0,40.0,Private,Married-civ-spouse,Sales,White,Male,United-States,dice,0
77.0,10.0,0.0,0.0,21.0,Private,Married-civ-spouse,Sales,White,Male,United-States,dice,0
43.0,10.0,0.0,0.0,14.0,Private,Divorced,Sales,White,Male,United-States,dice,0
98.0,10.0,0.0,0.0,40.0,Private,Married-spouse-absent,Sales,White,Male,United-States,dice,0
69.0,4.0,0.0,0.0,40.0,Private,Married-civ-spouse,Sales,White,Male,United-States,dice,0
43.0,4.0,0.0,0.0,40.0,Private,Married-civ-spouse,Sales,White,Male,United-States,dice,0
38.0,8.0,0.0,0.0,35.0,Private,Married-civ-spouse,Prof-specialty,White,Male,United-States,fimap,0
38.0,8.0,0.0,0.0,35.0,Private,Married-civ-spouse,Exec-managerial,White,Male,United-States,fimap,0
39.0,9.0,0.0,0.0,35.0,Private,Married-civ-spouse,Sales,White,Male,United-States,cadex,0
40.0,9.0,0.0,0.0,37.0,Private,Married-civ-spouse,?,White,Male,United-States,fimap,0
42.0,9.0,0.0,0.0,38.0,Private,Married-civ-spouse,Machine-op-inspct,White,Male,United-States,fimap,0
42.0,9.0,0.0,0.0,38.0,Private,Never-married,Prof-specialty,White,Male,United-States,fimap,0
42.0,9.0,0.0,0.0,38.0,Private,Married-civ-spouse,Prof-specialty,White,Male,United-States,fimap,1
43.0,9.0,0.0,0.0,35.0,Private,Married-civ-spouse,Sales,White,Male,United-States,cadex,0
43.0,9.0,0.0,0.0,35.0,Private,Married-civ-spouse,Sales,White,Male,United-States,cadex,0
43.0,9.0,0.0,0.0,40.0,Private,Married-civ-spouse,Sales,White,Male,United-States,cadex,0
43.0,10.0,0.0,0.0,40.0,Private,Married-civ-spouse,Sales,White,Male,United-States,cadex,0
30.0,9.0,0.0,0.0,40.0,Private,Married-civ-spouse,Sales,White,Male,United-States,wachter,0
30.0,9.0,0.0,0.0,40.0,Private,Married-civ-spouse,Sales,White,Male,United-States,wachter,0
42.0,9.0,0.0,0.0,38.0,Private,Married-civ-spouse,Sales,White,Male,United-States,wachter,1
30.0,9.0,0.0,0.0,39.0,Private,Married-civ-spouse,Sales,White,Male,United-States,wachter,0
31.0,9.0,0.0,0.0,37.0,Private,Married-civ-spouse,Sales,White,Male,United-States,wachter,0
30.0,9.0,0.0,0.0,40.0,Private,Married-civ-spouse,Sales,White,Male,United-States,wachter,0
30.0,10.0,0.0,0.0,39.0,Private,Married-civ-spouse,Sales,White,Male,United-States,wachter,0
30.0,9.0,0.0,0.0,40.0,Private,Married-civ-spouse,Sales,White,Male,United-States,wachter,0
30.0,9.0,0.0,0.0,39.0,Private,Married-civ-spouse,Sales,White,Male,United-States,wachter,0
30.0,9.0,0.0,0.0,40.0,Private,Married-civ-spouse,Sales,White,Male,United-States,wachter,0
43.0,8.0,0.0,0.0,38.0,Private,Married-civ-spouse,Sales,White,Male,United-States,cem,1
43.0,9.0,0.0,0.0,39.0,State-gov,Widowed,Priv-house-serv,White,Male,Philippines,cfproto,0
43.0,10.0,0.0,0.0,40.0,Private,Married-civ-spouse,Sales,White,Male,Dominican-Republic,cfproto,0
43.0,10.0,0.0,0.0,40.0,Private,Married-civ-spouse,Sales,White,Male,Greece,cfproto,0
43.0,10.0,0.0,0.0,40.0,Private,Married-civ-spouse,Other-service,White,Male,Japan,cfproto,0
43.0,10.0,0.0,0.0,40.0,Private,Married-civ-spouse,Other-service,White,Male,Greece,cfproto,0
43.0,10.0,0.0,0.0,40.0,Private,Married-civ-spouse,Sales,White,Male,Dominican-Republic,cfproto,0
37.0,10.0,0.0,243.0,45.0,?,Married-civ-spouse,Armed-Forces,White,Male,United-States,growing-spheres,0
43.0,9.0,0.0,54.0,38.0,Local-gov,Married-civ-spouse,?,White,Male,United-States,growing-spheres,0
43.0,8.0,11106.0,0.0,41.0,?,Married-civ-spouse,Adm-clerical,White,Male,United-States,growing-spheres,1
38.0,8.0,10302.0,292.0,38.0,?,Married-civ-spouse,Adm-clerical,White,Male,United-States,growing-spheres,1
43.0,10.0,1266.0,1.0,38.0,Local-gov,Widowed,Adm-clerical,White,Male,United-States,growing-spheres,0
42.0,10.0,0.0,0.0,41.0,Private,Divorced,Machine-op-inspct,White,Male,United-States,growing-spheres,0
41.0,10.0,0.0,54.0,41.0,Federal-gov,Married-civ-spouse,Armed-Forces,White,Male,United-States,growing-spheres,0
42.0,10.0,0.0,0.0,39.0,Private,Married-civ-spouse,?,White,Male,United-States,growing-spheres,0
44.0,10.0,0.0,229.0,28.0,Federal-gov,Divorced,Protective-serv,White,Male,United-States,growing-spheres,0
43.0,10.0,0.0,0.0,39.0,Private,Married-civ-spouse,Farming-fishing,White,Male,United-States,growing-spheres,0
46.0,10.0,4243.0,0.0,55.0,Federal-gov,Never-married,Exec-managerial,White,Male,United-States,growing-spheres,1
39.0,8.0,7668.0,0.0,40.0,Private,Divorced,Other-service,White,Male,United-States,growing-spheres,0
47.0,9.0,3842.0,126.0,44.0,Private,Married-civ-spouse,?,White,Male,United-States,growing-spheres,1
41.0,10.0,489.0,0.0,38.0,Federal-gov,Divorced,Adm-clerical,White,Male,United-States,growing-spheres,0
42.0,9.0,0.0,63.0,39.0,Federal-gov,Married-civ-spouse,Priv-house-serv,White,Male,United-States,growing-spheres,0
42.0,10.0,0.0,0.0,39.0,Private,Never-married,Farming-fishing,White,Male,United-States,growing-spheres,0
43.0,9.0,0.0,0.0,39.0,Private,Married-civ-spouse,?,White,Male,United-States,growing-spheres,0
39.0,11.0,0.0,0.0,38.0,?,Divorced,Priv-house-serv,White,Male,United-States,growing-spheres,0
42.0,9.0,0.0,15.0,39.0,Private,Divorced,Handlers-cleaners,White,Male,United-States,growing-spheres,0
43.0,9.0,69.0,32.0,40.0,Never-worked,Divorced,Exec-managerial,White,Male,United-States,growing-spheres,0
28.0,9.0,0.0,0.0,39.0,Private,Married-civ-spouse,Sales,White,Male,United-States,face,0
28.0,9.0,0.0,0.0,39.0,Private,Married-civ-spouse,Sales,White,Male,United-States,face,0
27.0,10.0,0.0,0.0,39.0,Private,Married-civ-spouse,Sales,White,Male,United-States,face,0
26.0,9.0,0.0,0.0,39.0,Private,Married-civ-spouse,Sales,White,Male,United-States,face,0
26.0,9.0,0.0,0.0,39.0,Private,Married-civ-spouse,Sales,White,Male,United-States,face,0
30.0,9.0,0.0,0.0,44.0,Private,Married-civ-spouse,Sales,White,Male,United-States,face,0
38.0,7.0,0.0,0.0,50.0,Private,Married-civ-spouse,Sales,White,Male,United-States,face,0
33.0,9.0,0.0,0.0,39.0,Private,Married-civ-spouse,Sales,White,Male,United-States,face,0
26.0,9.0,2885.0,0.0,39.0,Private,Married-civ-spouse,Sales,White,Male,United-States,face,0
28.0,9.0,0.0,0.0,39.0,Private,Married-civ-spouse,Sales,White,Male,United-States,face,0
