age,education.num,capital.gain,capital.loss,hours.per.week,workclass,marital.status,occupation,race,sex,native.country,explainer,income
46.0,9.0,99167.0,0.0,17.0,Private,Divorced,Machine-op-inspct,White,Male,United-States,dice,1
46.0,9.0,87934.0,0.0,38.0,Private,Divorced,Machine-op-inspct,White,Male,United-States,dice,1
46.0,12.0,22724.0,0.0,38.0,Private,Divorced,Machine-op-inspct,White,Male,United-States,dice,1
46.0,9.0,0.0,1066.0,38.0,Private,Married-AF-spouse,Machine-op-inspct,White,Male,United-States,dice,1
46.0,9.0,23459.0,0.0,38.0,Private,Divorced,Machine-op-inspct,White,Male,United-States,dice,1
46.0,9.0,25455.0,0.0,38.0,Private,Married-spouse-absent,Machine-op-inspct,White,Male,United-States,dice,1
28.0,9.0,99291.0,0.0,38.0,Private,Divorced,Machine-op-inspct,White,Male,United-States,dice,1
58.0,9.0,46631.0,0.0,38.0,Private,Divorced,Machine-op-inspct,White,Male,United-States,dice,1
46.0,9.0,71918.0,0.0,38.0,Self-emp-not-inc,Divorced,Machine-op-inspct,White,Male,United-States,dice,1
32.0,9.0,63755.0,0.0,38.0,Private,Divorced,Machine-op-inspct,White,Male,United-States,dice,1
46.0,9.0,44051.0,0.0,38.0,Private,Divorced,Machine-op-inspct,White,Male,United-States,dice,1
46.0,9.0,23160.0,0.0,88.0,Private,Divorced,Machine-op-inspct,White,Male,United-States,dice,1
46.0,9.0,44576.0,0.0,38.0,Without-pay,Divorced,Machine-op-inspct,White,Male,United-States,dice,1
46.0,9.0,13940.0,2831.0,38.0,Private,Divorced,Machine-op-inspct,White,Male,United-States,dice,1
46.0,9.0,12679.0,0.0,38.0,Private,Widowed,Machine-op-inspct,White,Male,United-States,dice,1
46.0,9.0,88631.0,0.0,38.0,Private,Married-civ-spouse,Machine-op-inspct,White,Male,United-States,dice,1
46.0,11.0,57952.0,0.0,38.0,Private,Divorced,Machine-op-inspct,White,Male,United-States,dice,1
76.0,9.0,72523.0,0.0,38.0,Private,Divorced,Machine-op-inspct,White,Male,United-States,dice,1
46.0,9.0,0.0,4314.0,38.0,Private,Separated,Machine-op-inspct,White,Male,United-States,dice,1
31.0,9.0,67731.0,0.0,38.0,Private,Divorced,Machine-op-inspct,White,Male,United-States,dice,1
45.0,9.0,4643.0,32.0,39.0,Private,Married-civ-spouse,Craft-repair,White,Male,United-States,fimap,1
45.0,9.0,4831.0,32.0,39.0,Private,Married-civ-spouse,Machine-op-inspct,White,Male,United-States,fimap,1
45.0,9.0,5049.0,36.0,39.0,Private,Never-married,Protective-serv,White,Male,United-States,fimap,0
45.0,9.0,6764.0,46.0,40.0,Private,Never-married,Prof-specialty,White,Male,United-States,fimap,1
46.0,9.0,9423.0,0.0,46.0,Private,Divorced,Machine-op-inspct,White,Male,United-States,cadex,1
46.0,9.0,9590.0,0.0,47.0,Private,Divorced,Machine-op-inspct,White,Male,United-States,cadex,1
46.0,9.0,9901.0,0.0,47.0,Private,Divorced,Machine-op-inspct,White,Male,United-States,cadex,1
46.0,9.0,9959.0,0.0,38.0,Private,Divorced,Machine-op-inspct,White,Male,United-States,cadex,1
46.0,10.0,9360.0,0.0,46.0,Private,Divorced,Machine-op-inspct,White,Male,United-States,cadex,1
47.0,10.0,10681.0,75.0,41.0,Private,Married-civ-spouse,Craft-repair,White,Male,United-States,fimap,1
49.0,10.0,10375.0,84.0,41.0,Private,Married-civ-spouse,Tech-support,White,Male,United-States,fimap,1
51.0,10.0,9196.0,399.0,46.0,Private,Divorced,Machine-op-inspct,White,Male,United-States,cadex,1
51.0,10.0,9204.0,0.0,46.0,Private,Divorced,Machine-op-inspct,White,Male,United-States,cadex,1
52.0,10.0,9364.0,0.0,46.0,Private,Divorced,Machine-op-inspct,White,Male,United-States,cadex,1
46.0,8.0,9754.0,0.0,38.0,Private,Divorced,Machine-op-inspct,White,Male,United-States,wachter,0
46.0,8.0,10194.0,0.0,37.0,Private,Divorced,Machine-op-inspct,White,Male,United-States,wachter,0
46.0,9.0,9845.0,0.0,37.0,Private,Divorced,Machine-op-inspct,White,Male,United-States,wachter,0
46.0,8.0,9794.0,1.0,37.0,Private,Divorced,Machine-op-inspct,White,Male,United-States,wachter,0
45.0,9.0,9933.0,0.0,38.0,Private,Divorced,Machine-op-inspct,White,Male,United-States,wachter,1
46.0,8.0,9849.0,0.0,38.0,Private,Divorced,Machine-op-inspct,White,Male,United-States,wachter,0
45.0,9.0,9728.0,0.0,38.0,Private,Divorced,Machine-op-inspct,White,Male,United-States,wachter,0
45.0,9.0,9728.0,0.0,38.0,Private,Divorced,Machine-op-inspct,White,Male,United-States,wachter,0
46.0,8.0,10188.0,0.0,37.0,Private,Divorced,Machine-op-inspct,White,Male,United-States,wachter,0
46.0,9.0,9791.0,0.0,38.0,Private,Divorced,Machine-op-inspct,White,Male,United-States,wachter,1
46.0,9.0,13639.0,0.0,38.0,Private,Divorced,Machine-op-inspct,White,Male,United-States,cem,1
46.0,9.0,35453.0,0.0,41.0,Without-pay,Divorced,Protective-serv,White,Male,Outlying-US(Guam-USVI-etc),cfproto,1
46.0,9.0,14063.0,0.0,38.0,Private,Divorced,Machine-op-inspct,White,Male,United-States,cfproto,1
46.0,9.0,33356.0,0.0,43.0,?,Divorced,Protective-serv,White,Male,Outlying-US(Guam-USVI-etc),cfproto,1
46.0,8.0,39762.0,0.0,33.0,Self-emp-not-inc,Divorced,Machine-op-inspct,White,Male,Greece,cfproto,1
46.0,9.0,15952.0,0.0,34.0,Private,Divorced,Machine-op-inspct,White,Male,Ireland,cfproto,1
46.0,9.0,27723.0,0.0,33.0,Federal-gov,Divorced,Machine-op-inspct,White,Male,Greece,cfproto,1
45.0,11.0,24804.0,0.0,66.0,Private,Divorced,Machine-op-inspct,White,Male,?,cfproto,1
46.0,9.0,14063.0,0.0,38.0,Private,Divorced,Machine-op-inspct,White,Male,United-States,cfproto,1
50.0,10.0,30824.0,1529.0,10.0,Private,Divorced,?,White,Male,United-States,growing-spheres,1
63.0,8.0,26552.0,585.0,44.0,Federal-gov,Married-AF-spouse,Adm-clerical,White,Male,United-States,growing-spheres,1
47.0,10.0,22306.0,176.0,50.0,Self-emp-inc,Divorced,Armed-Forces,White,Male,United-States,growing-spheres,1
31.0,10.0,29254.0,0.0,58.0,Private,Divorced,Craft-repair,White,Male,United-States,growing-spheres,1
52.0,7.0,29802.0,701.0,24.0,Federal-gov,Married-AF-spouse,Exec-managerial,White,Male,United-States,growing-spheres,1
33.0,8.0,31518.0,54.0,50.0,Federal-gov,Married-AF-spouse,Armed-Forces,White,Male,United-States,growing-spheres,1
51.0,7.0,32621.0,0.0,25.0,Self-emp-not-inc,Married-AF-spouse,Craft-repair,White,Male,United-States,growing-spheres,1
52.0,8.0,32615.0,0.0,42.0,?,Divorced,?,White,Male,United-States,growing-spheres,1
51.0,9.0,45421.0,763.0,24.0,Local-gov,Divorced,Craft-repair,White,Male,United-States,growing-spheres,1
59.0,11.0,28794.0,0.0,37.0,Never-worked,Divorced,?,White,Male,United-States,growing-spheres,1
44.0,10.0,46326.0,0.0,36.0,Never-worked,Divorced,Adm-clerical,White,Male,United-States,growing-spheres,1
38.0,13.0,28434.0,495.0,50.0,Self-emp-inc,Divorced,Exec-managerial,White,Male,United-States,growing-spheres,1
44.0,10.0,25699.0,122.0,57.0,Federal-gov,Divorced,Exec-managerial,White,Male,United-States,growing-spheres,1
72.0,6.0,29968.0,1135.0,52.0,Federal-gov,Married-civ-spouse,Adm-clerical,White,Male,United-States,growing-spheres,1
51.0,11.0,12772.0,241.0,34.0,Local-gov,Married-AF-spouse,Craft-repair,White,Male,United-States,growing-spheres,1
52.0,10.0,26409.0,812.0,54.0,?,Married-AF-spouse,Adm-clerical,White,Male,United-States,growing-spheres,1
47.0,12.0,21485.0,285.0,36.0,Never-worked,Married-AF-spouse,Machine-op-inspct,White,Male,United-States,growing-spheres,1
53.0,7.0,27056.0,760.0,43.0,?,Divorced,Adm-clerical,White,Male,United-States,growing-spheres,1
31.0,7.0,45610.0,0.0,27.0,?,Divorced,Exec-managerial,White,Male,United-States,growing-spheres,1
44.0,7.0,31588.0,18.0,25.0,Self-emp-inc,Married-civ-spouse,Armed-Forces,White,Male,United-States,growing-spheres,1
48.0,9.0,0.0,0.0,39.0,Private,Married-civ-spouse,Machine-op-inspct,White,Male,United-States,face,1
46.0,9.0,0.0,0.0,39.0,Private,Married-civ-spouse,Machine-op-inspct,White,Male,United-States,face,1
46.0,9.0,0.0,0.0,39.0,Private,Married-civ-spouse,Machine-op-inspct,White,Male,United-States,face,1
45.0,9.0,0.0,0.0,39.0,Private,Married-civ-spouse,Machine-op-inspct,White,Male,United-States,face,1
46.0,9.0,0.0,0.0,39.0,Private,Married-civ-spouse,Machine-op-inspct,White,Male,United-States,face,1
46.0,9.0,0.0,0.0,39.0,Private,Married-civ-spouse,Machine-op-inspct,White,Male,United-States,face,1
46.0,9.0,0.0,0.0,39.0,Private,Married-civ-spouse,Machine-op-inspct,White,Male,United-States,face,1
46.0,9.0,0.0,0.0,43.0,Private,Married-civ-spouse,Machine-op-inspct,White,Male,United-States,face,1
42.0,9.0,0.0,0.0,39.0,Private,Married-civ-spouse,Machine-op-inspct,White,Male,United-States,face,1
49.0,9.0,0.0,0.0,39.0,Private,Married-civ-spouse,Machine-op-inspct,White,Male,United-States,face,0
