age,education.num,capital.gain,capital.loss,hours.per.week,workclass,marital.status,occupation,race,sex,native.country,explainer,income
46.0,15.0,0,2415.0,80.0,Without-pay,Married-civ-spouse,Other-service,White,Male,United-States,dice,0
46.0,15.0,0,2415.0,80.0,Self-emp-not-inc,Widowed,Priv-house-serv,White,Male,United-States,dice,0
46.0,11.0,0,2415.0,80.0,Without-pay,Married-civ-spouse,Prof-specialty,White,Male,United-States,dice,0
46.0,10.0,0,2415.0,80.0,Self-emp-not-inc,Married-civ-spouse,Priv-house-serv,White,Male,United-States,dice,0
28.0,15.0,0,2415.0,80.0,Never-worked,Married-civ-spouse,Prof-specialty,White,Male,United-States,dice,0
46.0,15.0,0,2415.0,8.0,Self-emp-not-inc,Divorced,Prof-specialty,White,Male,United-States,dice,0
46.0,3.0,0,2415.0,3.0,Self-emp-not-inc,Married-civ-spouse,Prof-specialty,White,Male,United-States,dice,0
46.0,15.0,0,2415.0,80.0,Without-pay,Married-civ-spouse,Handlers-cleaners,White,Male,United-States,dice,0
46.0,15.0,0,1940.0,80.0,Without-pay,Married-civ-spouse,Prof-specialty,White,Male,United-States,dice,0
46.0,15.0,0,297.0,80.0,Never-worked,Married-civ-spouse,Prof-specialty,White,Male,United-States,dice,0
46.0,10.0,0,2415.0,80.0,Never-worked,Married-civ-spouse,Prof-specialty,White,Male,United-States,dice,0
68.0,15.0,0,2415.0,80.0,Without-pay,Married-civ-spouse,Prof-specialty,White,Male,United-States,dice,0
46.0,15.0,0,2415.0,80.0,Without-pay,Married-civ-spouse,Sales,White,Male,United-States,dice,0
46.0,1.0,0,2415.0,80.0,Never-worked,Married-civ-spouse,Prof-specialty,White,Male,United-States,dice,0
46.0,2.0,0,2415.0,80.0,Self-emp-not-inc,Never-married,Prof-specialty,White,Male,United-States,dice,0
46.0,2.0,0,414.0,80.0,Self-emp-not-inc,Married-civ-spouse,Prof-specialty,White,Male,United-States,dice,0
46.0,15.0,0,2415.0,42.0,Without-pay,Married-civ-spouse,Prof-specialty,White,Male,United-States,dice,0
46.0,15.0,0,2415.0,80.0,Without-pay,Widowed,Prof-specialty,White,Male,United-States,dice,0
46.0,15.0,0,2415.0,85.0,Self-emp-not-inc,Married-civ-spouse,Priv-house-serv,White,Male,United-States,dice,0
46.0,15.0,0,2415.0,33.0,Never-worked,Married-civ-spouse,Prof-specialty,White,Male,United-States,dice,0
33.0,12.0,0,2328.0,72.0,Private,Married-civ-spouse,Prof-specialty,White,Male,United-States,fimap,0
34.0,12.0,0,2322.0,73.0,Private,Married-civ-spouse,Transport-moving,White,Male,United-States,fimap,0
35.0,13.0,0,2345.0,74.0,Private,Married-civ-spouse,Tech-support,White,Male,United-States,fimap,1
41.0,13.0,0,2337.0,74.0,Private,Married-civ-spouse,Machine-op-inspct,White,Male,United-States,fimap,1
41.0,13.0,0,2341.0,75.0,Private,Divorced,Adm-clerical,White,Male,United-States,fimap,0
42.0,13.0,0,2351.0,75.0,Private,Married-civ-spouse,Sales,White,Male,United-States,fimap,1
46.0,12.0,0,1607.0,80.0,Self-emp-not-inc,Married-civ-spouse,Prof-specialty,White,Male,United-States,cadex,0
46.0,12.0,0,1631.0,80.0,Self-emp-not-inc,Married-civ-spouse,Prof-specialty,White,Male,United-States,cadex,0
46.0,12.0,0,1651.0,80.0,Self-emp-not-inc,Married-civ-spouse,Prof-specialty,White,Male,United-States,cadex,0
46.0,12.0,0,1766.0,80.0,Self-emp-not-inc,Married-civ-spouse,Prof-specialty,White,Male,United-States,cadex,0
46.0,12.0,0,1804.0,65.0,Self-emp-not-inc,Married-civ-spouse,Prof-specialty,White,Male,United-States,cadex,0
46.0,15.0,0,2415.0,80.0,Self-emp-not-inc,Married-civ-spouse,Prof-specialty,White,Male,United-States,cadex,0
46.0,15.0,0,1567.0,80.0,Self-emp-not-inc,Married-civ-spouse,Prof-specialty,White,Male,United-States,cadex,0
55.0,12.0,0,1805.0,66.0,Self-emp-not-inc,Married-civ-spouse,Prof-specialty,White,Male,United-States,cadex,0
47.0,5.0,0,402.0,79.0,Self-emp-not-inc,Married-civ-spouse,Prof-specialty,White,Male,United-States,wachter,0
46.0,5.0,0,392.0,80.0,Self-emp-not-inc,Married-civ-spouse,Prof-specialty,White,Male,United-States,wachter,0
56.0,6.0,397,25.0,89.0,Self-emp-not-inc,Married-civ-spouse,Prof-specialty,White,Male,United-States,wachter,0
46.0,5.0,0,413.0,79.0,Self-emp-not-inc,Married-civ-spouse,Prof-specialty,White,Male,United-States,wachter,0
45.0,6.0,0,125.0,80.0,Self-emp-not-inc,Married-civ-spouse,Prof-specialty,White,Male,United-States,wachter,0
47.0,5.0,0,409.0,79.0,Self-emp-not-inc,Married-civ-spouse,Prof-specialty,White,Male,United-States,wachter,0
47.0,5.0,0,390.0,80.0,Self-emp-not-inc,Married-civ-spouse,Prof-specialty,White,Male,United-States,wachter,0
46.0,7.0,0,0.0,75.0,Self-emp-not-inc,Married-civ-spouse,Prof-specialty,White,Male,United-States,wachter,1
46.0,5.0,0,388.0,80.0,Self-emp-not-inc,Married-civ-spouse,Prof-specialty,White,Male,United-States,wachter,0
46.0,5.0,0,378.0,80.0,Self-emp-not-inc,Married-civ-spouse,Prof-specialty,White,Male,United-States,wachter,0
46.0,15.0,0,2415.0,80.0,Self-emp-not-inc,Married-civ-spouse,Prof-specialty,White,Male,United-States,cem,1
51.0,14.0,0,2415.0,85.0,Without-pay,Married-civ-spouse,Protective-serv,White,Male,Guatemala,cfproto,0
35.0,8.0,0,2144.0,61.0,Self-emp-inc,Married-spouse-absent,?,White,Female,Laos,cfproto,0
50.0,11.0,0,2470.0,79.0,Self-emp-inc,Separated,?,White,Male,Haiti,cfproto,0
40.0,9.0,0,2299.0,64.0,Self-emp-inc,Married-spouse-absent,?,White,Female,Laos,cfproto,0
45.0,15.0,0,2415.0,81.0,Without-pay,Married-civ-spouse,Prof-specialty,White,Male,Honduras,cfproto,0
41.0,14.0,0,2214.0,72.0,Self-emp-inc,Married-spouse-absent,?,White,Female,Laos,cfproto,0
45.0,15.0,0,2415.0,79.0,Without-pay,Married-civ-spouse,Other-service,White,Male,Scotland,cfproto,0
48.0,10.0,0,2469.0,74.0,Self-emp-inc,Divorced,?,White,Female,China,cfproto,0
45.0,15.0,0,2415.0,80.0,Without-pay,Married-civ-spouse,Adm-clerical,White,Male,Guatemala,cfproto,0
45.0,15.0,0,2415.0,79.0,Without-pay,Married-civ-spouse,Other-service,White,Male,Scotland,cfproto,0
46.0,15.0,0,2425.0,79.0,Federal-gov,Married-civ-spouse,Adm-clerical,White,Male,United-States,growing-spheres,1
46.0,15.0,1914,2477.0,75.0,Federal-gov,Divorced,Prof-specialty,White,Male,United-States,growing-spheres,1
46.0,14.0,461,2413.0,80.0,Self-emp-not-inc,Married-AF-spouse,Armed-Forces,White,Male,United-States,growing-spheres,1
44.0,15.0,4374,2272.0,76.0,Local-gov,Married-civ-spouse,Armed-Forces,White,Male,United-States,growing-spheres,1
48.0,13.0,3416,2233.0,89.0,Never-worked,Divorced,Adm-clerical,White,Male,United-States,growing-spheres,0
46.0,15.0,0,2316.0,80.0,Without-pay,Divorced,Exec-managerial,White,Male,United-States,growing-spheres,0
47.0,14.0,1403,2443.0,79.0,Federal-gov,Separated,Adm-clerical,White,Male,United-States,growing-spheres,1
51.0,13.0,0,2284.0,71.0,Private,Divorced,Handlers-cleaners,White,Male,United-States,growing-spheres,0
45.0,14.0,463,2393.0,81.0,?,Divorced,?,White,Male,United-States,growing-spheres,1
46.0,14.0,0,2427.0,83.0,Never-worked,Married-civ-spouse,Machine-op-inspct,White,Male,United-States,growing-spheres,1
45.0,13.0,0,2204.0,79.0,Self-emp-not-inc,Married-civ-spouse,Exec-managerial,White,Male,United-States,growing-spheres,1
40.0,15.0,0,2356.0,85.0,Private,Divorced,?,White,Male,United-States,growing-spheres,1
43.0,15.0,0,2124.0,80.0,Self-emp-not-inc,Married-AF-spouse,Other-service,White,Male,United-States,growing-spheres,1
46.0,15.0,144,2417.0,79.0,Local-gov,Married-civ-spouse,Handlers-cleaners,White,Male,United-States,growing-spheres,1
47.0,14.0,8499,2502.0,81.0,?,Married-civ-spouse,Adm-clerical,White,Male,United-States,growing-spheres,1
44.0,15.0,1865,2476.0,75.0,?,Never-married,Farming-fishing,White,Male,United-States,growing-spheres,1
46.0,15.0,817,2383.0,80.0,Never-worked,Married-AF-spouse,?,White,Male,United-States,growing-spheres,1
43.0,14.0,0,2284.0,81.0,?,Divorced,?,White,Male,United-States,growing-spheres,1
43.0,15.0,2121,2661.0,77.0,Local-gov,Divorced,Exec-managerial,White,Male,United-States,growing-spheres,1
46.0,14.0,1976,2427.0,79.0,?,Married-AF-spouse,Adm-clerical,White,Male,United-States,growing-spheres,1
44.0,10.0,0,0.0,71.0,Self-emp-not-inc,Married-civ-spouse,Farming-fishing,White,Male,United-States,face,0
34.0,14.0,0,0.0,59.0,Self-emp-not-inc,Married-civ-spouse,Farming-fishing,White,Male,United-States,face,0
40.0,9.0,0,0.0,84.0,Self-emp-not-inc,Married-civ-spouse,Farming-fishing,White,Male,United-States,face,0
36.0,11.0,0,0.0,59.0,Self-emp-not-inc,Married-civ-spouse,Farming-fishing,White,Male,United-States,face,0
42.0,13.0,0,0.0,59.0,Self-emp-not-inc,Married-civ-spouse,Farming-fishing,White,Male,United-States,face,0
34.0,14.0,0,0.0,59.0,Self-emp-not-inc,Married-civ-spouse,Farming-fishing,White,Male,United-States,face,0
28.0,9.0,0,0.0,34.0,Self-emp-not-inc,Married-civ-spouse,Prof-specialty,White,Male,United-States,face,0
50.0,9.0,0,0.0,84.0,Self-emp-not-inc,Married-civ-spouse,Farming-fishing,White,Male,United-States,face,0
28.0,9.0,0,0.0,34.0,Self-emp-not-inc,Married-civ-spouse,Prof-specialty,White,Male,United-States,face,0
40.0,9.0,0,0.0,69.0,Self-emp-not-inc,Married-civ-spouse,Farming-fishing,White,Male,United-States,face,0
