age,education.num,capital.gain,capital.loss,hours.per.week,workclass,marital.status,occupation,race,sex,native.country,explainer,income
39.0,16.0,0.0,0.0,91.0,State-gov,Widowed,Prof-specialty,White,Female,United-States,dice,1
39.0,16.0,0.0,0.0,82.0,State-gov,Divorced,Prof-specialty,White,Female,United-States,dice,1
39.0,16.0,20438.0,0.0,40.0,Never-worked,Divorced,Prof-specialty,White,Female,United-States,dice,1
39.0,16.0,0.0,724.0,94.0,State-gov,Divorced,Prof-specialty,White,Female,United-States,dice,1
39.0,16.0,0.0,0.0,40.0,State-gov,Married-AF-spouse,Handlers-cleaners,White,Female,United-States,dice,1
39.0,16.0,76121.0,0.0,40.0,State-gov,Never-married,Prof-specialty,White,Female,United-States,dice,1
39.0,16.0,0.0,1397.0,40.0,State-gov,Married-AF-spouse,Prof-specialty,White,Female,United-States,dice,1
39.0,16.0,21976.0,0.0,40.0,State-gov,Separated,Prof-specialty,White,Female,United-States,dice,1
51.0,16.0,45481.0,0.0,40.0,State-gov,Divorced,Prof-specialty,White,Female,United-States,dice,1
39.0,16.0,0.0,0.0,40.0,Federal-gov,Divorced,Prof-specialty,White,Female,United-States,dice,1
39.0,16.0,0.0,1749.0,40.0,State-gov,Separated,Prof-specialty,White,Female,United-States,dice,1
39.0,16.0,34855.0,0.0,40.0,Private,Divorced,Prof-specialty,White,Female,United-States,dice,1
39.0,16.0,0.0,2725.0,40.0,State-gov,Divorced,Prof-specialty,White,Female,United-States,dice,1
39.0,16.0,55794.0,0.0,40.0,State-gov,Divorced,Machine-op-inspct,White,Female,United-States,dice,1
39.0,16.0,62757.0,0.0,40.0,State-gov,Divorced,Prof-specialty,White,Female,United-States,dice,1
39.0,7.0,0.0,0.0,40.0,State-gov,Married-AF-spouse,Prof-specialty,White,Female,United-States,dice,1
39.0,16.0,48690.0,0.0,40.0,State-gov,Widowed,Prof-specialty,White,Female,United-States,dice,1
39.0,16.0,99276.0,0.0,40.0,Local-gov,Divorced,Prof-specialty,White,Female,United-States,dice,1
39.0,7.0,63946.0,0.0,40.0,State-gov,Divorced,Prof-specialty,White,Female,United-States,dice,1
51.0,16.0,68179.0,0.0,40.0,State-gov,Divorced,Prof-specialty,White,Female,United-States,dice,1
39.0,16.0,4999.0,0.0,40.0,State-gov,Divorced,Prof-specialty,White,Female,United-States,cadex,1
40.0,16.0,1461.0,10.0,40.0,Private,Never-married,Craft-repair,White,Female,United-States,fimap,1
40.0,16.0,1561.0,10.0,40.0,Private,Never-married,Sales,White,Female,United-States,fimap,1
41.0,16.0,2353.0,16.0,40.0,Private,Never-married,Farming-fishing,White,Female,United-States,fimap,0
41.0,16.0,3338.0,33.0,40.0,Private,Married-civ-spouse,Other-service,White,Female,United-States,fimap,1
41.0,16.0,3316.0,32.0,40.0,Private,Married-civ-spouse,Prof-specialty,White,Female,United-States,fimap,1
42.0,16.0,3318.0,37.0,40.0,Private,Divorced,?,White,Female,United-States,fimap,0
42.0,16.0,4999.0,0.0,40.0,State-gov,Divorced,Prof-specialty,White,Female,United-States,cadex,1
42.0,16.0,4999.0,0.0,44.0,State-gov,Divorced,Prof-specialty,White,Female,United-States,cadex,1
42.0,16.0,4999.0,0.0,44.0,State-gov,Divorced,Prof-specialty,White,Female,United-States,cadex,1
42.0,16.0,4999.0,217.0,44.0,State-gov,Divorced,Prof-specialty,White,Female,United-States,cadex,1
39.0,16.0,4153.0,5.0,40.0,State-gov,Divorced,Prof-specialty,White,Female,United-States,wachter,1
39.0,16.0,4177.0,0.0,39.0,State-gov,Divorced,Prof-specialty,White,Female,United-States,wachter,1
39.0,16.0,4163.0,0.0,40.0,State-gov,Divorced,Prof-specialty,White,Female,United-States,wachter,1
39.0,16.0,4006.0,3.0,40.0,State-gov,Divorced,Prof-specialty,White,Female,United-States,wachter,1
39.0,16.0,4024.0,3.0,40.0,State-gov,Divorced,Prof-specialty,White,Female,United-States,wachter,1
39.0,16.0,4055.0,0.0,39.0,State-gov,Divorced,Prof-specialty,White,Female,United-States,wachter,0
38.0,16.0,4389.0,0.0,39.0,State-gov,Divorced,Prof-specialty,White,Female,United-States,wachter,1
38.0,16.0,4257.0,0.0,40.0,State-gov,Divorced,Prof-specialty,White,Female,United-States,wachter,1
38.0,16.0,4231.0,0.0,40.0,State-gov,Divorced,Prof-specialty,White,Female,United-States,wachter,1
38.0,16.0,4116.0,0.0,40.0,State-gov,Divorced,Prof-specialty,White,Female,United-States,wachter,0
39.0,16.0,5548.0,0.0,40.0,State-gov,Divorced,Prof-specialty,White,Female,United-States,cem,1
39.0,16.0,22229.0,0.0,40.0,State-gov,Divorced,Prof-specialty,White,Female,Vietnam,cfproto,1
39.0,16.0,39804.0,0.0,40.0,Local-gov,Divorced,Machine-op-inspct,White,Female,Outlying-US(Guam-USVI-etc),cfproto,1
39.0,16.0,28651.0,0.0,40.0,State-gov,Divorced,Handlers-cleaners,White,Female,Trinadad&Tobago,cfproto,1
39.0,16.0,40298.0,0.0,40.0,State-gov,Divorced,Transport-moving,White,Female,Outlying-US(Guam-USVI-etc),cfproto,1
39.0,16.0,0.0,0.0,40.0,State-gov,Divorced,Prof-specialty,White,Female,Italy,cfproto,1
39.0,16.0,8628.0,0.0,40.0,Private,Divorced,Protective-serv,White,Female,?,cfproto,1
39.0,16.0,532.0,0.0,40.0,State-gov,Divorced,Prof-specialty,White,Female,France,cfproto,1
39.0,16.0,35729.0,0.0,40.0,Without-pay,Divorced,Protective-serv,White,Female,Outlying-US(Guam-USVI-etc),cfproto,1
39.0,16.0,14753.0,0.0,40.0,State-gov,Divorced,Prof-specialty,White,Female,China,cfproto,1
39.0,16.0,532.0,0.0,40.0,State-gov,Divorced,Prof-specialty,White,Female,France,cfproto,1
52.0,16.0,4157.0,683.0,63.0,Self-emp-inc,Divorced,Farming-fishing,White,Female,United-States,growing-spheres,1
45.0,16.0,23993.0,191.0,29.0,?,Married-AF-spouse,Armed-Forces,White,Female,United-States,growing-spheres,1
44.0,15.0,2877.0,0.0,43.0,Local-gov,Divorced,Exec-managerial,White,Female,United-States,growing-spheres,1
35.0,16.0,5147.0,111.0,44.0,State-gov,Married-AF-spouse,Craft-repair,White,Female,United-States,growing-spheres,1
46.0,16.0,16377.0,394.0,35.0,Federal-gov,Separated,Armed-Forces,White,Female,United-States,growing-spheres,1
40.0,16.0,13178.0,351.0,41.0,?,Divorced,Craft-repair,White,Female,United-States,growing-spheres,1
35.0,16.0,27152.0,0.0,48.0,Federal-gov,Married-AF-spouse,?,White,Female,United-States,growing-spheres,1
36.0,14.0,16311.0,404.0,35.0,Federal-gov,Married-AF-spouse,Adm-clerical,White,Female,United-States,growing-spheres,1
35.0,15.0,7102.0,82.0,47.0,Local-gov,Married-AF-spouse,Adm-clerical,White,Female,United-States,growing-spheres,1
35.0,16.0,28787.0,0.0,42.0,?,Married-civ-spouse,Craft-repair,White,Female,United-States,growing-spheres,1
48.0,16.0,16374.0,929.0,45.0,State-gov,Divorced,Craft-repair,White,Female,United-States,growing-spheres,1
30.0,13.0,18614.0,435.0,33.0,Self-emp-not-inc,Divorced,?,White,Female,United-States,growing-spheres,1
49.0,16.0,17620.0,19.0,42.0,Never-worked,Divorced,Machine-op-inspct,White,Female,United-States,growing-spheres,1
44.0,14.0,24347.0,102.0,41.0,?,Married-AF-spouse,Farming-fishing,White,Female,United-States,growing-spheres,1
29.0,15.0,32925.0,215.0,30.0,?,Married-AF-spouse,Adm-clerical,White,Female,United-States,growing-spheres,1
41.0,15.0,27455.0,0.0,23.0,Local-gov,Divorced,Adm-clerical,White,Female,United-States,growing-spheres,1
40.0,15.0,11666.0,0.0,48.0,Local-gov,Divorced,Adm-clerical,White,Female,United-States,growing-spheres,1
40.0,14.0,4498.0,460.0,37.0,Private,Married-AF-spouse,Adm-clerical,White,Female,United-States,growing-spheres,1
42.0,16.0,14177.0,0.0,42.0,?,Divorced,Machine-op-inspct,White,Female,United-States,growing-spheres,1
36.0,15.0,17447.0,511.0,42.0,Private,Married-AF-spouse,Adm-clerical,White,Female,United-States,growing-spheres,1
39.0,16.0,0.0,0.0,39.0,State-gov,Divorced,Prof-specialty,White,Female,United-States,actionable-recourse,0
36.0,15.0,15024.0,0.0,50.0,State-gov,Married-civ-spouse,Prof-specialty,White,Female,United-States,face,1
40.0,14.0,15024.0,0.0,37.0,State-gov,Married-civ-spouse,Prof-specialty,White,Female,United-States,face,1
46.0,14.0,6497.0,0.0,50.0,Private,Divorced,Prof-specialty,White,Female,United-States,face,1
41.0,13.0,0.0,0.0,39.0,State-gov,Married-civ-spouse,Prof-specialty,White,Female,United-States,face,1
39.0,16.0,0.0,0.0,79.0,Private,Divorced,Prof-specialty,White,Female,United-States,face,1
29.0,14.0,0.0,0.0,44.0,State-gov,Married-civ-spouse,Prof-specialty,White,Female,United-States,face,1
42.0,16.0,8614.0,0.0,59.0,State-gov,Divorced,Prof-specialty,White,Female,United-States,face,1
33.0,16.0,0.0,0.0,48.0,State-gov,Married-civ-spouse,Prof-specialty,White,Female,United-States,face,1
39.0,16.0,0.0,0.0,79.0,Private,Divorced,Prof-specialty,White,Female,United-States,face,1
50.0,16.0,0.0,0.0,50.0,Private,Divorced,Prof-specialty,White,Female,United-States,face,1
