age,education.num,capital.gain,capital.loss,hours.per.week,workclass,marital.status,occupation,race,sex,native.country,explainer,income
43.0,4.0,7298,0,14.0,Private,Married-civ-spouse,Exec-managerial,White,Male,United-States,dice,0
90.0,2.0,7298,0,40.0,Private,Married-civ-spouse,Exec-managerial,White,Male,United-States,dice,0
23.0,3.0,7298,0,40.0,Private,Married-civ-spouse,Exec-managerial,White,Male,United-States,dice,0
43.0,13.0,7298,0,40.0,Without-pay,Married-civ-spouse,Exec-managerial,White,Male,United-States,dice,0
43.0,7.0,7298,0,40.0,Without-pay,Married-civ-spouse,Exec-managerial,White,Male,United-States,dice,0
43.0,3.0,7298,0,40.0,Private,Widowed,Exec-managerial,White,Male,United-States,dice,0
43.0,13.0,7298,0,40.0,Private,Widowed,Armed-Forces,White,Male,United-States,dice,0
43.0,13.0,7298,0,40.0,Never-worked,Divorced,Exec-managerial,White,Male,United-States,dice,0
43.0,13.0,7298,0,40.0,Private,Widowed,?,White,Male,United-States,dice,0
86.0,13.0,7298,0,40.0,Without-pay,Married-civ-spouse,Exec-managerial,White,Male,United-States,dice,0
43.0,13.0,7298,0,40.0,Never-worked,Never-married,Exec-managerial,White,Male,United-States,dice,0
43.0,13.0,7298,0,22.0,Without-pay,Married-civ-spouse,Exec-managerial,White,Male,United-States,dice,0
43.0,13.0,7298,0,40.0,Without-pay,Married-AF-spouse,Exec-managerial,White,Male,United-States,dice,0
34.0,13.0,7298,0,40.0,Never-worked,Married-civ-spouse,Exec-managerial,White,Male,United-States,dice,0
43.0,13.0,7298,0,40.0,Never-worked,Married-civ-spouse,Sales,White,Male,United-States,dice,0
43.0,4.0,7298,0,40.0,Private,Divorced,Exec-managerial,White,Male,United-States,dice,0
43.0,2.0,7298,0,40.0,Private,Never-married,Exec-managerial,White,Male,United-States,dice,0
43.0,5.0,7298,0,40.0,Private,Married-civ-spouse,Farming-fishing,White,Male,United-States,dice,0
43.0,13.0,7298,0,24.0,Private,Married-civ-spouse,Priv-house-serv,White,Male,United-States,dice,0
43.0,13.0,7298,0,66.0,Private,Married-civ-spouse,Priv-house-serv,White,Male,United-States,dice,0
31.0,10.0,0,0,33.0,Private,Married-civ-spouse,Craft-repair,White,Male,United-States,fimap,0
31.0,10.0,0,0,33.0,Private,Married-civ-spouse,Prof-specialty,White,Male,United-States,fimap,0
34.0,10.0,0,0,27.0,Private,Married-civ-spouse,Exec-managerial,White,Male,United-States,cadex,0
35.0,11.0,0,0,35.0,Private,Never-married,Prof-specialty,White,Male,United-States,fimap,0
39.0,11.0,0,0,35.0,Private,Never-married,Tech-support,White,Male,United-States,fimap,0
39.0,11.0,0,0,35.0,Private,Married-civ-spouse,Sales,White,Male,United-States,fimap,1
39.0,11.0,0,0,36.0,Private,Married-civ-spouse,Machine-op-inspct,White,Male,United-States,fimap,0
43.0,10.0,0,0,40.0,Private,Married-civ-spouse,Exec-managerial,White,Male,United-States,cadex,0
43.0,10.0,0,0,40.0,Private,Married-civ-spouse,Exec-managerial,White,Male,United-States,cadex,0
43.0,10.0,0,0,40.0,Private,Married-civ-spouse,Exec-managerial,White,Male,United-States,cadex,0
43.0,10.0,0,0,27.0,Private,Married-civ-spouse,Exec-managerial,White,Male,United-States,cadex,0
43.0,13.0,0,0,40.0,Private,Married-civ-spouse,Exec-managerial,White,Male,United-States,cadex,0
43.0,13.0,0,0,40.0,Private,Married-civ-spouse,Exec-managerial,White,Male,United-States,cadex,0
43.0,13.0,0,0,40.0,Private,Married-civ-spouse,Exec-managerial,White,Male,United-States,cadex,0
22.0,12.0,0,0,38.0,Private,Married-civ-spouse,Exec-managerial,White,Male,United-States,wachter,0
21.0,12.0,0,0,40.0,Private,Married-civ-spouse,Exec-managerial,White,Male,United-States,wachter,0
43.0,12.0,0,0,39.0,Private,Married-civ-spouse,Exec-managerial,White,Male,United-States,wachter,1
21.0,12.0,0,0,39.0,Private,Married-civ-spouse,Exec-managerial,White,Male,United-States,wachter,0
22.0,12.0,0,0,39.0,Private,Married-civ-spouse,Exec-managerial,White,Male,United-States,wachter,0
21.0,12.0,0,0,39.0,Private,Married-civ-spouse,Exec-managerial,White,Male,United-States,wachter,0
21.0,12.0,0,0,39.0,Private,Married-civ-spouse,Exec-managerial,White,Male,United-States,wachter,0
22.0,12.0,0,0,38.0,Private,Married-civ-spouse,Exec-managerial,White,Male,United-States,wachter,0
21.0,12.0,0,0,40.0,Private,Married-civ-spouse,Exec-managerial,White,Male,United-States,wachter,0
21.0,12.0,0,0,39.0,Private,Married-civ-spouse,Exec-managerial,White,Male,United-States,wachter,0
43.0,13.0,7298,0,40.0,Private,Married-civ-spouse,Exec-managerial,White,Male,United-States,cem,1
43.0,13.0,762,0,40.0,Private,Married-civ-spouse,Machine-op-inspct,White,Male,Trinadad&Tobago,cfproto,0
43.0,13.0,762,0,40.0,Private,Married-civ-spouse,Machine-op-inspct,White,Male,Trinadad&Tobago,cfproto,0
41.0,11.0,2776,0,44.0,Private,Married-civ-spouse,Exec-managerial,White,Male,United-States,growing-spheres,1
37.0,13.0,8731,522,36.0,Private,Divorced,Armed-Forces,White,Male,United-States,growing-spheres,0
41.0,12.0,5780,0,35.0,Private,Married-civ-spouse,?,White,Male,United-States,growing-spheres,1
43.0,13.0,9417,48,41.0,Local-gov,Married-civ-spouse,?,White,Male,United-States,growing-spheres,1
41.0,13.0,12958,27,43.0,Never-worked,Married-civ-spouse,Craft-repair,White,Male,United-States,growing-spheres,1
39.0,11.0,17840,0,38.0,Private,Married-spouse-absent,?,White,Male,United-States,growing-spheres,1
45.0,11.0,7331,0,54.0,Private,Married-civ-spouse,?,White,Male,United-States,growing-spheres,1
41.0,13.0,10730,14,39.0,Local-gov,Married-civ-spouse,Exec-managerial,White,Male,United-States,growing-spheres,1
41.0,12.0,7863,0,40.0,Federal-gov,Married-civ-spouse,Adm-clerical,White,Male,United-States,growing-spheres,1
42.0,13.0,5263,0,41.0,Local-gov,Married-AF-spouse,Exec-managerial,White,Male,United-States,growing-spheres,1
43.0,13.0,7227,0,41.0,Private,Married-civ-spouse,?,White,Male,United-States,growing-spheres,1
45.0,12.0,5161,0,36.0,?,Married-civ-spouse,Handlers-cleaners,White,Male,United-States,growing-spheres,1
42.0,13.0,0,0,43.0,?,Married-civ-spouse,Craft-repair,White,Male,United-States,growing-spheres,1
43.0,12.0,7174,0,40.0,Never-worked,Married-AF-spouse,Adm-clerical,White,Male,United-States,growing-spheres,0
42.0,13.0,8178,65,44.0,Federal-gov,Married-civ-spouse,?,White,Male,United-States,growing-spheres,1
40.0,12.0,5226,667,44.0,Private,Married-civ-spouse,?,White,Male,United-States,growing-spheres,1
45.0,12.0,7234,0,38.0,Private,Married-civ-spouse,Adm-clerical,White,Male,United-States,growing-spheres,1
39.0,12.0,6370,0,45.0,Local-gov,Married-civ-spouse,Adm-clerical,White,Male,United-States,growing-spheres,1
42.0,12.0,2384,42,42.0,Federal-gov,Married-AF-spouse,Exec-managerial,White,Male,United-States,growing-spheres,1
41.0,12.0,6295,14,41.0,?,Divorced,Armed-Forces,White,Male,United-States,growing-spheres,0
22.0,10.0,0,0,44.0,Private,Married-civ-spouse,Exec-managerial,White,Male,United-States,face,0
26.0,9.0,0,0,39.0,Private,Married-civ-spouse,Exec-managerial,White,Male,United-States,face,0
26.0,10.0,0,0,42.0,Private,Married-civ-spouse,Exec-managerial,White,Male,United-States,face,0
28.0,9.0,0,0,50.0,Private,Married-civ-spouse,Exec-managerial,White,Male,United-States,face,0
30.0,9.0,0,0,50.0,Private,Married-civ-spouse,Exec-managerial,White,Male,United-States,face,0
31.0,9.0,0,0,39.0,Private,Married-civ-spouse,Exec-managerial,White,Male,United-States,face,0
26.0,10.0,0,0,42.0,Private,Married-civ-spouse,Exec-managerial,White,Male,United-States,face,0
29.0,10.0,0,0,39.0,Private,Married-civ-spouse,Exec-managerial,White,Male,United-States,face,0
28.0,10.0,0,0,39.0,Private,Married-civ-spouse,Exec-managerial,White,Male,United-States,face,0
30.0,9.0,0,0,39.0,Private,Married-civ-spouse,Exec-managerial,White,Male,United-States,face,0
