age,education.num,capital.gain,capital.loss,hours.per.week,workclass,marital.status,occupation,race,sex,native.country,explainer,income
49.0,14.0,7298,0,40.0,Never-worked,Married-civ-spouse,Prof-specialty,White,Male,United-States,dice,0
49.0,2.0,7298,0,40.0,Local-gov,Married-civ-spouse,Transport-moving,White,Male,United-States,dice,0
49.0,5.0,7298,0,12.0,Local-gov,Married-civ-spouse,Prof-specialty,White,Male,United-States,dice,0
71.0,14.0,7298,0,40.0,Without-pay,Married-civ-spouse,Prof-specialty,White,Male,United-States,dice,0
49.0,14.0,7298,0,40.0,Without-pay,Married-AF-spouse,Prof-specialty,White,Male,United-States,dice,0
49.0,14.0,7298,0,40.0,Local-gov,Married-civ-spouse,Priv-house-serv,White,Male,United-States,dice,0
90.0,3.0,7298,0,40.0,Local-gov,Married-civ-spouse,Prof-specialty,White,Male,United-States,dice,0
27.0,14.0,7298,0,40.0,Local-gov,Married-spouse-absent,Prof-specialty,White,Male,United-States,dice,0
49.0,14.0,7298,0,40.0,Local-gov,Widowed,Priv-house-serv,White,Male,United-States,dice,0
49.0,14.0,7298,0,40.0,Local-gov,Married-AF-spouse,Priv-house-serv,White,Male,United-States,dice,0
49.0,3.0,7298,0,40.0,Never-worked,Married-civ-spouse,Prof-specialty,White,Male,United-States,dice,0
49.0,14.0,7298,0,40.0,Local-gov,Married-civ-spouse,Priv-house-serv,White,Male,United-States,dice,0
49.0,1.0,7298,0,40.0,Local-gov,Widowed,Prof-specialty,White,Male,United-States,dice,0
49.0,14.0,7298,0,40.0,Local-gov,Separated,Armed-Forces,White,Male,United-States,dice,0
22.0,14.0,7298,0,40.0,Local-gov,Married-civ-spouse,Priv-house-serv,White,Male,United-States,dice,0
49.0,14.0,7298,0,40.0,Without-pay,Married-civ-spouse,Handlers-cleaners,White,Male,United-States,dice,0
49.0,14.0,7298,0,72.0,Without-pay,Married-civ-spouse,Prof-specialty,White,Male,United-States,dice,0
49.0,14.0,7298,0,40.0,State-gov,Married-civ-spouse,Priv-house-serv,White,Male,United-States,dice,0
77.0,14.0,7298,0,40.0,Local-gov,Married-civ-spouse,Priv-house-serv,White,Male,United-States,dice,0
81.0,14.0,7298,0,40.0,Without-pay,Married-civ-spouse,Prof-specialty,White,Male,United-States,dice,0
37.0,11.0,0,0,33.0,Private,Never-married,Farming-fishing,White,Male,United-States,fimap,0
37.0,11.0,0,0,33.0,Private,Divorced,Prof-specialty,White,Male,United-States,fimap,0
38.0,11.0,0,0,26.0,Local-gov,Married-civ-spouse,Prof-specialty,White,Male,United-States,cadex,0
40.0,12.0,0,0,35.0,Private,Married-civ-spouse,Transport-moving,White,Male,United-States,fimap,0
45.0,12.0,0,0,35.0,Private,Never-married,Sales,White,Male,United-States,fimap,0
45.0,12.0,0,0,35.0,Private,Never-married,Prof-specialty,White,Male,United-States,fimap,0
45.0,12.0,0,0,35.0,Private,Married-civ-spouse,Farming-fishing,White,Male,United-States,fimap,0
49.0,11.0,0,0,40.0,Local-gov,Married-civ-spouse,Prof-specialty,White,Male,United-States,cadex,0
49.0,11.0,0,0,40.0,Local-gov,Married-civ-spouse,Prof-specialty,White,Male,United-States,cadex,0
49.0,11.0,0,0,40.0,Local-gov,Married-civ-spouse,Prof-specialty,White,Male,United-States,cadex,0
49.0,11.0,0,0,40.0,Local-gov,Married-civ-spouse,Prof-specialty,White,Male,United-States,cadex,0
49.0,11.0,0,0,26.0,Local-gov,Married-civ-spouse,Prof-specialty,White,Male,United-States,cadex,0
49.0,14.0,0,0,40.0,Local-gov,Married-civ-spouse,Prof-specialty,White,Male,United-States,cadex,0
49.0,14.0,0,0,40.0,Local-gov,Married-civ-spouse,Prof-specialty,White,Male,United-States,cadex,0
49.0,13.0,0,0,38.0,Local-gov,Married-civ-spouse,Prof-specialty,White,Male,United-States,wachter,1
49.0,13.0,0,0,39.0,Local-gov,Married-civ-spouse,Prof-specialty,White,Male,United-States,wachter,1
49.0,13.0,0,0,38.0,Local-gov,Married-civ-spouse,Prof-specialty,White,Male,United-States,wachter,1
44.0,11.0,0,0,33.0,Local-gov,Married-civ-spouse,Prof-specialty,White,Male,United-States,wachter,1
48.0,13.0,0,0,39.0,Local-gov,Married-civ-spouse,Prof-specialty,White,Male,United-States,wachter,1
49.0,14.0,0,0,38.0,Local-gov,Married-civ-spouse,Prof-specialty,White,Male,United-States,wachter,1
49.0,13.0,0,0,39.0,Local-gov,Married-civ-spouse,Prof-specialty,White,Male,United-States,wachter,1
45.0,12.0,0,0,35.0,Local-gov,Married-civ-spouse,Prof-specialty,White,Male,United-States,wachter,1
49.0,13.0,0,0,39.0,Local-gov,Married-civ-spouse,Prof-specialty,White,Male,United-States,wachter,1
49.0,13.0,0,0,39.0,Local-gov,Married-civ-spouse,Prof-specialty,White,Male,United-States,wachter,1
49.0,14.0,7298,0,21.0,Local-gov,Married-civ-spouse,Prof-specialty,White,Male,United-States,cem,1
49.0,14.0,7298,0,40.0,Without-pay,Married-civ-spouse,Sales,White,Male,Philippines,cfproto,0
49.0,14.0,0,0,40.0,Local-gov,Married-civ-spouse,Machine-op-inspct,White,Male,Iran,cfproto,0
48.0,13.0,0,0,39.0,Self-emp-inc,Married-civ-spouse,Priv-house-serv,Black,Male,Laos,cfproto,0
49.0,14.0,0,0,40.0,Local-gov,Married-civ-spouse,Machine-op-inspct,White,Male,Iran,cfproto,0
48.0,14.0,3586,335,37.0,Local-gov,Divorced,Protective-serv,White,Male,United-States,growing-spheres,1
49.0,13.0,7790,0,40.0,Local-gov,Married-civ-spouse,Exec-managerial,White,Male,United-States,growing-spheres,1
50.0,14.0,0,41,55.0,Federal-gov,Married-AF-spouse,Exec-managerial,White,Male,United-States,growing-spheres,1
48.0,13.0,2573,0,42.0,Local-gov,Married-AF-spouse,Armed-Forces,White,Male,United-States,growing-spheres,0
48.0,14.0,7200,3,40.0,Local-gov,Divorced,Craft-repair,White,Male,United-States,growing-spheres,1
48.0,13.0,7480,0,39.0,Without-pay,Divorced,Adm-clerical,White,Male,United-States,growing-spheres,0
52.0,15.0,12546,0,33.0,Federal-gov,Married-civ-spouse,Handlers-cleaners,White,Male,United-States,growing-spheres,1
48.0,13.0,6898,0,40.0,Local-gov,Married-AF-spouse,Handlers-cleaners,White,Male,United-States,growing-spheres,1
49.0,12.0,17989,458,34.0,Federal-gov,Divorced,Adm-clerical,White,Male,United-States,growing-spheres,1
53.0,14.0,6123,341,34.0,?,Married-spouse-absent,Craft-repair,White,Male,United-States,growing-spheres,1
46.0,13.0,475,0,42.0,Local-gov,Married-civ-spouse,?,White,Male,United-States,growing-spheres,1
52.0,15.0,7377,209,23.0,Local-gov,Married-civ-spouse,Craft-repair,White,Male,United-States,growing-spheres,1
48.0,15.0,12512,0,43.0,Local-gov,Widowed,Handlers-cleaners,White,Male,United-States,growing-spheres,1
48.0,14.0,868,0,38.0,Federal-gov,Divorced,?,White,Male,United-States,growing-spheres,1
46.0,13.0,10739,0,41.0,Local-gov,Married-civ-spouse,Adm-clerical,White,Male,United-States,growing-spheres,1
49.0,13.0,6479,11,40.0,Federal-gov,Divorced,?,White,Male,United-States,growing-spheres,1
49.0,13.0,7395,76,43.0,Federal-gov,Married-civ-spouse,Armed-Forces,White,Male,United-States,growing-spheres,1
49.0,14.0,7675,7,40.0,Local-gov,Divorced,Adm-clerical,White,Male,United-States,growing-spheres,1
46.0,14.0,11253,0,43.0,Federal-gov,Divorced,Other-service,White,Male,United-States,growing-spheres,1
51.0,15.0,12737,0,38.0,?,Married-spouse-absent,?,White,Male,United-States,growing-spheres,1
46.0,13.0,0,0,50.0,Local-gov,Divorced,Prof-specialty,White,Male,United-States,face,0
33.0,12.0,0,0,39.0,Local-gov,Married-civ-spouse,Handlers-cleaners,White,Male,United-States,face,0
38.0,12.0,0,0,39.0,Local-gov,Never-married,Prof-specialty,White,Male,United-States,face,0
36.0,13.0,0,0,39.0,Local-gov,Divorced,Prof-specialty,White,Male,United-States,face,0
73.0,3.0,0,0,6.0,Local-gov,Married-civ-spouse,Prof-specialty,White,Male,United-States,face,0
52.0,14.0,0,0,31.0,Local-gov,Never-married,Prof-specialty,White,Male,United-States,face,0
44.0,13.0,0,0,44.0,Local-gov,Divorced,Prof-specialty,White,Male,United-States,face,0
50.0,10.0,0,0,39.0,Local-gov,Widowed,Prof-specialty,White,Male,United-States,face,0
29.0,10.0,0,0,39.0,Local-gov,Married-civ-spouse,Prof-specialty,White,Male,United-States,face,0
32.0,13.0,0,0,39.0,Local-gov,Divorced,Prof-specialty,White,Male,United-States,face,0
