age,education.num,capital.gain,capital.loss,hours.per.week,workclass,marital.status,occupation,race,sex,native.country,explainer,income
35.0,10.0,19742.0,0.0,20.0,Local-gov,Separated,Adm-clerical,Amer-Indian-Eskimo,Female,United-States,dice,1
35.0,10.0,53849.0,0.0,40.0,Local-gov,Separated,Adm-clerical,Amer-Indian-Eskimo,Female,United-States,dice,1
35.0,7.0,24356.0,0.0,40.0,Local-gov,Separated,Adm-clerical,Amer-Indian-Eskimo,Female,United-States,dice,1
35.0,10.0,83360.0,2096.0,40.0,Local-gov,Separated,Adm-clerical,Amer-Indian-Eskimo,Female,United-States,dice,1
35.0,10.0,63640.0,0.0,40.0,Local-gov,Separated,Adm-clerical,Amer-Indian-Eskimo,Female,United-States,dice,1
35.0,10.0,34363.0,0.0,40.0,Local-gov,Married-AF-spouse,Adm-clerical,Amer-Indian-Eskimo,Female,United-States,dice,1
35.0,7.0,50298.0,0.0,40.0,Local-gov,Separated,Adm-clerical,Amer-Indian-Eskimo,Female,United-States,dice,1
35.0,10.0,29835.0,0.0,40.0,Local-gov,Separated,Armed-Forces,Amer-Indian-Eskimo,Female,United-States,dice,1
35.0,10.0,0.0,0.0,83.0,Local-gov,Married-civ-spouse,Adm-clerical,Amer-Indian-Eskimo,Female,United-States,dice,1
24.0,10.0,28258.0,0.0,40.0,Local-gov,Separated,Adm-clerical,Amer-Indian-Eskimo,Female,United-States,dice,1
35.0,10.0,52715.0,0.0,40.0,Local-gov,Separated,Adm-clerical,Amer-Indian-Eskimo,Female,United-States,dice,1
35.0,10.0,22863.0,0.0,40.0,Local-gov,Separated,Adm-clerical,Amer-Indian-Eskimo,Female,United-States,dice,1
35.0,10.0,83357.0,0.0,40.0,Local-gov,Separated,Tech-support,Amer-Indian-Eskimo,Female,United-States,dice,1
35.0,10.0,16669.0,0.0,40.0,Local-gov,Divorced,Adm-clerical,Amer-Indian-Eskimo,Female,United-States,dice,1
35.0,10.0,7900.0,0.0,40.0,Local-gov,Married-AF-spouse,Adm-clerical,Amer-Indian-Eskimo,Female,United-States,dice,1
35.0,10.0,25234.0,0.0,40.0,Local-gov,Separated,Adm-clerical,Amer-Indian-Eskimo,Female,United-States,dice,1
35.0,10.0,58180.0,0.0,40.0,Never-worked,Separated,Adm-clerical,Amer-Indian-Eskimo,Female,United-States,dice,1
35.0,10.0,42249.0,0.0,28.0,Local-gov,Separated,Adm-clerical,Amer-Indian-Eskimo,Female,United-States,dice,1
35.0,10.0,0.0,2315.0,40.0,Local-gov,Married-civ-spouse,Adm-clerical,Amer-Indian-Eskimo,Female,United-States,dice,1
35.0,10.0,65003.0,0.0,40.0,Local-gov,Separated,Adm-clerical,Amer-Indian-Eskimo,Female,United-States,dice,1
35.0,10.0,14450.0,0.0,53.0,Local-gov,Separated,Adm-clerical,Amer-Indian-Eskimo,Female,United-States,cadex,1
35.0,10.0,14965.0,0.0,54.0,Local-gov,Separated,Adm-clerical,Amer-Indian-Eskimo,Female,United-States,cadex,1
35.0,10.0,17256.0,0.0,56.0,Local-gov,Separated,Adm-clerical,Amer-Indian-Eskimo,Female,United-States,cadex,1
35.0,10.0,19861.0,0.0,40.0,Local-gov,Separated,Adm-clerical,Amer-Indian-Eskimo,Female,United-States,cadex,1
35.0,12.0,13593.0,594.0,52.0,Local-gov,Separated,Adm-clerical,Amer-Indian-Eskimo,Female,United-States,cadex,1
35.0,12.0,13874.0,603.0,53.0,Local-gov,Separated,Adm-clerical,Amer-Indian-Eskimo,Female,United-States,cadex,1
35.0,12.0,13920.0,0.0,53.0,Local-gov,Separated,Adm-clerical,Amer-Indian-Eskimo,Female,United-States,cadex,1
37.0,10.0,6380.0,43.0,42.0,Private,Married-civ-spouse,Farming-fishing,Amer-Indian-Eskimo,Female,United-States,fimap,0
37.0,11.0,7140.0,48.0,42.0,Private,Married-civ-spouse,Machine-op-inspct,Amer-Indian-Eskimo,Female,United-States,fimap,1
37.0,10.0,6404.0,45.0,42.0,Private,Married-civ-spouse,Machine-op-inspct,Amer-Indian-Eskimo,Female,United-States,fimap,1
38.0,11.0,8350.0,56.0,43.0,Private,Married-civ-spouse,Other-service,Amer-Indian-Eskimo,Female,United-States,fimap,1
39.0,11.0,12540.0,97.0,44.0,Private,Married-civ-spouse,Tech-support,Amer-Indian-Eskimo,Female,United-States,fimap,1
40.0,11.0,11102.0,92.0,44.0,Private,Married-civ-spouse,Tech-support,Amer-Indian-Eskimo,Female,United-States,fimap,1
44.0,12.0,13526.0,591.0,52.0,Local-gov,Separated,Adm-clerical,Amer-Indian-Eskimo,Female,United-States,cadex,1
35.0,10.0,17474.0,0.0,40.0,Local-gov,Separated,Adm-clerical,Amer-Indian-Eskimo,Female,United-States,cem,1
35.0,10.0,16601.0,0.0,40.0,Self-emp-inc,Separated,Adm-clerical,Amer-Indian-Eskimo,Female,France,cfproto,1
35.0,10.0,25459.0,0.0,40.0,Self-emp-inc,Separated,Adm-clerical,Amer-Indian-Eskimo,Female,India,cfproto,1
35.0,9.0,36301.0,0.0,38.0,Self-emp-inc,Separated,Adm-clerical,Amer-Indian-Eskimo,Female,India,cfproto,1
35.0,10.0,25239.0,0.0,40.0,Self-emp-inc,Separated,Adm-clerical,Amer-Indian-Eskimo,Female,India,cfproto,1
35.0,9.0,49071.0,0.0,38.0,Self-emp-inc,Separated,Adm-clerical,Amer-Indian-Eskimo,Female,India,cfproto,1
35.0,10.0,48010.0,54.0,45.0,Without-pay,Never-married,Protective-serv,Black,Female,Outlying-US(Guam-USVI-etc),cfproto,1
35.0,10.0,26641.0,0.0,40.0,Self-emp-inc,Separated,Adm-clerical,Amer-Indian-Eskimo,Female,Ireland,cfproto,1
35.0,10.0,16601.0,0.0,40.0,Self-emp-inc,Separated,Adm-clerical,Amer-Indian-Eskimo,Female,France,cfproto,1
28.0,9.0,18500.0,0.0,41.0,Federal-gov,Divorced,Adm-clerical,Amer-Indian-Eskimo,Female,United-States,growing-spheres,1
32.0,10.0,19519.0,201.0,64.0,?,Married-AF-spouse,Handlers-cleaners,Amer-Indian-Eskimo,Female,United-States,growing-spheres,1
29.0,10.0,4219.0,1269.0,47.0,Federal-gov,Divorced,Machine-op-inspct,Amer-Indian-Eskimo,Female,United-States,growing-spheres,0
36.0,12.0,35259.0,0.0,45.0,?,Married-AF-spouse,Adm-clerical,Amer-Indian-Eskimo,Female,United-States,growing-spheres,1
30.0,10.0,46316.0,0.0,68.0,Local-gov,Married-civ-spouse,Adm-clerical,Amer-Indian-Eskimo,Female,United-States,growing-spheres,1
17.0,13.0,12605.0,715.0,57.0,State-gov,Divorced,Adm-clerical,Amer-Indian-Eskimo,Female,United-States,growing-spheres,1
42.0,12.0,38847.0,0.0,26.0,Private,Married-AF-spouse,Adm-clerical,Amer-Indian-Eskimo,Female,United-States,growing-spheres,1
31.0,7.0,32062.0,0.0,29.0,Federal-gov,Married-civ-spouse,Adm-clerical,Amer-Indian-Eskimo,Female,United-States,growing-spheres,1
22.0,5.0,35041.0,514.0,41.0,?,Married-civ-spouse,Adm-clerical,Amer-Indian-Eskimo,Female,United-States,growing-spheres,1
39.0,11.0,16566.0,357.0,51.0,Self-emp-inc,Divorced,Prof-specialty,Amer-Indian-Eskimo,Female,United-States,growing-spheres,1
28.0,11.0,20491.0,1266.0,41.0,Federal-gov,Divorced,Craft-repair,Amer-Indian-Eskimo,Female,United-States,growing-spheres,1
36.0,10.0,30943.0,600.0,30.0,?,Divorced,Machine-op-inspct,Amer-Indian-Eskimo,Female,United-States,growing-spheres,1
32.0,7.0,25778.0,108.0,28.0,Federal-gov,Divorced,Other-service,Amer-Indian-Eskimo,Female,United-States,growing-spheres,1
31.0,13.0,16324.0,0.0,42.0,?,Married-civ-spouse,?,Amer-Indian-Eskimo,Female,United-States,growing-spheres,1
30.0,8.0,31174.0,0.0,55.0,?,Married-AF-spouse,Craft-repair,Amer-Indian-Eskimo,Female,United-States,growing-spheres,1
38.0,11.0,25867.0,21.0,28.0,Local-gov,Married-AF-spouse,?,Amer-Indian-Eskimo,Female,United-States,growing-spheres,1
38.0,8.0,19093.0,571.0,1.0,Federal-gov,Divorced,Adm-clerical,Amer-Indian-Eskimo,Female,United-States,growing-spheres,1
34.0,12.0,18903.0,397.0,41.0,Self-emp-inc,Married-AF-spouse,?,Amer-Indian-Eskimo,Female,United-States,growing-spheres,1
41.0,11.0,19923.0,575.0,37.0,Local-gov,Divorced,?,Amer-Indian-Eskimo,Female,United-States,growing-spheres,1
26.0,13.0,38329.0,1187.0,56.0,Federal-gov,Married-civ-spouse,Adm-clerical,Amer-Indian-Eskimo,Female,United-States,growing-spheres,1
32.0,13.0,0.0,0.0,39.0,Local-gov,Married-civ-spouse,Adm-clerical,White,Female,United-States,face,1
31.0,10.0,0.0,0.0,39.0,Private,Married-civ-spouse,Adm-clerical,White,Female,United-States,face,1
39.0,12.0,0.0,0.0,19.0,Local-gov,Married-civ-spouse,Adm-clerical,White,Female,United-States,face,1
33.0,9.0,0.0,0.0,59.0,Local-gov,Married-civ-spouse,Adm-clerical,White,Female,United-States,face,1
28.0,12.0,0.0,0.0,39.0,Local-gov,Married-civ-spouse,Adm-clerical,White,Female,United-States,face,1
36.0,9.0,0.0,0.0,39.0,Local-gov,Married-civ-spouse,Adm-clerical,White,Female,United-States,face,1
31.0,12.0,0.0,0.0,34.0,Local-gov,Married-civ-spouse,Adm-clerical,White,Female,United-States,face,1
42.0,13.0,99999.0,0.0,39.0,Local-gov,Never-married,Adm-clerical,White,Female,United-States,face,1
52.0,13.0,0.0,0.0,39.0,Local-gov,Married-civ-spouse,Adm-clerical,White,Female,United-States,face,1
37.0,11.0,0.0,0.0,48.0,Private,Married-civ-spouse,Adm-clerical,Black,Female,United-States,face,1
