age,education.num,capital.gain,capital.loss,hours.per.week,workclass,marital.status,occupation,race,sex,native.country,explainer,income
35.0,5.0,0,0.0,55.0,Private,Married-civ-spouse,Priv-house-serv,White,Male,United-States,dice,0
35.0,10.0,0,0.0,15.0,Private,Married-civ-spouse,Exec-managerial,White,Male,United-States,dice,0
35.0,6.0,0,0.0,55.0,Local-gov,Married-civ-spouse,Exec-managerial,White,Male,United-States,dice,0
61.0,1.0,0,0.0,55.0,Private,Married-civ-spouse,Exec-managerial,White,Male,United-States,dice,0
35.0,10.0,0,0.0,67.0,Private,Divorced,Exec-managerial,White,Male,United-States,dice,0
98.0,10.0,0,0.0,55.0,Private,Married-civ-spouse,Protective-serv,White,Male,United-States,dice,0
35.0,10.0,0,0.0,76.0,Private,Divorced,Exec-managerial,White,Male,United-States,dice,0
35.0,10.0,0,0.0,22.0,?,Married-civ-spouse,Exec-managerial,White,Male,United-States,dice,0
35.0,10.0,0,0.0,55.0,State-gov,Divorced,Exec-managerial,White,Male,United-States,dice,0
35.0,10.0,0,776.0,3.0,Private,Married-civ-spouse,Exec-managerial,White,Male,United-States,dice,0
35.0,10.0,0,0.0,55.0,State-gov,Separated,Exec-managerial,White,Male,United-States,dice,0
35.0,10.0,0,0.0,55.0,Without-pay,Married-civ-spouse,Transport-moving,White,Male,United-States,dice,0
35.0,10.0,0,0.0,25.0,Private,Married-civ-spouse,Exec-managerial,White,Male,United-States,dice,0
35.0,10.0,0,0.0,55.0,State-gov,Married-spouse-absent,Exec-managerial,White,Male,United-States,dice,0
35.0,10.0,0,0.0,8.0,Private,Married-civ-spouse,Exec-managerial,White,Male,United-States,dice,0
35.0,10.0,0,0.0,55.0,Private,Never-married,Tech-support,White,Male,United-States,dice,0
35.0,1.0,0,0.0,55.0,Private,Married-civ-spouse,Exec-managerial,White,Male,United-States,dice,0
35.0,7.0,0,0.0,55.0,State-gov,Married-civ-spouse,Exec-managerial,White,Male,United-States,dice,0
86.0,3.0,0,0.0,55.0,Private,Married-civ-spouse,Exec-managerial,White,Male,United-States,dice,0
35.0,2.0,0,0.0,55.0,Private,Married-civ-spouse,Handlers-cleaners,White,Male,United-States,dice,0
29.0,8.0,0,0.0,50.0,Private,Never-married,Craft-repair,White,Male,United-States,fimap,0
29.0,8.0,0,0.0,50.0,Private,Married-civ-spouse,Machine-op-inspct,White,Male,United-States,fimap,0
31.0,9.0,0,0.0,50.0,Private,Married-civ-spouse,Exec-managerial,White,Male,United-States,cadex,0
31.0,9.0,0,0.0,54.0,Private,Married-civ-spouse,Exec-managerial,White,Male,United-States,cadex,0
31.0,9.0,0,0.0,54.0,Private,Married-civ-spouse,Exec-managerial,White,Male,United-States,cadex,0
31.0,10.0,0,0.0,54.0,Private,Married-civ-spouse,Exec-managerial,White,Male,United-States,cadex,0
32.0,9.0,0,0.0,52.0,Private,Married-civ-spouse,Adm-clerical,White,Male,United-States,fimap,0
34.0,9.0,0,0.0,53.0,Private,Divorced,Machine-op-inspct,White,Male,United-States,fimap,0
34.0,9.0,0,0.0,53.0,Private,Married-civ-spouse,Transport-moving,White,Male,United-States,fimap,0
34.0,9.0,0,0.0,53.0,Private,Married-civ-spouse,Prof-specialty,White,Male,United-States,fimap,1
35.0,10.0,0,0.0,54.0,Private,Married-civ-spouse,Exec-managerial,White,Male,United-States,cadex,0
25.0,9.0,0,0.0,54.0,Private,Married-civ-spouse,Exec-managerial,White,Male,United-States,wachter,0
25.0,9.0,0,0.0,54.0,Private,Married-civ-spouse,Exec-managerial,White,Male,United-States,wachter,0
25.0,10.0,0,0.0,55.0,Private,Married-civ-spouse,Exec-managerial,White,Male,United-States,wachter,0
35.0,8.0,0,0.0,52.0,Private,Married-civ-spouse,Exec-managerial,White,Male,United-States,wachter,1
31.0,8.0,0,0.0,50.0,Private,Married-civ-spouse,Exec-managerial,White,Male,United-States,wachter,0
25.0,9.0,0,0.0,54.0,Private,Married-civ-spouse,Exec-managerial,White,Male,United-States,wachter,0
27.0,9.0,0,0.0,52.0,Private,Married-civ-spouse,Exec-managerial,White,Male,United-States,wachter,0
25.0,9.0,0,0.0,54.0,Private,Married-civ-spouse,Exec-managerial,White,Male,United-States,wachter,0
32.0,7.0,0,0.0,61.0,Private,Married-civ-spouse,Exec-managerial,White,Male,United-States,wachter,0
25.0,9.0,0,0.0,54.0,Private,Married-civ-spouse,Exec-managerial,White,Male,United-States,wachter,0
25.0,9.0,0,0.0,54.0,Private,Married-civ-spouse,Exec-managerial,White,Male,United-States,cem,0
35.0,10.0,0,0.0,54.0,Private,Married-civ-spouse,Handlers-cleaners,White,Male,United-States,cfproto,0
35.0,10.0,0,0.0,54.0,Without-pay,Married-civ-spouse,Exec-managerial,White,Male,United-States,cfproto,0
35.0,10.0,0,0.0,54.0,Without-pay,Married-civ-spouse,Exec-managerial,White,Male,United-States,cfproto,0
35.0,10.0,0,0.0,54.0,Private,Married-civ-spouse,Other-service,White,Male,Philippines,cfproto,0
35.0,10.0,0,0.0,54.0,Private,Married-civ-spouse,Handlers-cleaners,White,Male,Poland,cfproto,0
33.0,9.0,0,0.0,54.0,Federal-gov,Married-civ-spouse,Other-service,White,Male,India,cfproto,0
35.0,10.0,0,0.0,54.0,Private,Married-civ-spouse,Other-service,White,Male,Trinadad&Tobago,cfproto,0
35.0,10.0,0,0.0,54.0,Private,Married-civ-spouse,Handlers-cleaners,White,Male,United-States,cfproto,0
34.0,9.0,1563,0.0,56.0,Federal-gov,Married-civ-spouse,Armed-Forces,White,Male,United-States,growing-spheres,0
35.0,9.0,2819,76.0,52.0,?,Married-AF-spouse,Exec-managerial,White,Male,United-States,growing-spheres,1
39.0,10.0,0,0.0,52.0,?,Married-civ-spouse,?,White,Male,United-States,growing-spheres,0
40.0,10.0,0,566.0,52.0,Private,Married-civ-spouse,?,White,Male,United-States,growing-spheres,0
35.0,10.0,1009,0.0,61.0,?,Married-AF-spouse,Adm-clerical,White,Male,United-States,growing-spheres,1
29.0,9.0,0,0.0,40.0,?,Married-civ-spouse,Exec-managerial,White,Male,United-States,growing-spheres,0
36.0,10.0,4247,0.0,54.0,Never-worked,Divorced,Adm-clerical,White,Male,United-States,growing-spheres,0
36.0,10.0,0,0.0,53.0,?,Divorced,Adm-clerical,White,Male,United-States,growing-spheres,0
34.0,10.0,1811,0.0,53.0,?,Divorced,Exec-managerial,White,Male,United-States,growing-spheres,0
34.0,9.0,0,0.0,47.0,?,Married-civ-spouse,Adm-clerical,White,Male,United-States,growing-spheres,0
33.0,10.0,3265,0.0,56.0,Never-worked,Married-civ-spouse,Armed-Forces,White,Male,United-States,growing-spheres,0
31.0,10.0,0,115.0,62.0,State-gov,Married-civ-spouse,Adm-clerical,White,Male,United-States,growing-spheres,0
33.0,9.0,3266,0.0,59.0,?,Divorced,Armed-Forces,White,Male,United-States,growing-spheres,0
37.0,9.0,2206,121.0,51.0,Local-gov,Divorced,Adm-clerical,White,Male,United-States,growing-spheres,0
35.0,10.0,2199,0.0,54.0,Federal-gov,Divorced,Armed-Forces,White,Male,United-States,growing-spheres,0
34.0,10.0,1863,0.0,54.0,Local-gov,Divorced,Craft-repair,White,Male,United-States,growing-spheres,0
32.0,9.0,0,0.0,58.0,?,Married-civ-spouse,?,White,Male,United-States,growing-spheres,0
35.0,9.0,0,112.0,53.0,Local-gov,Married-civ-spouse,Exec-managerial,White,Male,United-States,growing-spheres,1
36.0,11.0,0,0.0,49.0,?,Never-married,?,White,Male,United-States,growing-spheres,0
34.0,9.0,561,29.0,55.0,Without-pay,Married-AF-spouse,Exec-managerial,White,Male,United-States,growing-spheres,0
35.0,10.0,0,0.0,54.0,Private,Married-civ-spouse,Armed-Forces,White,Male,United-States,actionable-recourse,0
40.0,6.0,0,0.0,39.0,Private,Married-civ-spouse,Exec-managerial,White,Male,United-States,face,0
30.0,9.0,0,0.0,39.0,Private,Married-civ-spouse,Exec-managerial,White,Male,United-States,face,0
31.0,9.0,0,0.0,39.0,Private,Married-civ-spouse,Exec-managerial,White,Male,United-States,face,0
29.0,10.0,0,0.0,39.0,Private,Married-civ-spouse,Exec-managerial,White,Male,United-States,face,0
28.0,9.0,0,0.0,50.0,Private,Married-civ-spouse,Exec-managerial,White,Male,United-States,face,0
27.0,10.0,0,0.0,39.0,Private,Married-civ-spouse,Exec-managerial,White,Male,United-States,face,0
30.0,9.0,0,0.0,50.0,Private,Married-civ-spouse,Exec-managerial,White,Male,United-States,face,0
30.0,9.0,0,0.0,50.0,Private,Married-civ-spouse,Exec-managerial,White,Male,United-States,face,0
30.0,9.0,0,0.0,50.0,Private,Married-civ-spouse,Exec-managerial,White,Male,United-States,face,0
23.0,9.0,0,0.0,29.0,Private,Married-civ-spouse,Exec-managerial,White,Male,United-States,face,0
