age,education.num,capital.gain,capital.loss,hours.per.week,workclass,marital.status,occupation,race,sex,native.country,explainer,income
37.0,11.0,0.0,0.0,30.0,Private,Divorced,Transport-moving,White,Female,United-States,dice,0
37.0,1.0,0.0,0.0,8.0,Private,Married-civ-spouse,Prof-specialty,White,Female,United-States,dice,0
37.0,11.0,0.0,0.0,30.0,Private,Married-civ-spouse,Protective-serv,White,Female,United-States,dice,0
88.0,11.0,0.0,0.0,30.0,Private,Married-civ-spouse,Prof-specialty,White,Female,United-States,dice,0
23.0,11.0,0.0,0.0,30.0,Private,Married-civ-spouse,Prof-specialty,White,Female,United-States,dice,0
88.0,11.0,1762.0,0.0,30.0,Private,Married-civ-spouse,Prof-specialty,White,Female,United-States,dice,0
37.0,11.0,0.0,0.0,30.0,Private,Widowed,?,White,Female,United-States,dice,0
47.0,7.0,0.0,0.0,30.0,Private,Married-civ-spouse,Prof-specialty,White,Female,United-States,dice,0
37.0,11.0,0.0,0.0,30.0,?,Married-civ-spouse,Farming-fishing,White,Female,United-States,dice,0
37.0,11.0,0.0,0.0,30.0,Local-gov,Married-civ-spouse,Other-service,White,Female,United-States,dice,0
61.0,11.0,0.0,0.0,30.0,Private,Married-civ-spouse,?,White,Female,United-States,dice,0
22.0,11.0,0.0,0.0,30.0,Private,Married-civ-spouse,Prof-specialty,White,Female,United-States,dice,0
37.0,11.0,0.0,1463.0,30.0,Private,Married-civ-spouse,Armed-Forces,White,Female,United-States,dice,0
37.0,11.0,0.0,417.0,30.0,Private,Married-civ-spouse,Farming-fishing,White,Female,United-States,dice,0
37.0,2.0,0.0,0.0,30.0,Self-emp-not-inc,Married-civ-spouse,Prof-specialty,White,Female,United-States,dice,0
94.0,11.0,0.0,0.0,30.0,Private,Married-civ-spouse,Prof-specialty,White,Female,United-States,dice,0
91.0,11.0,0.0,0.0,30.0,Private,Married-civ-spouse,Prof-specialty,White,Female,United-States,dice,0
37.0,11.0,0.0,0.0,30.0,Private,Married-AF-spouse,?,White,Female,United-States,dice,0
72.0,11.0,0.0,0.0,30.0,Private,Married-civ-spouse,Prof-specialty,White,Female,United-States,dice,0
37.0,11.0,0.0,0.0,30.0,Private,Widowed,Prof-specialty,White,Female,United-States,dice,0
31.0,9.0,0.0,0.0,25.0,Private,Divorced,Exec-managerial,White,Female,United-States,fimap,0
32.0,9.0,0.0,0.0,25.0,Private,Married-civ-spouse,Transport-moving,White,Female,United-States,fimap,0
33.0,10.0,0.0,0.0,25.0,Private,Married-civ-spouse,Prof-specialty,White,Female,United-States,cadex,0
33.0,10.0,0.0,0.0,30.0,Private,Married-civ-spouse,Prof-specialty,White,Female,United-States,cadex,0
34.0,10.0,0.0,0.0,27.0,Private,Never-married,Prof-specialty,White,Female,United-States,fimap,0
36.0,10.0,0.0,0.0,28.0,Private,Married-civ-spouse,Prof-specialty,White,Female,United-States,fimap,1
36.0,10.0,0.0,0.0,29.0,Private,Married-civ-spouse,Handlers-cleaners,White,Female,United-States,fimap,0
36.0,10.0,0.0,0.0,28.0,Private,Married-civ-spouse,Craft-repair,White,Female,United-States,fimap,0
37.0,10.0,0.0,0.0,30.0,Private,Married-civ-spouse,Prof-specialty,White,Female,United-States,cadex,0
37.0,10.0,0.0,0.0,30.0,Private,Married-civ-spouse,Prof-specialty,White,Female,United-States,cadex,0
37.0,11.0,0.0,0.0,30.0,Private,Married-civ-spouse,Prof-specialty,White,Female,United-States,cadex,0
25.0,10.0,0.0,0.0,30.0,Private,Married-civ-spouse,Prof-specialty,White,Female,United-States,wachter,0
25.0,10.0,0.0,0.0,31.0,Private,Married-civ-spouse,Prof-specialty,White,Female,United-States,wachter,0
25.0,10.0,0.0,0.0,29.0,Private,Married-civ-spouse,Prof-specialty,White,Female,United-States,wachter,0
25.0,10.0,0.0,0.0,30.0,Private,Married-civ-spouse,Prof-specialty,White,Female,United-States,wachter,0
26.0,10.0,0.0,0.0,29.0,Private,Married-civ-spouse,Prof-specialty,White,Female,United-States,wachter,0
25.0,11.0,0.0,0.0,29.0,Private,Married-civ-spouse,Prof-specialty,White,Female,United-States,wachter,0
26.0,10.0,0.0,0.0,28.0,Private,Married-civ-spouse,Prof-specialty,White,Female,United-States,wachter,0
27.0,10.0,0.0,0.0,29.0,Private,Married-civ-spouse,Prof-specialty,White,Female,United-States,wachter,0
25.0,10.0,0.0,0.0,30.0,Private,Married-civ-spouse,Prof-specialty,White,Female,United-States,wachter,0
25.0,10.0,0.0,0.0,29.0,Private,Married-civ-spouse,Prof-specialty,White,Female,United-States,wachter,0
23.0,11.0,0.0,0.0,30.0,Private,Married-civ-spouse,Prof-specialty,White,Female,United-States,cem,0
37.0,11.0,0.0,0.0,30.0,Private,Married-civ-spouse,Protective-serv,White,Female,Greece,cfproto,0
37.0,11.0,0.0,0.0,30.0,Private,Married-civ-spouse,Sales,White,Female,India,cfproto,0
37.0,11.0,0.0,0.0,30.0,Private,Married-civ-spouse,Other-service,White,Female,United-States,cfproto,0
37.0,10.0,0.0,0.0,30.0,Self-emp-inc,Married-civ-spouse,Other-service,White,Female,Vietnam,cfproto,0
37.0,11.0,0.0,0.0,30.0,Private,Married-civ-spouse,Prof-specialty,White,Female,Trinadad&Tobago,cfproto,0
37.0,11.0,0.0,0.0,30.0,Private,Married-civ-spouse,Protective-serv,White,Female,Puerto-Rico,cfproto,0
37.0,11.0,0.0,0.0,30.0,Private,Married-civ-spouse,Sales,White,Female,Poland,cfproto,0
37.0,11.0,0.0,0.0,30.0,Without-pay,Married-civ-spouse,Prof-specialty,White,Female,United-States,cfproto,0
37.0,11.0,0.0,0.0,30.0,Private,Married-civ-spouse,Other-service,White,Female,Italy,cfproto,0
37.0,11.0,0.0,0.0,30.0,Private,Married-civ-spouse,Sales,White,Female,Poland,cfproto,0
32.0,9.0,7361.0,234.0,19.0,Never-worked,Married-civ-spouse,?,White,Female,United-States,growing-spheres,0
36.0,11.0,827.0,81.0,30.0,Private,Married-civ-spouse,Armed-Forces,White,Female,United-States,growing-spheres,0
32.0,11.0,0.0,590.0,28.0,Local-gov,Married-AF-spouse,Adm-clerical,White,Female,United-States,growing-spheres,0
35.0,10.0,1943.0,0.0,31.0,Private,Married-AF-spouse,?,White,Female,United-States,growing-spheres,0
31.0,11.0,0.0,0.0,34.0,Federal-gov,Divorced,Exec-managerial,White,Female,United-States,growing-spheres,0
42.0,11.0,1819.0,0.0,30.0,Never-worked,Married-AF-spouse,Prof-specialty,White,Female,United-States,growing-spheres,0
36.0,10.0,878.0,0.0,30.0,Federal-gov,Married-AF-spouse,Exec-managerial,White,Female,United-States,growing-spheres,1
28.0,10.0,0.0,72.0,30.0,?,Married-civ-spouse,Machine-op-inspct,White,Female,United-States,growing-spheres,0
36.0,11.0,370.0,0.0,31.0,Private,Divorced,?,White,Female,United-States,growing-spheres,0
38.0,11.0,99.0,0.0,41.0,?,Divorced,Handlers-cleaners,White,Female,United-States,growing-spheres,0
29.0,11.0,0.0,0.0,23.0,?,Divorced,Craft-repair,White,Female,United-States,growing-spheres,0
35.0,10.0,0.0,96.0,33.0,Local-gov,Married-spouse-absent,Armed-Forces,White,Female,United-States,growing-spheres,0
35.0,10.0,0.0,108.0,29.0,Private,Married-AF-spouse,?,White,Female,United-States,growing-spheres,0
38.0,10.0,0.0,43.0,30.0,Never-worked,Married-civ-spouse,Machine-op-inspct,White,Female,United-States,growing-spheres,0
34.0,10.0,255.0,4.0,30.0,Never-worked,Married-civ-spouse,Exec-managerial,White,Female,United-States,growing-spheres,0
36.0,10.0,0.0,0.0,30.0,Federal-gov,Divorced,Armed-Forces,White,Female,United-States,growing-spheres,0
37.0,11.0,623.0,26.0,29.0,?,Married-AF-spouse,Prof-specialty,White,Female,United-States,growing-spheres,1
37.0,11.0,407.0,138.0,30.0,?,Divorced,Armed-Forces,White,Female,United-States,growing-spheres,0
39.0,10.0,642.0,339.0,32.0,?,Married-spouse-absent,?,White,Female,United-States,growing-spheres,0
37.0,11.0,0.0,0.0,23.0,Federal-gov,Married-civ-spouse,Other-service,White,Female,United-States,growing-spheres,0
33.0,12.0,0.0,0.0,39.0,Private,Married-spouse-absent,Prof-specialty,White,Female,United-States,face,0
28.0,11.0,0.0,0.0,5.0,Private,Married-civ-spouse,Prof-specialty,White,Female,United-States,face,0
48.0,9.0,0.0,0.0,8.0,Private,Married-civ-spouse,Prof-specialty,White,Female,United-States,face,0
39.0,12.0,0.0,0.0,29.0,Private,Separated,Prof-specialty,White,Female,United-States,face,0
38.0,10.0,0.0,0.0,34.0,Private,Married-civ-spouse,Handlers-cleaners,White,Female,United-States,face,0
33.0,12.0,0.0,0.0,31.0,Private,Divorced,Prof-specialty,White,Female,United-States,face,0
24.0,10.0,0.0,0.0,39.0,Private,Married-civ-spouse,Prof-specialty,White,Female,United-States,face,0
28.0,11.0,0.0,0.0,5.0,Private,Married-civ-spouse,Prof-specialty,White,Female,United-States,face,0
50.0,9.0,0.0,0.0,15.0,Private,Married-civ-spouse,Prof-specialty,White,Female,United-States,face,0
90.0,14.0,0.0,0.0,39.0,Private,Married-civ-spouse,Prof-specialty,White,Female,United-States,face,0
