age,education.num,capital.gain,capital.loss,hours.per.week,workclass,marital.status,occupation,race,sex,native.country,explainer,income
25,11.0,80837.0,0.0,36.0,Self-emp-not-inc,Never-married,Prof-specialty,White,Female,Canada,dice,1
25,11.0,78967.0,0.0,36.0,Private,Never-married,Prof-specialty,White,Female,Canada,dice,1
25,11.0,40616.0,0.0,36.0,Private,Never-married,Exec-managerial,White,Female,Canada,dice,1
25,14.0,48579.0,0.0,36.0,Private,Never-married,Prof-specialty,White,Female,Canada,dice,1
25,11.0,39444.0,0.0,36.0,Private,Never-married,Prof-specialty,White,Female,Canada,dice,1
25,11.0,84323.0,0.0,60.0,Private,Never-married,Prof-specialty,White,Female,Canada,dice,1
25,2.0,51159.0,0.0,36.0,Private,Never-married,Prof-specialty,White,Female,Canada,dice,1
25,11.0,42571.0,0.0,36.0,Private,Never-married,Prof-specialty,White,Female,Canada,dice,1
25,11.0,90699.0,0.0,36.0,Private,Never-married,Prof-specialty,White,Female,Canada,dice,1
25,11.0,19114.0,0.0,36.0,Private,Never-married,Prof-specialty,White,Female,Canada,dice,1
25,11.0,60894.0,0.0,36.0,Private,Separated,Prof-specialty,White,Female,Canada,dice,1
25,11.0,19114.0,846.0,36.0,Private,Never-married,Prof-specialty,White,Female,Canada,dice,1
25,11.0,84842.0,3022.0,36.0,Private,Never-married,Prof-specialty,White,Female,Canada,dice,1
25,3.0,95790.0,0.0,36.0,Private,Never-married,Prof-specialty,White,Female,Canada,dice,1
25,11.0,59832.0,0.0,36.0,Private,Never-married,Prof-specialty,White,Female,Canada,dice,1
25,11.0,28995.0,1804.0,36.0,Private,Never-married,Prof-specialty,White,Female,Canada,dice,1
25,8.0,32874.0,0.0,36.0,Private,Never-married,Prof-specialty,White,Female,Canada,dice,1
25,11.0,50006.0,0.0,62.0,Private,Never-married,Prof-specialty,White,Female,Canada,dice,1
25,11.0,14930.0,4306.0,36.0,Private,Never-married,Prof-specialty,White,Female,Canada,dice,1
25,11.0,33994.0,0.0,36.0,Private,Never-married,Prof-specialty,White,Female,Canada,dice,1
25,11.0,19852.0,0.0,36.0,Private,Never-married,Prof-specialty,White,Female,Canada,cadex,1
30,12.0,9793.0,93.0,39.0,Private,Married-civ-spouse,Prof-specialty,White,Female,Canada,fimap,1
30,11.0,5947.0,43.0,38.0,Private,Married-civ-spouse,Protective-serv,White,Female,Canada,fimap,1
30,11.0,6169.0,44.0,38.0,Private,Never-married,Exec-managerial,White,Female,Canada,fimap,0
31,11.0,6707.0,48.0,38.0,Private,Married-civ-spouse,Transport-moving,White,Female,Canada,fimap,1
31,12.0,8157.0,65.0,39.0,Private,Married-civ-spouse,Prof-specialty,White,Female,Canada,fimap,1
32,12.0,10750.0,106.0,40.0,Private,Divorced,Exec-managerial,White,Female,Canada,fimap,0
34,12.0,13204.0,594.0,48.0,Private,Never-married,Prof-specialty,White,Female,Canada,cadex,1
34,12.0,13275.0,0.0,48.0,Private,Never-married,Prof-specialty,White,Female,Canada,cadex,0
35,11.0,14588.0,0.0,50.0,Private,Never-married,Prof-specialty,White,Female,Canada,cadex,1
36,11.0,16583.0,0.0,51.0,Private,Never-married,Prof-specialty,White,Female,Canada,cadex,1
37,11.0,17208.0,0.0,52.0,Private,Never-married,Prof-specialty,White,Female,Canada,cadex,1
38,11.0,18724.0,0.0,36.0,Private,Never-married,Prof-specialty,White,Female,Canada,cadex,1
39,11.0,19679.0,0.0,36.0,Private,Never-married,Prof-specialty,White,Female,Canada,cadex,1
39,15.0,11831.0,25.0,69.0,Private,Never-married,Prof-specialty,White,Female,Canada,wachter,1
81,11.0,7243.0,601.0,98.0,Self-emp-not-inc,Married-civ-spouse,Other-service,White,Female,Canada,wachter,1
39,15.0,11821.0,0.0,69.0,Private,Never-married,Prof-specialty,White,Female,Canada,wachter,1
60,13.0,7338.0,0.0,98.0,Self-emp-not-inc,Separated,Other-service,White,Female,Canada,wachter,0
49,13.0,17923.0,240.0,88.0,Self-emp-not-inc,Never-married,Prof-specialty,White,Female,Canada,wachter,1
39,15.0,11778.0,16.0,69.0,Private,Never-married,Prof-specialty,White,Female,Canada,wachter,1
81,11.0,7334.0,610.0,98.0,Self-emp-not-inc,Married-civ-spouse,Other-service,White,Female,Canada,wachter,1
89,12.0,8700.0,1013.0,98.0,Self-emp-not-inc,Divorced,Other-service,White,Female,Canada,wachter,1
60,13.0,7314.0,0.0,98.0,Self-emp-not-inc,Separated,Other-service,White,Female,Canada,wachter,0
39,15.0,11776.0,15.0,69.0,Private,Never-married,Prof-specialty,White,Female,Canada,wachter,1
25,11.0,20514.0,0.0,36.0,Private,Never-married,Prof-specialty,White,Female,Canada,cem,1
25,11.0,39170.0,0.0,36.0,Without-pay,Never-married,Prof-specialty,White,Female,?,cfproto,1
22,11.0,22814.0,0.0,36.0,Self-emp-not-inc,Never-married,Prof-specialty,White,Female,Trinadad&Tobago,cfproto,1
27,11.0,8562.0,0.0,33.0,Self-emp-inc,Never-married,Prof-specialty,White,Female,China,cfproto,0
23,11.0,34806.0,0.0,36.0,Without-pay,Never-married,Prof-specialty,White,Female,Greece,cfproto,1
32,11.0,34596.0,0.0,37.0,?,Never-married,Protective-serv,White,Female,Outlying-US(Guam-USVI-etc),cfproto,1
27,11.0,42128.0,0.0,36.0,Without-pay,Never-married,Prof-specialty,White,Female,Dominican-Republic,cfproto,1
22,11.0,29278.0,0.0,36.0,Private,Never-married,Prof-specialty,White,Female,Trinadad&Tobago,cfproto,1
27,11.0,8562.0,0.0,33.0,Self-emp-inc,Never-married,Prof-specialty,White,Female,China,cfproto,0
18,10.0,32534.0,0.0,44.0,Self-emp-not-inc,Divorced,Exec-managerial,White,Female,Canada,growing-spheres,1
45,10.0,14089.0,299.0,64.0,Federal-gov,Married-AF-spouse,Adm-clerical,White,Female,Canada,growing-spheres,1
17,11.0,28268.0,0.0,39.0,Federal-gov,Married-AF-spouse,Adm-clerical,White,Female,Canada,growing-spheres,1
47,10.0,33554.0,916.0,32.0,?,Married-civ-spouse,?,White,Female,Canada,growing-spheres,1
52,13.0,37433.0,446.0,24.0,Self-emp-not-inc,Divorced,?,White,Female,Canada,growing-spheres,1
50,11.0,34345.0,81.0,53.0,Federal-gov,Married-AF-spouse,Craft-repair,White,Female,Canada,growing-spheres,1
24,13.0,32260.0,0.0,47.0,Local-gov,Divorced,Armed-Forces,White,Female,Canada,growing-spheres,1
31,6.0,40446.0,0.0,33.0,Private,Married-civ-spouse,Armed-Forces,White,Female,Canada,growing-spheres,1
19,10.0,31911.0,467.0,55.0,Federal-gov,Divorced,Craft-repair,White,Female,Canada,growing-spheres,1
30,13.0,28547.0,0.0,68.0,?,Married-AF-spouse,Craft-repair,White,Female,Canada,growing-spheres,1
26,12.0,39049.0,0.0,52.0,?,Divorced,?,White,Female,Canada,growing-spheres,1
33,14.0,27109.0,0.0,25.0,?,Married-civ-spouse,Handlers-cleaners,White,Female,Canada,growing-spheres,1
22,11.0,34455.0,139.0,52.0,?,Divorced,Adm-clerical,White,Female,Canada,growing-spheres,1
17,12.0,39788.0,1430.0,47.0,Federal-gov,Divorced,Armed-Forces,White,Female,Canada,growing-spheres,1
28,11.0,16217.0,0.0,56.0,Federal-gov,Divorced,?,White,Female,Canada,growing-spheres,1
31,12.0,52119.0,446.0,46.0,Private,Married-AF-spouse,?,White,Female,Canada,growing-spheres,1
32,16.0,16506.0,1024.0,8.0,Federal-gov,Divorced,Adm-clerical,White,Female,Canada,growing-spheres,1
35,12.0,29436.0,0.0,55.0,Federal-gov,Divorced,Craft-repair,White,Female,Canada,growing-spheres,1
17,13.0,23996.0,608.0,51.0,?,Married-AF-spouse,?,White,Female,Canada,growing-spheres,1
41,9.0,32780.0,0.0,50.0,Local-gov,Divorced,Adm-clerical,White,Female,Canada,growing-spheres,1
41,13.0,0.0,1876.0,39.0,Private,Never-married,Prof-specialty,White,Female,United-States,face,1
37,13.0,4934.0,0.0,31.0,Private,Separated,Prof-specialty,White,Female,United-States,face,1
25,10.0,8614.0,0.0,39.0,Private,Never-married,Prof-specialty,White,Male,United-States,face,1
29,13.0,14344.0,0.0,39.0,Private,Never-married,Prof-specialty,White,Female,United-States,face,1
40,15.0,14083.0,0.0,50.0,Private,Never-married,Prof-specialty,White,Female,United-States,face,1
29,13.0,14344.0,0.0,39.0,Private,Never-married,Prof-specialty,White,Female,United-States,face,1
39,13.0,0.0,0.0,35.0,Private,Married-civ-spouse,Prof-specialty,White,Female,United-States,face,1
29,12.0,8614.0,0.0,39.0,Private,Never-married,Prof-specialty,White,Female,United-States,face,1
40,14.0,3325.0,0.0,39.0,Private,Never-married,Prof-specialty,White,Female,United-States,face,1
31,10.0,3908.0,0.0,39.0,Private,Married-civ-spouse,Prof-specialty,White,Female,United-States,face,1
