age,education.num,capital.gain,capital.loss,hours.per.week,workclass,marital.status,occupation,race,sex,native.country,explainer,income
45.0,12.0,60853.0,0.0,40.0,Private,Divorced,Other-service,White,Female,United-States,dice,1
45.0,9.0,95409.0,0.0,80.0,Private,Divorced,Other-service,White,Female,United-States,dice,1
45.0,9.0,0.0,0.0,40.0,Private,Married-AF-spouse,Other-service,White,Female,United-States,dice,1
45.0,9.0,82130.0,2399.0,40.0,Private,Divorced,Other-service,White,Female,United-States,dice,1
45.0,9.0,17590.0,0.0,40.0,Federal-gov,Divorced,Other-service,White,Female,United-States,dice,1
45.0,9.0,27003.0,0.0,40.0,Private,Divorced,Prof-specialty,White,Female,United-States,dice,1
45.0,15.0,36731.0,0.0,40.0,Private,Divorced,Other-service,White,Female,United-States,dice,1
45.0,13.0,87552.0,0.0,40.0,Private,Divorced,Other-service,White,Female,United-States,dice,1
45.0,9.0,13535.0,0.0,40.0,Private,Divorced,Other-service,White,Female,United-States,dice,1
45.0,9.0,71744.0,0.0,40.0,Private,Divorced,Other-service,White,Female,United-States,dice,1
45.0,9.0,69498.0,0.0,40.0,Private,Divorced,Other-service,White,Female,United-States,dice,1
45.0,9.0,14359.0,0.0,40.0,Private,Widowed,Other-service,White,Female,United-States,dice,1
45.0,9.0,48503.0,0.0,40.0,Private,Divorced,Other-service,White,Female,United-States,dice,1
45.0,9.0,79849.0,0.0,40.0,Self-emp-not-inc,Divorced,Other-service,White,Female,United-States,dice,1
45.0,9.0,37410.0,0.0,81.0,Private,Divorced,Other-service,White,Female,United-States,dice,1
45.0,11.0,65632.0,0.0,40.0,Private,Divorced,Other-service,White,Female,United-States,dice,1
45.0,9.0,0.0,0.0,46.0,Private,Married-AF-spouse,Other-service,White,Female,United-States,dice,1
45.0,9.0,57753.0,0.0,40.0,Private,Divorced,Other-service,White,Female,United-States,dice,1
45.0,9.0,0.0,0.0,40.0,Private,Married-AF-spouse,Other-service,White,Female,United-States,dice,1
45.0,9.0,25005.0,0.0,40.0,Private,Divorced,Other-service,White,Female,United-States,dice,1
37.0,10.0,13641.0,613.0,52.0,Private,Divorced,Other-service,White,Female,United-States,cadex,1
38.0,10.0,13688.0,0.0,52.0,Private,Divorced,Other-service,White,Female,United-States,cadex,1
44.0,9.0,5269.0,35.0,41.0,Private,Married-civ-spouse,Prof-specialty,White,Female,United-States,fimap,1
44.0,9.0,5704.0,39.0,42.0,Private,Married-civ-spouse,Farming-fishing,White,Female,United-States,fimap,0
44.0,9.0,5469.0,36.0,42.0,Private,Never-married,?,White,Female,United-States,fimap,0
44.0,10.0,7322.0,48.0,42.0,Private,Married-civ-spouse,Exec-managerial,White,Female,United-States,fimap,1
45.0,9.0,14657.0,0.0,40.0,Private,Divorced,Other-service,White,Female,United-States,cadex,1
45.0,9.0,14912.0,0.0,40.0,Private,Divorced,Other-service,White,Female,United-States,cadex,1
45.0,10.0,13667.0,0.0,52.0,Private,Divorced,Other-service,White,Female,United-States,cadex,1
45.0,11.0,13928.0,0.0,52.0,Private,Divorced,Other-service,White,Female,United-States,cadex,1
45.0,11.0,14392.0,0.0,53.0,Private,Divorced,Other-service,White,Female,United-States,cadex,1
45.0,11.0,14524.0,0.0,40.0,Private,Divorced,Other-service,White,Female,United-States,cadex,1
45.0,10.0,12548.0,82.0,44.0,Private,Married-civ-spouse,Transport-moving,White,Female,United-States,fimap,1
47.0,10.0,12229.0,89.0,44.0,Private,Married-civ-spouse,Sales,White,Female,United-States,fimap,1
44.0,8.0,13332.0,0.0,40.0,Private,Divorced,Other-service,White,Female,United-States,wachter,0
45.0,8.0,13321.0,0.0,40.0,Private,Divorced,Other-service,White,Female,United-States,wachter,0
44.0,8.0,13418.0,0.0,39.0,Private,Divorced,Other-service,White,Female,United-States,wachter,0
44.0,8.0,13248.0,0.0,39.0,Private,Divorced,Other-service,White,Female,United-States,wachter,0
45.0,9.0,13147.0,0.0,40.0,Private,Divorced,Other-service,White,Female,United-States,wachter,1
45.0,8.0,13302.0,0.0,39.0,Private,Divorced,Other-service,White,Female,United-States,wachter,0
45.0,8.0,13302.0,0.0,41.0,Private,Divorced,Other-service,White,Female,United-States,wachter,0
45.0,8.0,13196.0,0.0,40.0,Private,Divorced,Other-service,White,Female,United-States,wachter,0
44.0,9.0,13012.0,0.0,40.0,Private,Divorced,Other-service,White,Female,United-States,wachter,0
44.0,9.0,13197.0,0.0,40.0,Private,Divorced,Other-service,White,Female,United-States,wachter,1
45.0,9.0,15253.0,0.0,40.0,Private,Divorced,Other-service,White,Female,United-States,cem,1
45.0,9.0,34158.0,0.0,40.0,State-gov,Divorced,Other-service,White,Female,China,cfproto,1
45.0,9.0,41144.0,1.0,40.0,Without-pay,Never-married,Protective-serv,White,Female,Outlying-US(Guam-USVI-etc),cfproto,1
45.0,9.0,45827.0,0.0,40.0,Self-emp-not-inc,Divorced,Other-service,White,Female,Thailand,cfproto,1
45.0,9.0,34158.0,0.0,40.0,State-gov,Divorced,Other-service,White,Female,China,cfproto,1
44.0,10.0,20626.0,324.0,50.0,Federal-gov,Married-civ-spouse,?,White,Female,United-States,growing-spheres,1
27.0,9.0,38282.0,1357.0,27.0,Private,Married-AF-spouse,Armed-Forces,White,Female,United-States,growing-spheres,1
50.0,10.0,30766.0,0.0,57.0,State-gov,Married-AF-spouse,?,White,Female,United-States,growing-spheres,1
51.0,12.0,21154.0,0.0,74.0,Federal-gov,Divorced,?,White,Female,United-States,growing-spheres,1
34.0,7.0,42071.0,1031.0,17.0,Private,Divorced,Armed-Forces,White,Female,United-States,growing-spheres,1
54.0,7.0,37822.0,13.0,22.0,Local-gov,Divorced,?,White,Female,United-States,growing-spheres,1
43.0,13.0,29675.0,229.0,30.0,?,Divorced,Armed-Forces,White,Female,United-States,growing-spheres,1
38.0,9.0,25433.0,140.0,82.0,?,Married-AF-spouse,Other-service,White,Female,United-States,growing-spheres,1
66.0,11.0,25757.0,24.0,66.0,Federal-gov,Divorced,?,White,Female,United-States,growing-spheres,1
35.0,11.0,24105.0,0.0,60.0,?,Married-civ-spouse,Adm-clerical,White,Female,United-States,growing-spheres,1
40.0,13.0,44648.0,0.0,43.0,Local-gov,Divorced,Armed-Forces,White,Female,United-States,growing-spheres,1
39.0,8.0,29898.0,352.0,40.0,?,Married-civ-spouse,Adm-clerical,White,Female,United-States,growing-spheres,1
32.0,10.0,26007.0,586.0,46.0,Self-emp-not-inc,Divorced,?,White,Female,United-States,growing-spheres,1
39.0,8.0,27853.0,0.0,60.0,Federal-gov,Married-civ-spouse,Farming-fishing,White,Female,United-States,growing-spheres,1
55.0,9.0,8931.0,0.0,12.0,Federal-gov,Married-AF-spouse,Machine-op-inspct,White,Female,United-States,growing-spheres,1
36.0,7.0,34502.0,29.0,41.0,Federal-gov,Divorced,?,White,Female,United-States,growing-spheres,1
41.0,14.0,19752.0,914.0,34.0,Federal-gov,Married-civ-spouse,Adm-clerical,White,Female,United-States,growing-spheres,1
36.0,10.0,6223.0,84.0,38.0,?,Married-AF-spouse,Adm-clerical,White,Female,United-States,growing-spheres,1
59.0,9.0,47256.0,247.0,49.0,?,Divorced,Adm-clerical,White,Female,United-States,growing-spheres,1
44.0,8.0,1897.0,0.0,40.0,Federal-gov,Divorced,Craft-repair,White,Female,United-States,growing-spheres,0
39.0,10.0,8614.0,0.0,39.0,Private,Divorced,Exec-managerial,White,Female,United-States,face,1
50.0,14.0,0.0,0.0,34.0,Private,Divorced,Exec-managerial,White,Female,United-States,face,1
44.0,9.0,14344.0,0.0,39.0,Private,Divorced,Craft-repair,White,Female,United-States,face,1
35.0,13.0,0.0,0.0,31.0,Private,Married-civ-spouse,Other-service,White,Female,United-States,face,1
50.0,13.0,0.0,0.0,39.0,Private,Divorced,Exec-managerial,White,Female,United-States,face,0
28.0,11.0,3137.0,0.0,39.0,Private,Married-civ-spouse,Other-service,White,Female,United-States,face,1
38.0,11.0,14344.0,0.0,39.0,Private,Divorced,Prof-specialty,White,Female,United-States,face,1
44.0,9.0,14344.0,0.0,39.0,Private,Divorced,Craft-repair,White,Female,United-States,face,1
38.0,11.0,14344.0,0.0,39.0,Private,Divorced,Prof-specialty,White,Female,United-States,face,1
50.0,13.0,0.0,0.0,39.0,Private,Divorced,Exec-managerial,White,Female,United-States,face,0
