age,education.num,capital.gain,capital.loss,hours.per.week,workclass,marital.status,occupation,race,sex,native.country,explainer,income
25.0,5.0,41136.0,0,40,Never-worked,Never-married,Craft-repair,White,Male,Mexico,dice,1
25.0,5.0,44033.0,0,40,Private,Never-married,Craft-repair,White,Male,Mexico,dice,1
25.0,5.0,35184.0,0,40,Private,Never-married,Craft-repair,White,Male,Mexico,dice,1
25.0,5.0,34097.0,0,40,State-gov,Never-married,Craft-repair,White,Male,Mexico,dice,1
25.0,10.0,67532.0,0,40,Private,Never-married,Craft-repair,White,Male,Mexico,dice,1
25.0,5.0,65332.0,0,40,Private,Never-married,Protective-serv,White,Male,Mexico,dice,1
25.0,5.0,26378.0,0,40,Private,Never-married,Craft-repair,White,Male,Mexico,dice,1
25.0,5.0,82668.0,0,40,Private,Divorced,Craft-repair,White,Male,Mexico,dice,1
95.0,5.0,19149.0,0,40,Private,Never-married,Craft-repair,White,Male,Mexico,dice,1
25.0,5.0,94515.0,0,40,Private,Never-married,Craft-repair,White,Male,Mexico,dice,1
87.0,5.0,49337.0,0,40,Private,Never-married,Craft-repair,White,Male,Mexico,dice,1
25.0,5.0,63166.0,0,40,Private,Never-married,Craft-repair,White,Male,Mexico,dice,1
25.0,5.0,23822.0,0,40,Private,Never-married,Craft-repair,White,Male,Mexico,dice,1
25.0,5.0,56054.0,0,40,Private,Never-married,Craft-repair,White,Male,Mexico,dice,1
25.0,5.0,62017.0,0,40,Private,Never-married,Craft-repair,White,Male,Mexico,dice,1
25.0,5.0,43053.0,0,40,Private,Never-married,Craft-repair,White,Male,Mexico,dice,1
25.0,5.0,93728.0,0,40,Private,Never-married,Craft-repair,White,Male,Mexico,dice,1
25.0,5.0,21286.0,0,40,Private,Never-married,Craft-repair,White,Male,Mexico,dice,1
25.0,12.0,84084.0,0,40,Private,Never-married,Craft-repair,White,Male,Mexico,dice,1
25.0,5.0,63710.0,0,40,Private,Never-married,Craft-repair,White,Male,Mexico,dice,1
25.0,5.0,19812.0,0,40,Private,Never-married,Craft-repair,White,Male,Mexico,cadex,1
34.0,6.0,11367.0,78,44,Private,Married-civ-spouse,Exec-managerial,White,Male,Mexico,fimap,1
34.0,6.0,13517.0,589,52,Private,Never-married,Craft-repair,White,Male,Mexico,cadex,1
34.0,6.0,13610.0,0,52,Private,Never-married,Craft-repair,White,Male,Mexico,cadex,1
34.0,7.0,13853.0,0,53,Private,Never-married,Craft-repair,White,Male,Mexico,cadex,1
34.0,6.0,12500.0,83,44,Private,Married-civ-spouse,?,White,Male,Mexico,fimap,0
35.0,7.0,14155.0,0,53,Private,Never-married,Craft-repair,White,Male,Mexico,cadex,1
35.0,5.0,14268.0,0,53,Private,Never-married,Craft-repair,White,Male,Mexico,cadex,1
35.0,6.0,12392.0,83,44,Private,Married-civ-spouse,Prof-specialty,White,Male,Mexico,fimap,1
35.0,8.0,25055.0,206,50,Private,Never-married,Farming-fishing,White,Male,Mexico,fimap,1
35.0,5.0,14802.0,0,54,Private,Never-married,Craft-repair,White,Male,Mexico,cadex,1
35.0,5.0,14838.0,0,40,Private,Never-married,Craft-repair,White,Male,Mexico,cadex,0
38.0,8.0,25293.0,231,50,Private,Divorced,Craft-repair,White,Male,Mexico,fimap,1
38.0,7.0,16300.0,112,46,Private,Divorced,Prof-specialty,White,Male,Mexico,fimap,1
24.0,4.0,18576.0,0,40,Private,Never-married,Craft-repair,White,Male,Mexico,wachter,0
35.0,5.0,14896.0,0,40,Private,Never-married,Craft-repair,White,Male,Mexico,wachter,0
26.0,5.0,18087.0,1,39,Private,Never-married,Craft-repair,White,Male,Mexico,wachter,0
25.0,4.0,18543.0,0,40,Private,Never-married,Craft-repair,White,Male,Mexico,wachter,0
33.0,5.0,15551.0,0,39,Private,Never-married,Craft-repair,White,Male,Mexico,wachter,0
25.0,5.0,18457.0,0,40,Private,Never-married,Craft-repair,White,Male,Mexico,wachter,1
25.0,4.0,18584.0,0,39,Private,Never-married,Craft-repair,White,Male,Mexico,wachter,0
32.0,4.0,16146.0,0,40,Private,Never-married,Craft-repair,White,Male,Mexico,wachter,0
33.0,4.0,15740.0,0,40,Private,Never-married,Craft-repair,White,Male,Mexico,wachter,0
25.0,4.0,18550.0,0,39,Private,Never-married,Craft-repair,White,Male,Mexico,wachter,0
25.0,5.0,20795.0,0,40,Private,Never-married,Craft-repair,White,Male,Mexico,cem,1
25.0,5.0,22746.0,0,40,Self-emp-inc,Never-married,Craft-repair,White,Male,Vietnam,cfproto,1
25.0,5.0,40589.0,0,40,Self-emp-inc,Never-married,Craft-repair,White,Male,Vietnam,cfproto,1
22.0,5.0,17434.0,0,40,Self-emp-inc,Never-married,Craft-repair,White,Male,Vietnam,cfproto,1
25.0,5.0,47583.0,0,40,Self-emp-not-inc,Never-married,Craft-repair,White,Male,Philippines,cfproto,1
25.0,5.0,32235.0,0,40,Self-emp-inc,Never-married,Craft-repair,White,Male,Vietnam,cfproto,1
25.0,5.0,43065.0,0,40,?,Never-married,Protective-serv,White,Male,Outlying-US(Guam-USVI-etc),cfproto,1
22.0,5.0,17434.0,0,40,Self-emp-inc,Never-married,Craft-repair,White,Male,Vietnam,cfproto,1
28.0,4.0,40034.0,0,47,?,Divorced,Adm-clerical,White,Male,Mexico,growing-spheres,1
20.0,8.0,35894.0,776,37,Self-emp-inc,Married-AF-spouse,Other-service,White,Male,Mexico,growing-spheres,1
46.0,5.0,45571.0,0,31,Self-emp-inc,Divorced,?,White,Male,Mexico,growing-spheres,1
38.0,8.0,42990.0,0,60,Local-gov,Married-AF-spouse,Handlers-cleaners,White,Male,Mexico,growing-spheres,1
34.0,7.0,21988.0,0,56,Private,Married-AF-spouse,Machine-op-inspct,White,Male,Mexico,growing-spheres,1
31.0,2.0,51870.0,959,47,Never-worked,Divorced,Craft-repair,White,Male,Mexico,growing-spheres,1
33.0,3.0,44852.0,825,39,?,Divorced,?,White,Male,Mexico,growing-spheres,1
28.0,8.0,34396.0,0,53,Federal-gov,Divorced,Adm-clerical,White,Male,Mexico,growing-spheres,1
30.0,3.0,46995.0,500,44,Private,Married-AF-spouse,Adm-clerical,White,Male,Mexico,growing-spheres,1
28.0,8.0,52241.0,99,37,?,Divorced,Exec-managerial,White,Male,Mexico,growing-spheres,1
38.0,3.0,38090.0,454,29,Private,Divorced,Armed-Forces,White,Male,Mexico,growing-spheres,1
31.0,3.0,44893.0,306,64,?,Married-civ-spouse,Adm-clerical,White,Male,Mexico,growing-spheres,1
17.0,10.0,40952.0,604,43,?,Married-AF-spouse,Craft-repair,White,Male,Mexico,growing-spheres,1
38.0,5.0,51830.0,14,29,Private,Divorced,Machine-op-inspct,White,Male,Mexico,growing-spheres,1
45.0,6.0,28014.0,407,47,Federal-gov,Married-civ-spouse,Other-service,White,Male,Mexico,growing-spheres,1
23.0,10.0,42284.0,0,29,Self-emp-inc,Married-spouse-absent,Handlers-cleaners,White,Male,Mexico,growing-spheres,1
24.0,5.0,25150.0,312,35,?,Married-AF-spouse,Handlers-cleaners,White,Male,Mexico,growing-spheres,1
44.0,6.0,22047.0,164,48,Local-gov,Married-AF-spouse,Craft-repair,White,Male,Mexico,growing-spheres,1
33.0,5.0,56503.0,0,47,Private,Married-AF-spouse,Armed-Forces,White,Male,Mexico,growing-spheres,1
36.0,8.0,27659.0,0,22,Private,Married-AF-spouse,Handlers-cleaners,White,Male,Mexico,growing-spheres,1
37.0,9.0,0.0,0,44,Private,Married-civ-spouse,Craft-repair,White,Male,United-States,face,1
31.0,11.0,4386.0,0,39,Private,Married-civ-spouse,Craft-repair,White,Male,Mexico,face,1
30.0,9.0,5013.0,0,39,Private,Married-civ-spouse,Craft-repair,White,Male,United-States,face,1
36.0,9.0,0.0,0,44,Private,Married-civ-spouse,Craft-repair,White,Male,United-States,face,1
37.0,9.0,0.0,0,44,Private,Married-civ-spouse,Craft-repair,White,Male,United-States,face,1
36.0,7.0,5178.0,0,39,Private,Married-civ-spouse,Craft-repair,White,Male,United-States,face,1
30.0,12.0,4787.0,0,50,Private,Never-married,Craft-repair,White,Male,United-States,face,1
31.0,9.0,14344.0,0,39,Private,Never-married,Craft-repair,White,Male,United-States,face,1
42.0,8.0,0.0,0,39,Private,Married-civ-spouse,Craft-repair,White,Male,United-States,face,1
36.0,9.0,0.0,0,50,Private,Married-civ-spouse,Craft-repair,White,Male,United-States,face,1
