age,education.num,capital.gain,capital.loss,hours.per.week,workclass,marital.status,occupation,race,sex,native.country,explainer,income
48.0,12.0,0.0,0.0,30.0,Private,Widowed,Prof-specialty,White,Female,United-States,dice,0
48.0,2.0,0.0,0.0,48.0,Private,Married-civ-spouse,Prof-specialty,White,Female,United-States,dice,0
48.0,12.0,0.0,0.0,66.0,Never-worked,Married-civ-spouse,Prof-specialty,White,Female,United-States,dice,0
48.0,4.0,0.0,0.0,30.0,Never-worked,Married-civ-spouse,Prof-specialty,White,Female,United-States,dice,0
83.0,12.0,0.0,0.0,30.0,Private,Married-AF-spouse,Prof-specialty,White,Female,United-States,dice,0
48.0,12.0,0.0,0.0,18.0,Private,Divorced,Prof-specialty,White,Female,United-States,dice,0
48.0,3.0,0.0,3074.0,30.0,Private,Married-civ-spouse,Prof-specialty,White,Female,United-States,dice,0
48.0,12.0,0.0,0.0,30.0,Private,Married-civ-spouse,Farming-fishing,White,Female,United-States,dice,0
48.0,8.0,0.0,0.0,34.0,Private,Married-civ-spouse,Prof-specialty,White,Female,United-States,dice,0
22.0,12.0,0.0,0.0,30.0,Private,Married-civ-spouse,Prof-specialty,White,Female,United-States,dice,0
84.0,12.0,0.0,0.0,30.0,Private,Widowed,Prof-specialty,White,Female,United-States,dice,0
48.0,7.0,0.0,0.0,30.0,Private,Married-civ-spouse,Machine-op-inspct,White,Female,United-States,dice,0
48.0,12.0,0.0,0.0,95.0,Without-pay,Married-civ-spouse,Prof-specialty,White,Female,United-States,dice,0
48.0,12.0,2602.0,0.0,30.0,Private,Divorced,Prof-specialty,White,Female,United-States,dice,0
73.0,12.0,0.0,0.0,30.0,Private,Married-civ-spouse,Prof-specialty,White,Female,United-States,dice,0
93.0,12.0,0.0,0.0,30.0,Private,Married-AF-spouse,Prof-specialty,White,Female,United-States,dice,0
48.0,12.0,0.0,0.0,30.0,Private,Separated,Farming-fishing,White,Female,United-States,dice,0
48.0,6.0,0.0,0.0,30.0,Private,Widowed,Prof-specialty,White,Female,United-States,dice,0
48.0,12.0,0.0,0.0,7.0,Private,Separated,Prof-specialty,White,Female,United-States,dice,0
48.0,12.0,0.0,0.0,30.0,Self-emp-inc,Married-civ-spouse,Farming-fishing,White,Female,United-States,dice,0
40.0,10.0,0.0,0.0,24.0,Private,Married-civ-spouse,Craft-repair,White,Female,United-States,fimap,0
40.0,10.0,0.0,0.0,24.0,Private,Married-civ-spouse,Prof-specialty,White,Female,United-States,fimap,0
45.0,11.0,0.0,0.0,27.0,Private,Married-civ-spouse,Protective-serv,White,Female,United-States,fimap,0
47.0,11.0,0.0,0.0,28.0,Private,Married-civ-spouse,Prof-specialty,White,Female,United-States,fimap,1
47.0,11.0,0.0,0.0,28.0,Private,Married-civ-spouse,Craft-repair,White,Female,United-States,fimap,1
47.0,11.0,0.0,0.0,28.0,Private,Never-married,Other-service,White,Female,United-States,fimap,0
48.0,11.0,0.0,0.0,30.0,Private,Married-civ-spouse,Prof-specialty,White,Female,United-States,cadex,0
48.0,11.0,0.0,0.0,30.0,Private,Married-civ-spouse,Prof-specialty,White,Female,United-States,cadex,0
48.0,12.0,0.0,0.0,30.0,Private,Married-civ-spouse,Prof-specialty,White,Female,United-States,cadex,0
48.0,12.0,0.0,0.0,30.0,Private,Married-civ-spouse,Prof-specialty,White,Female,United-States,cadex,0
51.0,11.0,0.0,0.0,25.0,Private,Married-civ-spouse,Prof-specialty,White,Female,United-States,cadex,0
51.0,11.0,0.0,0.0,30.0,Private,Married-civ-spouse,Prof-specialty,White,Female,United-States,cadex,0
47.0,11.0,0.0,0.0,29.0,Private,Married-civ-spouse,Prof-specialty,White,Female,United-States,wachter,1
48.0,11.0,0.0,0.0,28.0,Private,Married-civ-spouse,Prof-specialty,White,Female,United-States,wachter,1
48.0,11.0,0.0,0.0,30.0,Private,Married-civ-spouse,Prof-specialty,White,Female,United-States,wachter,1
48.0,11.0,0.0,0.0,30.0,Private,Married-civ-spouse,Prof-specialty,White,Female,United-States,wachter,1
50.0,10.0,0.0,0.0,23.0,Private,Married-civ-spouse,Prof-specialty,White,Female,United-States,wachter,1
48.0,11.0,0.0,0.0,29.0,Private,Married-civ-spouse,Prof-specialty,White,Female,United-States,wachter,1
49.0,11.0,0.0,0.0,29.0,Private,Married-civ-spouse,Prof-specialty,White,Female,United-States,wachter,1
48.0,11.0,0.0,0.0,30.0,Private,Married-civ-spouse,Prof-specialty,White,Female,United-States,wachter,1
48.0,11.0,0.0,0.0,30.0,Private,Married-civ-spouse,Prof-specialty,White,Female,United-States,wachter,1
48.0,11.0,0.0,0.0,29.0,Private,Married-civ-spouse,Prof-specialty,White,Female,United-States,wachter,1
48.0,12.0,0.0,0.0,30.0,Private,Married-civ-spouse,Prof-specialty,White,Female,United-States,cem,1
48.0,12.0,0.0,0.0,30.0,Private,Married-civ-spouse,Handlers-cleaners,White,Female,Iran,cfproto,0
48.0,12.0,0.0,0.0,30.0,Private,Married-civ-spouse,Prof-specialty,White,Female,Greece,cfproto,0
48.0,11.0,0.0,0.0,30.0,Self-emp-not-inc,Married-civ-spouse,Other-service,White,Female,China,cfproto,0
48.0,12.0,0.0,0.0,30.0,Private,Married-civ-spouse,Handlers-cleaners,White,Female,Iran,cfproto,0
48.0,12.0,0.0,0.0,30.0,Private,Married-civ-spouse,Tech-support,White,Female,Trinadad&Tobago,cfproto,0
48.0,12.0,0.0,0.0,30.0,Private,Married-civ-spouse,Prof-specialty,White,Female,Hungary,cfproto,0
48.0,12.0,0.0,0.0,30.0,Private,Married-civ-spouse,Prof-specialty,White,Female,Hungary,cfproto,0
52.0,11.0,10248.0,0.0,30.0,?,Married-civ-spouse,Armed-Forces,White,Female,United-States,growing-spheres,1
49.0,11.0,0.0,0.0,29.0,Private,Married-civ-spouse,Farming-fishing,White,Female,United-States,growing-spheres,0
47.0,13.0,0.0,525.0,26.0,Never-worked,Never-married,Adm-clerical,White,Female,United-States,growing-spheres,0
49.0,11.0,0.0,21.0,30.0,?,Married-civ-spouse,Farming-fishing,White,Female,United-States,growing-spheres,0
39.0,12.0,0.0,0.0,29.0,Never-worked,Married-AF-spouse,Exec-managerial,White,Female,United-States,growing-spheres,0
47.0,11.0,326.0,46.0,28.0,?,Divorced,?,White,Female,United-States,growing-spheres,0
46.0,11.0,0.0,115.0,28.0,Never-worked,Married-civ-spouse,Adm-clerical,White,Female,United-States,growing-spheres,0
54.0,11.0,7203.0,0.0,34.0,Local-gov,Married-AF-spouse,Armed-Forces,White,Female,United-States,growing-spheres,1
46.0,12.0,0.0,0.0,24.0,?,Married-AF-spouse,Handlers-cleaners,White,Female,United-States,growing-spheres,0
47.0,11.0,0.0,0.0,30.0,?,Married-AF-spouse,?,White,Female,United-States,growing-spheres,0
51.0,12.0,1475.0,230.0,24.0,?,Divorced,?,White,Female,United-States,growing-spheres,0
44.0,12.0,0.0,62.0,32.0,State-gov,Married-civ-spouse,Craft-repair,White,Female,United-States,growing-spheres,1
48.0,11.0,0.0,0.0,27.0,?,Divorced,Armed-Forces,White,Female,United-States,growing-spheres,0
47.0,12.0,779.0,0.0,29.0,Federal-gov,Divorced,Other-service,White,Female,United-States,growing-spheres,0
45.0,12.0,0.0,0.0,33.0,Federal-gov,Divorced,Other-service,White,Female,United-States,growing-spheres,0
48.0,12.0,0.0,42.0,27.0,Private,Divorced,Adm-clerical,White,Female,United-States,growing-spheres,0
42.0,11.0,8558.0,124.0,29.0,Self-emp-not-inc,Married-civ-spouse,?,White,Female,United-States,growing-spheres,1
51.0,12.0,627.0,2.0,35.0,Local-gov,Divorced,Adm-clerical,White,Female,United-States,growing-spheres,0
52.0,10.0,0.0,161.0,34.0,Private,Married-civ-spouse,?,White,Female,United-States,growing-spheres,0
47.0,13.0,5673.0,0.0,31.0,Local-gov,Divorced,Exec-managerial,White,Female,United-States,growing-spheres,1
50.0,9.0,0.0,0.0,15.0,Private,Married-civ-spouse,Prof-specialty,White,Female,United-States,face,0
50.0,12.0,0.0,0.0,39.0,Private,Divorced,Prof-specialty,White,Female,United-States,face,0
90.0,14.0,0.0,0.0,39.0,Private,Married-civ-spouse,Prof-specialty,White,Female,United-States,face,0
46.0,12.0,0.0,0.0,26.0,Private,Widowed,Prof-specialty,White,Female,United-States,face,0
50.0,14.0,0.0,0.0,34.0,Private,Divorced,Prof-specialty,White,Female,United-States,face,0
46.0,4.0,0.0,0.0,44.0,Private,Married-civ-spouse,Prof-specialty,White,Female,United-States,face,0
42.0,13.0,0.0,0.0,39.0,Private,Never-married,Prof-specialty,White,Female,United-States,face,0
42.0,13.0,0.0,0.0,39.0,Private,Separated,Prof-specialty,White,Female,United-States,face,0
24.0,10.0,0.0,0.0,39.0,Private,Married-civ-spouse,Prof-specialty,White,Female,United-States,face,0
49.0,13.0,0.0,0.0,39.0,Private,Never-married,Prof-specialty,White,Female,United-States,face,0
