age,education.num,capital.gain,capital.loss,hours.per.week,workclass,marital.status,occupation,race,sex,native.country,explainer,income
18.0,9.0,92992.0,0.0,35.0,State-gov,Never-married,?,White,Female,United-States,dice,1
18.0,9.0,96669.0,0.0,88.0,?,Never-married,?,White,Female,United-States,dice,1
57.0,9.0,26336.0,0.0,35.0,?,Never-married,?,White,Female,United-States,dice,1
18.0,9.0,57286.0,0.0,35.0,?,Never-married,?,White,Female,United-States,dice,1
18.0,9.0,55302.0,0.0,35.0,Never-worked,Never-married,?,White,Female,United-States,dice,1
59.0,9.0,0.0,0.0,35.0,?,Married-civ-spouse,?,White,Female,United-States,dice,1
94.0,9.0,63139.0,0.0,35.0,?,Never-married,?,White,Female,United-States,dice,1
18.0,9.0,77097.0,0.0,35.0,?,Separated,?,White,Female,United-States,dice,1
18.0,9.0,60515.0,0.0,35.0,?,Never-married,Handlers-cleaners,White,Female,United-States,dice,1
18.0,9.0,47706.0,0.0,35.0,?,Separated,?,White,Female,United-States,dice,1
18.0,9.0,82681.0,0.0,35.0,?,Never-married,?,White,Female,United-States,dice,1
18.0,9.0,41896.0,0.0,35.0,?,Never-married,?,White,Female,United-States,dice,1
18.0,9.0,70633.0,1306.0,35.0,?,Never-married,?,White,Female,United-States,dice,1
18.0,9.0,73158.0,0.0,35.0,?,Never-married,?,White,Female,United-States,dice,1
18.0,9.0,85727.0,0.0,35.0,?,Never-married,?,White,Female,United-States,dice,1
18.0,9.0,62455.0,571.0,35.0,?,Never-married,?,White,Female,United-States,dice,1
18.0,7.0,22585.0,0.0,35.0,?,Never-married,?,White,Female,United-States,dice,1
18.0,9.0,30095.0,0.0,35.0,?,Never-married,?,White,Female,United-States,dice,1
58.0,9.0,66232.0,0.0,35.0,?,Never-married,?,White,Female,United-States,dice,1
18.0,9.0,51086.0,0.0,35.0,?,Never-married,?,White,Female,United-States,dice,1
18.0,9.0,24938.0,0.0,35.0,?,Never-married,?,White,Female,United-States,cadex,1
27.0,10.0,7636.0,54.0,37.0,Private,Divorced,Exec-managerial,White,Female,United-States,fimap,0
27.0,11.0,15716.0,146.0,41.0,Private,Married-civ-spouse,Tech-support,White,Female,United-States,fimap,1
27.0,11.0,15805.0,142.0,41.0,Private,Married-civ-spouse,Tech-support,White,Female,United-States,fimap,1
27.0,10.0,8208.0,60.0,37.0,Private,Married-civ-spouse,Sales,White,Female,United-States,fimap,1
27.0,10.0,8301.0,59.0,38.0,Private,Married-civ-spouse,Exec-managerial,White,Female,United-States,fimap,1
27.0,10.0,10128.0,75.0,38.0,Private,Married-civ-spouse,Transport-moving,White,Female,United-States,fimap,1
28.0,11.0,13894.0,605.0,48.0,?,Never-married,?,White,Female,United-States,cadex,1
28.0,11.0,13903.0,0.0,48.0,?,Never-married,?,White,Female,United-States,cadex,1
28.0,11.0,13953.0,0.0,48.0,?,Never-married,?,White,Female,United-States,cadex,1
30.0,9.0,17255.0,0.0,51.0,?,Never-married,?,White,Female,United-States,cadex,1
31.0,9.0,18384.0,0.0,52.0,?,Never-married,?,White,Female,United-States,cadex,1
31.0,9.0,18705.0,0.0,35.0,?,Never-married,?,White,Female,United-States,cadex,1
32.0,9.0,19924.0,0.0,35.0,?,Never-married,?,White,Female,United-States,cadex,1
59.0,13.0,8613.0,48.0,99.0,Self-emp-not-inc,Married-civ-spouse,Transport-moving,White,Female,United-States,wachter,1
74.0,13.0,27.0,1.0,98.0,Private,Married-civ-spouse,Sales,White,Female,United-States,wachter,1
71.0,14.0,6847.0,245.0,99.0,Self-emp-not-inc,Married-spouse-absent,?,White,Female,United-States,wachter,1
58.0,13.0,8620.0,49.0,99.0,Self-emp-not-inc,Married-civ-spouse,Transport-moving,White,Female,United-States,wachter,1
47.0,15.0,8183.0,0.0,98.0,Self-emp-not-inc,Married-civ-spouse,?,White,Female,United-States,wachter,1
64.0,13.0,6470.0,290.0,98.0,Self-emp-not-inc,Married-civ-spouse,?,White,Female,United-States,wachter,1
60.0,14.0,2454.0,415.0,98.0,State-gov,Married-civ-spouse,Transport-moving,White,Female,United-States,wachter,1
74.0,13.0,0.0,0.0,98.0,Private,Married-civ-spouse,Sales,White,Female,United-States,wachter,1
64.0,13.0,6372.0,337.0,99.0,Self-emp-not-inc,Married-civ-spouse,?,White,Female,United-States,wachter,1
69.0,13.0,5358.0,405.0,99.0,Self-emp-not-inc,Married-civ-spouse,?,White,Female,United-States,wachter,1
18.0,9.0,23332.0,0.0,35.0,?,Never-married,?,White,Female,United-States,cem,1
18.0,9.0,27205.0,0.0,35.0,?,Never-married,?,White,Female,Japan,cfproto,1
31.0,8.0,18803.0,819.0,37.0,?,Never-married,?,White,Female,Vietnam,cfproto,1
24.0,9.0,40705.0,0.0,38.0,?,Never-married,Protective-serv,White,Female,Outlying-US(Guam-USVI-etc),cfproto,1
18.0,9.0,39839.0,0.0,35.0,?,Never-married,?,White,Female,Philippines,cfproto,1
18.0,9.0,29811.0,0.0,35.0,?,Never-married,?,White,Female,Philippines,cfproto,1
18.0,9.0,51653.0,0.0,35.0,?,Never-married,?,White,Female,Vietnam,cfproto,1
22.0,9.0,21372.0,0.0,35.0,?,Never-married,?,White,Female,Taiwan,cfproto,1
22.0,9.0,21372.0,0.0,35.0,?,Never-married,?,White,Female,Taiwan,cfproto,1
17.0,10.0,7538.0,1532.0,8.0,Self-emp-not-inc,Married-AF-spouse,Prof-specialty,White,Female,United-States,growing-spheres,1
17.0,10.0,59037.0,0.0,72.0,Never-worked,Divorced,?,White,Female,United-States,growing-spheres,1
17.0,13.0,29808.0,0.0,58.0,Private,Married-AF-spouse,?,White,Female,United-States,growing-spheres,1
39.0,12.0,27196.0,0.0,33.0,Local-gov,Married-AF-spouse,Adm-clerical,White,Female,United-States,growing-spheres,1
17.0,10.0,12662.0,934.0,42.0,Federal-gov,Married-AF-spouse,Craft-repair,White,Female,United-States,growing-spheres,1
28.0,9.0,32732.0,596.0,10.0,?,Married-civ-spouse,Exec-managerial,White,Female,United-States,growing-spheres,1
17.0,9.0,36807.0,247.0,38.0,?,Married-AF-spouse,Adm-clerical,White,Female,United-States,growing-spheres,1
17.0,9.0,26012.0,754.0,9.0,State-gov,Married-civ-spouse,Sales,White,Female,United-States,growing-spheres,1
17.0,4.0,38211.0,689.0,23.0,Federal-gov,Divorced,?,White,Female,United-States,growing-spheres,1
17.0,4.0,50143.0,429.0,43.0,Local-gov,Widowed,Machine-op-inspct,White,Female,United-States,growing-spheres,1
17.0,13.0,23913.0,83.0,32.0,Self-emp-inc,Married-AF-spouse,?,White,Female,United-States,growing-spheres,1
24.0,10.0,51046.0,646.0,51.0,?,Married-civ-spouse,?,White,Female,United-States,growing-spheres,1
29.0,4.0,30680.0,145.0,66.0,?,Divorced,Armed-Forces,White,Female,United-States,growing-spheres,1
17.0,9.0,47206.0,321.0,1.0,Local-gov,Separated,Adm-clerical,White,Female,United-States,growing-spheres,1
30.0,9.0,19265.0,0.0,23.0,Federal-gov,Married-civ-spouse,Adm-clerical,White,Female,United-States,growing-spheres,1
35.0,10.0,23440.0,0.0,5.0,Self-emp-not-inc,Divorced,Machine-op-inspct,White,Female,United-States,growing-spheres,1
17.0,8.0,36329.0,1039.0,60.0,?,Divorced,Adm-clerical,White,Female,United-States,growing-spheres,1
17.0,10.0,51396.0,0.0,52.0,?,Divorced,?,White,Female,United-States,growing-spheres,1
31.0,11.0,28378.0,0.0,31.0,Federal-gov,Separated,Craft-repair,White,Female,United-States,growing-spheres,1
39.0,10.0,28603.0,379.0,20.0,?,Married-civ-spouse,Armed-Forces,White,Female,United-States,growing-spheres,1
17.0,6.0,34095.0,0.0,31.0,?,Never-married,?,White,Female,United-States,face,1
37.0,11.0,0.0,0.0,39.0,?,Married-civ-spouse,?,Amer-Indian-Eskimo,Female,United-States,face,1
74.0,13.0,25124.0,0.0,15.0,?,Widowed,?,White,Female,United-States,face,1
28.0,10.0,0.0,1887.0,39.0,?,Married-civ-spouse,?,White,Female,United-States,face,1
49.0,9.0,0.0,0.0,59.0,?,Married-civ-spouse,?,White,Female,United-States,face,1
49.0,9.0,0.0,0.0,59.0,?,Married-civ-spouse,?,White,Female,United-States,face,1
42.0,13.0,0.0,0.0,39.0,?,Married-civ-spouse,?,White,Male,United-States,face,1
42.0,14.0,0.0,1887.0,48.0,?,Married-civ-spouse,?,White,Female,United-States,face,1
42.0,14.0,0.0,1887.0,48.0,?,Married-civ-spouse,?,White,Female,United-States,face,1
58.0,10.0,0.0,0.0,35.0,?,Married-civ-spouse,?,White,Female,United-States,face,1
