age,education.num,capital.gain,capital.loss,hours.per.week,workclass,marital.status,occupation,race,sex,native.country,explainer,income
54.0,10,0.0,4007.0,40.0,Private,Never-married,Exec-managerial,White,Male,United-States,dice,1
54.0,10,0.0,3931.0,40.0,Private,Never-married,Sales,White,Male,United-States,dice,1
54.0,10,0.0,3377.0,40.0,Private,Never-married,Exec-managerial,White,Male,United-States,dice,1
54.0,10,35356.0,0.0,40.0,Private,Never-married,Exec-managerial,White,Male,United-States,dice,1
54.0,10,58320.0,0.0,40.0,Private,Never-married,Exec-managerial,White,Male,United-States,dice,1
54.0,10,0.0,4009.0,62.0,Private,Never-married,Exec-managerial,White,Male,United-States,dice,1
54.0,10,0.0,0.0,95.0,Private,Divorced,Exec-managerial,White,Male,United-States,dice,1
54.0,10,0.0,2846.0,40.0,Private,Never-married,Exec-managerial,White,Male,United-States,dice,1
54.0,10,0.0,2519.0,40.0,Private,Married-spouse-absent,Exec-managerial,White,Male,United-States,dice,1
54.0,10,0.0,2363.0,40.0,Private,Never-married,Exec-managerial,White,Male,United-States,dice,1
54.0,10,0.0,4208.0,40.0,Private,Never-married,Exec-managerial,White,Male,United-States,dice,1
29.0,10,95259.0,0.0,40.0,Private,Never-married,Exec-managerial,White,Male,United-States,dice,1
54.0,10,61022.0,0.0,40.0,Private,Never-married,Exec-managerial,White,Male,United-States,dice,1
54.0,10,95886.0,0.0,40.0,Private,Never-married,Exec-managerial,White,Male,United-States,dice,1
54.0,10,0.0,3121.0,40.0,Private,Never-married,Exec-managerial,White,Male,United-States,dice,1
54.0,10,72966.0,0.0,40.0,Private,Never-married,Priv-house-serv,White,Male,United-States,dice,1
54.0,10,0.0,0.0,44.0,Private,Married-civ-spouse,Exec-managerial,White,Male,United-States,dice,1
54.0,10,0.0,2568.0,40.0,Private,Never-married,Exec-managerial,White,Male,United-States,dice,1
54.0,10,55252.0,0.0,55.0,Private,Never-married,Exec-managerial,White,Male,United-States,dice,1
54.0,10,51940.0,0.0,40.0,Private,Never-married,Prof-specialty,White,Male,United-States,dice,1
52.0,10,4467.0,34.0,41.0,Private,Married-civ-spouse,Tech-support,White,Male,United-States,fimap,1
52.0,10,3724.0,25.0,41.0,Private,Married-civ-spouse,Transport-moving,White,Male,United-States,fimap,1
52.0,10,4368.0,30.0,41.0,Private,Never-married,Sales,White,Male,United-States,fimap,1
53.0,10,5334.0,43.0,42.0,Private,Married-civ-spouse,Protective-serv,White,Male,United-States,fimap,1
54.0,10,4999.0,0.0,40.0,Private,Never-married,Exec-managerial,White,Male,United-States,cadex,1
54.0,10,4999.0,0.0,44.0,Private,Never-married,Exec-managerial,White,Male,United-States,cadex,1
54.0,10,4999.0,0.0,44.0,Private,Never-married,Exec-managerial,White,Male,United-States,cadex,1
54.0,10,4999.0,217.0,44.0,Private,Never-married,Exec-managerial,White,Male,United-States,cadex,1
55.0,10,6611.0,56.0,42.0,Private,Never-married,Handlers-cleaners,White,Male,United-States,fimap,0
55.0,10,6871.0,57.0,42.0,Private,Never-married,Adm-clerical,White,Male,United-States,fimap,1
57.0,10,4999.0,217.0,44.0,Private,Never-married,Exec-managerial,White,Male,United-States,cadex,1
53.0,9,2635.0,0.0,39.0,Private,Never-married,Exec-managerial,White,Male,United-States,wachter,0
53.0,10,167.0,6.0,54.0,Private,Never-married,Exec-managerial,White,Male,United-States,wachter,0
54.0,9,2590.0,0.0,40.0,Private,Never-married,Exec-managerial,White,Male,United-States,wachter,0
54.0,9,0.0,0.0,58.0,Private,Never-married,Exec-managerial,White,Male,United-States,wachter,0
53.0,9,2626.0,0.0,40.0,Private,Never-married,Exec-managerial,White,Male,United-States,wachter,0
54.0,9,2064.0,0.0,43.0,Private,Never-married,Exec-managerial,White,Male,United-States,wachter,0
52.0,10,729.0,0.0,51.0,Private,Never-married,Exec-managerial,White,Male,United-States,wachter,0
53.0,9,1700.0,0.0,46.0,Private,Never-married,Exec-managerial,White,Male,United-States,wachter,0
53.0,10,1122.0,0.0,49.0,Private,Never-married,Exec-managerial,White,Male,United-States,wachter,1
53.0,10,2562.0,0.0,40.0,Private,Never-married,Exec-managerial,White,Male,United-States,wachter,1
54.0,10,4463.0,0.0,40.0,Private,Never-married,Exec-managerial,White,Male,United-States,cem,1
54.0,10,31038.0,0.0,40.0,Local-gov,Never-married,Exec-managerial,White,Male,Greece,cfproto,1
54.0,10,44752.0,0.0,40.0,State-gov,Never-married,Exec-managerial,White,Male,Canada,cfproto,1
54.0,10,38372.0,0.0,40.0,Self-emp-not-inc,Never-married,Exec-managerial,White,Male,Iran,cfproto,1
54.0,10,6609.0,0.0,40.0,Private,Never-married,Exec-managerial,White,Male,United-States,cfproto,1
54.0,10,5872.0,0.0,40.0,Private,Never-married,Craft-repair,White,Male,United-States,cfproto,1
54.0,10,0.0,0.0,40.0,Federal-gov,Never-married,Transport-moving,White,Male,France,cfproto,1
54.0,10,22987.0,0.0,40.0,Private,Never-married,Exec-managerial,White,Male,Greece,cfproto,1
54.0,10,38048.0,0.0,40.0,Without-pay,Never-married,Protective-serv,White,Male,Outlying-US(Guam-USVI-etc),cfproto,1
54.0,10,0.0,0.0,40.0,Federal-gov,Never-married,Transport-moving,White,Male,France,cfproto,1
55.0,12,25758.0,626.0,28.0,?,Divorced,Craft-repair,White,Male,United-States,growing-spheres,1
58.0,10,11271.0,0.0,49.0,Private,Married-AF-spouse,Craft-repair,White,Male,United-States,growing-spheres,1
61.0,8,33800.0,371.0,39.0,Local-gov,Divorced,?,White,Male,United-States,growing-spheres,1
51.0,10,41677.0,295.0,56.0,Federal-gov,Divorced,Adm-clerical,White,Male,United-States,growing-spheres,1
61.0,8,21298.0,235.0,40.0,Local-gov,Divorced,?,White,Male,United-States,growing-spheres,1
56.0,14,19364.0,0.0,50.0,Private,Married-civ-spouse,?,White,Male,United-States,growing-spheres,1
43.0,11,18925.0,567.0,37.0,Local-gov,Divorced,Craft-repair,White,Male,United-States,growing-spheres,1
52.0,9,26308.0,385.0,38.0,Federal-gov,Divorced,Adm-clerical,White,Male,United-States,growing-spheres,1
58.0,9,34564.0,228.0,54.0,Local-gov,Divorced,?,White,Male,United-States,growing-spheres,1
57.0,9,16630.0,394.0,48.0,State-gov,Divorced,Adm-clerical,White,Male,United-States,growing-spheres,1
34.0,8,19616.0,0.0,42.0,Private,Married-civ-spouse,Craft-repair,White,Male,United-States,growing-spheres,1
43.0,10,13111.0,0.0,44.0,Federal-gov,Divorced,Exec-managerial,White,Male,United-States,growing-spheres,1
67.0,9,18993.0,820.0,32.0,Private,Divorced,Tech-support,White,Male,United-States,growing-spheres,1
64.0,13,24772.0,0.0,37.0,Self-emp-inc,Married-civ-spouse,?,White,Male,United-States,growing-spheres,1
51.0,11,16638.0,0.0,45.0,Self-emp-inc,Married-AF-spouse,?,White,Male,United-States,growing-spheres,1
49.0,7,35180.0,0.0,41.0,Federal-gov,Married-AF-spouse,Craft-repair,White,Male,United-States,growing-spheres,1
50.0,11,36194.0,0.0,44.0,Local-gov,Married-AF-spouse,?,White,Male,United-States,growing-spheres,1
47.0,9,20186.0,0.0,29.0,?,Divorced,Adm-clerical,White,Male,United-States,growing-spheres,1
44.0,13,32427.0,985.0,49.0,Federal-gov,Divorced,Armed-Forces,White,Male,United-States,growing-spheres,1
70.0,8,17556.0,577.0,47.0,Federal-gov,Divorced,Craft-repair,White,Male,United-States,growing-spheres,1
54.0,10,0.0,0.0,39.0,Private,Married-AF-spouse,Exec-managerial,White,Male,United-States,actionable-recourse,1
38.0,13,2202.0,0.0,44.0,Private,Never-married,Exec-managerial,White,Male,United-States,face,1
42.0,14,0.0,0.0,44.0,Private,Never-married,Exec-managerial,White,Male,United-States,face,1
49.0,13,0.0,0.0,44.0,Private,Never-married,Exec-managerial,White,Male,United-States,face,1
31.0,13,14083.0,0.0,50.0,Private,Never-married,Exec-managerial,White,Male,United-States,face,1
36.0,13,0.0,0.0,54.0,Private,Never-married,Exec-managerial,White,Male,United-States,face,1
50.0,13,0.0,0.0,39.0,Private,Never-married,Exec-managerial,White,Male,United-States,face,1
39.0,14,0.0,0.0,50.0,Private,Never-married,Exec-managerial,White,Male,United-States,face,1
48.0,14,0.0,0.0,39.0,Private,Never-married,Exec-managerial,White,Male,United-States,face,1
32.0,13,13549.0,0.0,48.0,Private,Never-married,Exec-managerial,White,Male,United-States,face,1
42.0,14,0.0,0.0,44.0,Private,Never-married,Exec-managerial,White,Male,United-States,face,1
