age,education.num,capital.gain,capital.loss,hours.per.week,workclass,marital.status,occupation,race,sex,native.country,explainer,income
65.0,10.0,0,893.0,35.0,Self-emp-inc,Separated,Sales,White,Male,United-States,dice,0
65.0,1.0,0,0.0,35.0,Self-emp-inc,Married-civ-spouse,Sales,White,Male,United-States,dice,0
65.0,10.0,0,0.0,35.0,Self-emp-inc,Never-married,Sales,White,Male,United-States,dice,0
65.0,10.0,0,0.0,1.0,Self-emp-not-inc,Married-civ-spouse,Sales,White,Male,United-States,dice,0
65.0,10.0,0,0.0,35.0,Without-pay,Married-AF-spouse,Sales,White,Male,United-States,dice,0
65.0,3.0,0,0.0,35.0,Self-emp-inc,Separated,Sales,White,Male,United-States,dice,0
65.0,10.0,0,0.0,98.0,Self-emp-inc,Separated,Sales,White,Male,United-States,dice,0
65.0,10.0,0,3689.0,35.0,Self-emp-inc,Separated,Sales,White,Male,United-States,dice,0
65.0,8.0,0,0.0,35.0,Self-emp-inc,Married-civ-spouse,Handlers-cleaners,White,Male,United-States,dice,0
65.0,10.0,0,0.0,43.0,Self-emp-inc,Divorced,Sales,White,Male,United-States,dice,0
65.0,2.0,0,0.0,35.0,Without-pay,Married-civ-spouse,Sales,White,Male,United-States,dice,0
65.0,6.0,0,0.0,17.0,Self-emp-inc,Married-civ-spouse,Sales,White,Male,United-States,dice,0
65.0,4.0,0,0.0,35.0,Self-emp-inc,Married-civ-spouse,Adm-clerical,White,Male,United-States,dice,0
65.0,10.0,0,0.0,35.0,Without-pay,Married-civ-spouse,Exec-managerial,White,Male,United-States,dice,0
65.0,10.0,0,1815.0,35.0,Self-emp-inc,Divorced,Sales,White,Male,United-States,dice,0
26.0,10.0,0,0.0,10.0,Self-emp-inc,Married-civ-spouse,Sales,White,Male,United-States,dice,0
65.0,10.0,0,3972.0,35.0,Without-pay,Married-civ-spouse,Sales,White,Male,United-States,dice,0
65.0,4.0,0,0.0,35.0,Self-emp-inc,Married-civ-spouse,Sales,White,Male,United-States,dice,0
65.0,4.0,0,0.0,35.0,Self-emp-inc,Married-AF-spouse,Sales,White,Male,United-States,dice,0
65.0,2.0,0,0.0,35.0,Self-emp-inc,Married-civ-spouse,Sales,White,Male,United-States,dice,0
62.0,9.0,0,0.0,31.0,Private,Married-civ-spouse,Tech-support,White,Male,United-States,fimap,1
62.0,9.0,0,0.0,31.0,Private,Married-civ-spouse,Transport-moving,White,Male,United-States,fimap,0
63.0,9.0,0,0.0,34.0,Private,Married-civ-spouse,Craft-repair,White,Male,United-States,fimap,0
63.0,9.0,0,0.0,34.0,Private,Married-civ-spouse,Farming-fishing,White,Male,United-States,fimap,0
64.0,9.0,0,0.0,34.0,Private,Married-civ-spouse,Machine-op-inspct,White,Male,United-States,fimap,0
64.0,9.0,0,0.0,34.0,Private,Divorced,?,White,Male,United-States,fimap,0
65.0,9.0,0,0.0,35.0,Self-emp-inc,Married-civ-spouse,Sales,White,Male,United-States,cadex,0
65.0,10.0,0,0.0,35.0,Self-emp-inc,Married-civ-spouse,Sales,White,Male,United-States,cadex,0
65.0,10.0,0,0.0,35.0,Self-emp-inc,Married-civ-spouse,Sales,White,Male,United-States,cadex,0
68.0,9.0,0,0.0,30.0,Self-emp-inc,Married-civ-spouse,Sales,White,Male,United-States,cadex,0
68.0,9.0,0,0.0,35.0,Self-emp-inc,Married-civ-spouse,Sales,White,Male,United-States,cadex,0
68.0,9.0,0,0.0,35.0,Self-emp-inc,Married-civ-spouse,Sales,White,Male,United-States,cadex,0
64.0,9.0,0,0.0,31.0,Self-emp-inc,Married-civ-spouse,Sales,White,Male,United-States,wachter,1
64.0,9.0,0,0.0,34.0,Self-emp-inc,Married-civ-spouse,Sales,White,Male,United-States,wachter,1
65.0,9.0,0,0.0,35.0,Self-emp-inc,Married-civ-spouse,Sales,White,Male,United-States,wachter,1
66.0,9.0,0,0.0,34.0,Self-emp-inc,Married-civ-spouse,Sales,White,Male,United-States,wachter,1
66.0,9.0,0,0.0,34.0,Self-emp-inc,Married-civ-spouse,Sales,White,Male,United-States,wachter,1
65.0,9.0,0,0.0,34.0,Self-emp-inc,Married-civ-spouse,Sales,White,Male,United-States,wachter,1
66.0,9.0,0,0.0,33.0,Self-emp-inc,Married-civ-spouse,Sales,White,Male,United-States,wachter,1
65.0,9.0,0,0.0,34.0,Self-emp-inc,Married-civ-spouse,Sales,White,Male,United-States,wachter,1
65.0,9.0,0,0.0,33.0,Self-emp-inc,Married-civ-spouse,Sales,White,Male,United-States,wachter,1
65.0,9.0,0,0.0,34.0,Self-emp-inc,Married-civ-spouse,Sales,White,Male,United-States,wachter,1
65.0,9.0,0,0.0,33.0,Self-emp-inc,Married-civ-spouse,Sales,White,Male,United-States,cem,1
65.0,10.0,0,0.0,35.0,Self-emp-inc,Married-civ-spouse,Sales,White,Male,Germany,cfproto,0
65.0,10.0,0,0.0,35.0,Self-emp-inc,Married-civ-spouse,Sales,White,Male,Germany,cfproto,0
65.0,10.0,0,0.0,35.0,Self-emp-inc,Married-civ-spouse,Sales,White,Male,Germany,cfproto,0
65.0,10.0,0,0.0,35.0,Self-emp-inc,Married-civ-spouse,Sales,White,Male,Vietnam,cfproto,0
65.0,10.0,0,0.0,35.0,Self-emp-inc,Married-civ-spouse,Sales,White,Male,Germany,cfproto,0
65.0,10.0,0,0.0,35.0,Self-emp-inc,Married-civ-spouse,Sales,White,Male,Germany,cfproto,0
65.0,10.0,0,0.0,35.0,Self-emp-inc,Married-civ-spouse,Sales,White,Male,Germany,cfproto,0
65.0,10.0,0,0.0,35.0,Self-emp-inc,Married-civ-spouse,Sales,White,Male,Germany,cfproto,0
65.0,10.0,0,0.0,35.0,Self-emp-inc,Married-civ-spouse,Sales,White,Male,Germany,cfproto,0
65.0,10.0,0,0.0,35.0,Self-emp-inc,Married-civ-spouse,Sales,White,Male,Germany,cfproto,0
66.0,10.0,1014,0.0,36.0,State-gov,Married-civ-spouse,Adm-clerical,White,Male,United-States,growing-spheres,1
65.0,9.0,1160,53.0,26.0,Self-emp-inc,Married-civ-spouse,Adm-clerical,White,Male,United-States,growing-spheres,1
63.0,9.0,2498,32.0,35.0,Never-worked,Divorced,Armed-Forces,White,Male,United-States,growing-spheres,0
71.0,10.0,8308,0.0,28.0,Federal-gov,Divorced,Armed-Forces,White,Male,United-States,growing-spheres,0
66.0,10.0,744,0.0,32.0,Federal-gov,Married-civ-spouse,Protective-serv,White,Male,United-States,growing-spheres,1
65.0,10.0,1241,80.0,34.0,?,Never-married,?,White,Male,United-States,growing-spheres,0
68.0,10.0,2695,0.0,44.0,Federal-gov,Married-civ-spouse,Exec-managerial,White,Male,United-States,growing-spheres,1
65.0,10.0,0,0.0,34.0,Federal-gov,Married-civ-spouse,Handlers-cleaners,White,Male,United-States,growing-spheres,0
64.0,9.0,0,216.0,36.0,Self-emp-inc,Married-spouse-absent,Adm-clerical,White,Male,United-States,growing-spheres,0
65.0,10.0,0,0.0,33.0,Local-gov,Divorced,Adm-clerical,White,Male,United-States,growing-spheres,0
64.0,9.0,0,0.0,35.0,?,Married-AF-spouse,Adm-clerical,White,Male,United-States,growing-spheres,0
65.0,9.0,0,90.0,38.0,Federal-gov,Divorced,Adm-clerical,White,Male,United-States,growing-spheres,0
65.0,9.0,0,44.0,34.0,Federal-gov,Married-AF-spouse,Adm-clerical,White,Male,United-States,growing-spheres,0
66.0,10.0,0,132.0,35.0,Self-emp-inc,Married-AF-spouse,?,White,Male,United-States,growing-spheres,0
58.0,9.0,0,32.0,34.0,Local-gov,Married-civ-spouse,Craft-repair,White,Male,United-States,growing-spheres,0
64.0,9.0,0,0.0,35.0,Local-gov,Married-civ-spouse,Protective-serv,White,Male,United-States,growing-spheres,0
65.0,9.0,1217,2.0,26.0,Private,Married-civ-spouse,Machine-op-inspct,White,Male,United-States,growing-spheres,0
64.0,10.0,0,8.0,35.0,Self-emp-inc,Divorced,Exec-managerial,White,Male,United-States,growing-spheres,0
63.0,10.0,615,15.0,34.0,Federal-gov,Divorced,Handlers-cleaners,White,Male,United-States,growing-spheres,0
66.0,10.0,865,0.0,36.0,Self-emp-inc,Divorced,Exec-managerial,White,Male,United-States,growing-spheres,0
65.0,10.0,0,0.0,34.0,Self-emp-inc,Married-civ-spouse,Armed-Forces,White,Male,United-States,actionable-recourse,0
62.0,9.0,0,0.0,34.0,Private,Married-civ-spouse,Sales,White,Male,United-States,face,0
63.0,9.0,0,0.0,34.0,Self-emp-not-inc,Married-civ-spouse,Sales,White,Male,United-States,face,0
66.0,10.0,0,0.0,24.0,Private,Married-civ-spouse,Sales,White,Male,United-States,face,0
70.0,9.0,0,0.0,39.0,Private,Married-civ-spouse,Sales,White,Male,United-States,face,0
58.0,10.0,0,0.0,39.0,Self-emp-not-inc,Married-civ-spouse,Sales,White,Male,United-States,face,0
62.0,10.0,0,0.0,29.0,Private,Married-civ-spouse,Sales,White,Male,United-States,face,0
66.0,10.0,0,0.0,27.0,Private,Married-civ-spouse,Sales,White,Male,United-States,face,0
66.0,6.0,0,0.0,29.0,Self-emp-inc,Married-civ-spouse,Sales,White,Male,United-States,face,0
74.0,10.0,0,0.0,19.0,Private,Married-civ-spouse,Sales,White,Male,United-States,face,0
76.0,9.0,1424,0.0,24.0,Private,Married-civ-spouse,Sales,White,Male,United-States,face,0
