age,education.num,capital.gain,capital.loss,hours.per.week,workclass,marital.status,occupation,race,sex,native.country,explainer,income
47.0,1.0,0,0.0,40.0,Self-emp-inc,Married-civ-spouse,Sales,White,Male,United-States,dice,0
98.0,14.0,0,0.0,40.0,Private,Married-civ-spouse,Sales,White,Male,United-States,dice,0
47.0,14.0,0,0.0,40.0,Local-gov,Never-married,Sales,White,Male,United-States,dice,0
47.0,6.0,0,0.0,40.0,Private,Married-civ-spouse,Sales,White,Male,United-States,dice,0
47.0,11.0,0,0.0,40.0,Private,Married-spouse-absent,Sales,White,Male,United-States,dice,0
47.0,12.0,0,0.0,40.0,Private,Never-married,Sales,White,Male,United-States,dice,0
47.0,5.0,0,0.0,40.0,Local-gov,Married-civ-spouse,Sales,White,Male,United-States,dice,0
47.0,2.0,0,710.0,40.0,Private,Married-civ-spouse,Sales,White,Male,United-States,dice,0
47.0,14.0,0,0.0,19.0,Private,Never-married,Sales,White,Male,United-States,dice,0
67.0,2.0,0,0.0,40.0,Private,Married-civ-spouse,Sales,White,Male,United-States,dice,0
88.0,14.0,0,0.0,40.0,Private,Divorced,Sales,White,Male,United-States,dice,0
47.0,4.0,0,1858.0,40.0,Private,Married-civ-spouse,Sales,White,Male,United-States,dice,0
47.0,2.0,0,0.0,40.0,Private,Widowed,Sales,White,Male,United-States,dice,0
47.0,14.0,0,0.0,89.0,Private,Married-civ-spouse,Priv-house-serv,White,Male,United-States,dice,0
47.0,4.0,0,0.0,40.0,State-gov,Married-civ-spouse,Sales,White,Male,United-States,dice,0
47.0,14.0,0,0.0,40.0,Never-worked,Married-civ-spouse,Transport-moving,White,Male,United-States,dice,0
47.0,4.0,0,0.0,40.0,Private,Married-civ-spouse,Craft-repair,White,Male,United-States,dice,0
47.0,14.0,0,3406.0,40.0,Without-pay,Married-civ-spouse,Sales,White,Male,United-States,dice,0
47.0,14.0,0,0.0,1.0,Private,Widowed,Sales,White,Male,United-States,dice,0
91.0,14.0,0,0.0,40.0,Never-worked,Married-civ-spouse,Sales,White,Male,United-States,dice,0
38.0,12.0,0,0.0,34.0,Private,Married-civ-spouse,Sales,White,Male,United-States,fimap,0
39.0,12.0,0,0.0,34.0,Private,Divorced,Other-service,White,Male,United-States,fimap,0
42.0,13.0,0,0.0,37.0,Private,Married-civ-spouse,Exec-managerial,White,Male,United-States,fimap,1
45.0,13.0,0,0.0,37.0,Private,Married-civ-spouse,?,White,Male,United-States,fimap,0
45.0,13.0,0,0.0,37.0,Private,Married-civ-spouse,Other-service,White,Male,United-States,fimap,0
45.0,13.0,0,0.0,37.0,Private,Married-civ-spouse,Handlers-cleaners,White,Male,United-States,fimap,0
47.0,12.0,0,0.0,40.0,Private,Married-civ-spouse,Sales,White,Male,United-States,cadex,0
47.0,12.0,0,0.0,40.0,Private,Married-civ-spouse,Sales,White,Male,United-States,cadex,0
47.0,12.0,0,0.0,40.0,Private,Married-civ-spouse,Sales,White,Male,United-States,cadex,0
47.0,12.0,0,0.0,40.0,Private,Married-civ-spouse,Sales,White,Male,United-States,cadex,0
47.0,12.0,0,0.0,30.0,Private,Married-civ-spouse,Sales,White,Male,United-States,cadex,0
47.0,12.0,0,0.0,30.0,Private,Married-civ-spouse,Sales,White,Male,United-States,cadex,0
47.0,14.0,0,0.0,40.0,Private,Married-civ-spouse,Sales,White,Male,United-States,cadex,0
53.0,12.0,0,0.0,30.0,Private,Married-civ-spouse,Sales,White,Male,United-States,cadex,0
47.0,9.0,0,0.0,30.0,Private,Married-civ-spouse,Sales,White,Male,United-States,wachter,1
46.0,10.0,0,0.0,34.0,Private,Married-civ-spouse,Sales,White,Male,United-States,wachter,1
47.0,9.0,0,0.0,32.0,Private,Married-civ-spouse,Sales,White,Male,United-States,wachter,1
47.0,11.0,0,0.0,39.0,Private,Married-civ-spouse,Sales,White,Male,United-States,wachter,1
65.0,10.0,0,0.0,34.0,Private,Married-civ-spouse,Sales,White,Male,United-States,wachter,1
46.0,10.0,0,0.0,39.0,Private,Married-civ-spouse,Sales,White,Male,United-States,wachter,1
46.0,10.0,0,0.0,31.0,Private,Married-civ-spouse,Sales,White,Male,United-States,wachter,1
53.0,9.0,0,0.0,36.0,Private,Married-civ-spouse,Sales,White,Male,United-States,wachter,1
47.0,9.0,0,0.0,27.0,Private,Married-civ-spouse,Sales,White,Male,United-States,wachter,1
46.0,13.0,0,0.0,25.0,Private,Married-civ-spouse,Sales,White,Male,United-States,wachter,1
47.0,14.0,0,0.0,27.0,Private,Married-civ-spouse,Sales,White,Male,United-States,cem,1
47.0,14.0,0,0.0,40.0,Without-pay,Married-civ-spouse,Sales,White,Male,United-States,cfproto,0
47.0,14.0,0,0.0,40.0,Without-pay,Married-civ-spouse,Farming-fishing,White,Male,Hong,cfproto,0
47.0,14.0,0,0.0,40.0,Without-pay,Married-civ-spouse,Farming-fishing,White,Male,India,cfproto,0
47.0,14.0,0,0.0,40.0,Without-pay,Married-civ-spouse,Sales,White,Male,United-States,cfproto,0
46.0,13.0,0,0.0,39.0,Local-gov,Married-civ-spouse,Priv-house-serv,White,Male,Laos,cfproto,0
47.0,14.0,0,0.0,40.0,Without-pay,Married-civ-spouse,Exec-managerial,White,Male,Dominican-Republic,cfproto,0
47.0,14.0,0,0.0,40.0,Without-pay,Married-civ-spouse,Sales,White,Male,United-States,cfproto,0
47.0,13.0,945,0.0,39.0,Never-worked,Married-AF-spouse,Craft-repair,White,Male,United-States,growing-spheres,0
43.0,14.0,0,67.0,40.0,Private,Divorced,?,White,Male,United-States,growing-spheres,0
47.0,14.0,0,3.0,40.0,Local-gov,Married-civ-spouse,Armed-Forces,White,Male,United-States,growing-spheres,0
44.0,13.0,12903,0.0,30.0,Private,Married-civ-spouse,Armed-Forces,White,Male,United-States,growing-spheres,1
46.0,13.0,0,33.0,40.0,?,Married-civ-spouse,Adm-clerical,White,Male,United-States,growing-spheres,1
44.0,15.0,2800,0.0,47.0,?,Divorced,Craft-repair,White,Male,United-States,growing-spheres,1
47.0,12.0,2847,0.0,35.0,?,Divorced,Handlers-cleaners,White,Male,United-States,growing-spheres,0
44.0,14.0,0,77.0,44.0,Local-gov,Married-civ-spouse,Armed-Forces,White,Male,United-States,growing-spheres,0
48.0,14.0,0,21.0,39.0,Federal-gov,Divorced,Armed-Forces,White,Male,United-States,growing-spheres,0
55.0,12.0,0,0.0,36.0,Local-gov,Married-civ-spouse,Armed-Forces,White,Male,United-States,growing-spheres,0
44.0,14.0,6072,0.0,29.0,?,Married-civ-spouse,?,White,Male,United-States,growing-spheres,1
46.0,14.0,1317,0.0,41.0,Federal-gov,Married-AF-spouse,Exec-managerial,White,Male,United-States,growing-spheres,1
47.0,14.0,0,3.0,40.0,Without-pay,Married-civ-spouse,Exec-managerial,White,Male,United-States,growing-spheres,0
46.0,14.0,126,0.0,38.0,?,Married-civ-spouse,Adm-clerical,White,Male,United-States,growing-spheres,1
46.0,13.0,0,0.0,39.0,?,Widowed,Handlers-cleaners,White,Male,United-States,growing-spheres,0
44.0,14.0,7001,10.0,53.0,?,Married-civ-spouse,Exec-managerial,White,Male,United-States,growing-spheres,1
39.0,14.0,6421,0.0,40.0,Federal-gov,Married-AF-spouse,Adm-clerical,White,Male,United-States,growing-spheres,1
47.0,14.0,743,0.0,40.0,Local-gov,Divorced,Protective-serv,White,Male,United-States,growing-spheres,1
46.0,13.0,0,26.0,40.0,Private,Never-married,Craft-repair,White,Male,United-States,growing-spheres,0
49.0,14.0,2601,0.0,46.0,?,Married-civ-spouse,Sales,White,Male,United-States,growing-spheres,1
24.0,13.0,0,0.0,39.0,Private,Married-civ-spouse,Sales,White,Male,United-States,face,0
34.0,10.0,0,0.0,25.0,Private,Married-civ-spouse,Sales,White,Male,United-States,face,0
25.0,10.0,0,0.0,43.0,Private,Married-civ-spouse,Sales,White,Male,United-States,face,0
57.0,9.0,0,0.0,29.0,Private,Married-civ-spouse,Sales,White,Male,United-States,face,0
34.0,10.0,0,0.0,25.0,Private,Married-civ-spouse,Sales,White,Male,United-States,face,0
28.0,12.0,0,0.0,29.0,Private,Married-civ-spouse,Sales,White,Male,United-States,face,0
27.0,11.0,0,0.0,34.0,Private,Married-civ-spouse,Sales,White,Male,United-States,face,0
62.0,9.0,0,0.0,15.0,Private,Married-civ-spouse,Sales,White,Male,United-States,face,0
28.0,10.0,0,0.0,39.0,Private,Married-civ-spouse,Sales,White,Male,United-States,face,0
58.0,10.0,0,0.0,12.0,Private,Married-civ-spouse,Sales,White,Male,United-States,face,0
