age,education.num,capital.gain,capital.loss,hours.per.week,workclass,marital.status,occupation,race,sex,native.country,explainer,income
76.0,9,29797.0,0,20.0,Private,Never-married,Sales,Black,Female,United-States,dice,1
19.0,9,62284.0,0,20.0,Private,Never-married,Sales,Black,Female,United-States,dice,1
19.0,9,60356.0,0,20.0,Private,Never-married,Sales,Black,Female,United-States,dice,1
19.0,9,38877.0,0,20.0,Local-gov,Never-married,Sales,Black,Female,United-States,dice,1
98.0,9,70458.0,0,20.0,Private,Never-married,Sales,Black,Female,United-States,dice,1
19.0,9,59876.0,0,20.0,Local-gov,Never-married,Sales,Black,Female,United-States,dice,1
19.0,9,31743.0,0,20.0,Private,Married-spouse-absent,Sales,Black,Female,United-States,dice,1
19.0,9,74367.0,0,20.0,State-gov,Never-married,Sales,Black,Female,United-States,dice,1
19.0,9,61839.0,0,20.0,Private,Never-married,Craft-repair,Black,Female,United-States,dice,1
19.0,9,45424.0,0,20.0,Private,Never-married,Sales,Black,Female,United-States,dice,1
19.0,9,93092.0,0,74.0,Private,Never-married,Sales,Black,Female,United-States,dice,1
19.0,9,24158.0,0,20.0,Private,Never-married,Sales,Black,Female,United-States,dice,1
19.0,9,78957.0,0,20.0,Private,Married-civ-spouse,Sales,Black,Female,United-States,dice,1
19.0,9,60322.0,0,20.0,Private,Never-married,Sales,Black,Female,United-States,dice,1
19.0,9,53210.0,0,20.0,Private,Never-married,Sales,Black,Female,United-States,dice,1
19.0,9,27107.0,0,20.0,Private,Never-married,Sales,Black,Female,United-States,dice,1
19.0,9,47477.0,0,20.0,Private,Never-married,Sales,Black,Female,United-States,dice,1
19.0,9,25406.0,0,20.0,Private,Never-married,Sales,Black,Female,United-States,dice,1
19.0,9,38481.0,0,20.0,Private,Never-married,Sales,Black,Female,United-States,dice,1
19.0,9,45793.0,0,20.0,Private,Never-married,Sales,Black,Female,United-States,dice,1
19.0,9,20019.0,0,20.0,Private,Never-married,Sales,Black,Female,United-States,cadex,1
28.0,11,13786.0,593,33.0,Private,Never-married,Sales,Black,Female,United-States,cadex,1
29.0,11,13825.0,0,33.0,Private,Never-married,Sales,Black,Female,United-States,cadex,1
29.0,11,13920.0,0,33.0,Private,Never-married,Sales,Black,Female,United-States,cadex,1
29.0,10,8839.0,63,23.0,Private,Never-married,Machine-op-inspct,Black,Female,United-States,fimap,0
29.0,9,13961.0,0,33.0,Private,Never-married,Sales,Black,Female,United-States,cadex,1
29.0,9,14290.0,0,33.0,Private,Never-married,Sales,Black,Female,United-States,cadex,1
29.0,10,9371.0,68,23.0,Private,Never-married,Craft-repair,Black,Female,United-States,fimap,0
29.0,10,9278.0,70,23.0,Private,Divorced,Adm-clerical,Black,Female,United-States,fimap,0
30.0,11,19206.0,178,27.0,Private,Married-civ-spouse,Machine-op-inspct,Black,Female,United-States,fimap,1
30.0,10,11518.0,88,24.0,Private,Married-civ-spouse,Prof-specialty,Black,Female,United-States,fimap,1
30.0,11,19348.0,186,28.0,Private,Married-civ-spouse,Adm-clerical,Black,Female,United-States,fimap,1
32.0,9,18366.0,0,20.0,Private,Never-married,Sales,Black,Female,United-States,cadex,1
33.0,9,19782.0,0,20.0,Private,Never-married,Sales,Black,Female,United-States,cadex,1
19.0,9,20921.0,0,20.0,Private,Never-married,Sales,Black,Female,United-States,cem,1
19.0,9,28291.0,0,19.0,Self-emp-inc,Never-married,Sales,Black,Female,Taiwan,cfproto,1
18.0,9,50628.0,0,20.0,Local-gov,Never-married,Sales,Black,Female,United-States,cfproto,1
26.0,9,50648.0,25,24.0,?,Never-married,Protective-serv,Black,Female,Outlying-US(Guam-USVI-etc),cfproto,1
19.0,9,57278.0,0,20.0,Private,Never-married,Sales,Black,Female,El-Salvador,cfproto,1
19.0,9,28034.0,0,25.0,Self-emp-not-inc,Never-married,Sales,Black,Female,Iran,cfproto,1
19.0,9,35809.0,0,20.0,State-gov,Never-married,Sales,Black,Female,Haiti,cfproto,1
18.0,9,43412.0,0,20.0,Local-gov,Never-married,Sales,Black,Female,Ireland,cfproto,1
19.0,9,28034.0,0,25.0,Self-emp-not-inc,Never-married,Sales,Black,Female,Iran,cfproto,1
21.0,7,47280.0,73,41.0,Local-gov,Divorced,Craft-repair,Black,Female,United-States,growing-spheres,1
17.0,6,31310.0,0,4.0,Federal-gov,Married-AF-spouse,Handlers-cleaners,Black,Female,United-States,growing-spheres,1
25.0,8,53086.0,362,21.0,?,Married-AF-spouse,Craft-repair,Black,Female,United-States,growing-spheres,1
30.0,7,13534.0,449,69.0,State-gov,Married-AF-spouse,Craft-repair,Black,Female,United-States,growing-spheres,1
41.0,13,44757.0,0,1.0,Federal-gov,Married-civ-spouse,?,Black,Female,United-States,growing-spheres,1
38.0,9,43160.0,516,27.0,Local-gov,Married-AF-spouse,?,Black,Female,United-States,growing-spheres,1
42.0,8,18580.0,262,61.0,Private,Married-AF-spouse,Adm-clerical,Black,Female,United-States,growing-spheres,1
17.0,9,53728.0,0,10.0,?,Divorced,Adm-clerical,Black,Female,United-States,growing-spheres,1
17.0,10,17119.0,326,22.0,?,Married-AF-spouse,Adm-clerical,Black,Female,United-States,growing-spheres,1
23.0,10,51505.0,0,32.0,?,Divorced,Exec-managerial,Black,Female,United-States,growing-spheres,1
27.0,9,55923.0,0,7.0,Private,Divorced,Adm-clerical,Black,Female,United-States,growing-spheres,1
17.0,10,55184.0,404,21.0,?,Divorced,Armed-Forces,Black,Female,United-States,growing-spheres,1
28.0,13,28367.0,1249,11.0,Federal-gov,Divorced,Craft-repair,Black,Female,United-States,growing-spheres,1
21.0,12,42167.0,513,13.0,Local-gov,Divorced,Adm-clerical,Black,Female,United-States,growing-spheres,1
33.0,10,33924.0,138,13.0,Local-gov,Married-AF-spouse,?,Black,Female,United-States,growing-spheres,1
33.0,11,39279.0,0,40.0,?,Married-AF-spouse,Craft-repair,Black,Female,United-States,growing-spheres,1
17.0,11,21645.0,0,42.0,Federal-gov,Divorced,Adm-clerical,Black,Female,United-States,growing-spheres,1
20.0,9,51359.0,0,14.0,Never-worked,Divorced,Armed-Forces,Black,Female,United-States,growing-spheres,1
17.0,6,45717.0,0,10.0,Federal-gov,Married-AF-spouse,?,Black,Female,United-States,growing-spheres,1
17.0,12,42935.0,0,12.0,Local-gov,Married-civ-spouse,Adm-clerical,Black,Female,United-States,growing-spheres,1
29.0,13,13549.0,0,34.0,Private,Never-married,Sales,White,Female,United-States,face,1
33.0,9,0.0,0,44.0,Private,Married-civ-spouse,Sales,White,Female,United-States,face,0
50.0,13,0.0,1564,43.0,Private,Never-married,Sales,White,Female,United-States,face,1
28.0,13,15024.0,0,44.0,Private,Married-civ-spouse,Sales,Black,Female,United-States,face,1
40.0,10,0.0,0,39.0,Private,Married-civ-spouse,Sales,White,Female,United-States,face,1
37.0,9,14083.0,0,34.0,Private,Never-married,Tech-support,White,Female,United-States,face,1
32.0,15,13549.0,0,50.0,Private,Never-married,Sales,White,Female,United-States,face,1
32.0,15,13549.0,0,50.0,Private,Never-married,Sales,White,Female,United-States,face,1
38.0,9,0.0,0,39.0,Private,Married-civ-spouse,Sales,Black,Male,United-States,face,1
29.0,13,13549.0,0,34.0,Private,Never-married,Sales,White,Female,United-States,face,1
