age,education.num,capital.gain,capital.loss,hours.per.week,workclass,marital.status,occupation,race,sex,native.country,explainer,income
20.0,12.0,0,0.0,55.0,Private,Married-civ-spouse,Other-service,White,Male,United-States,dice,0
31.0,12.0,0,0.0,67.0,Without-pay,Married-civ-spouse,Exec-managerial,White,Male,United-States,dice,0
31.0,9.0,0,0.0,55.0,Private,Separated,Exec-managerial,White,Male,United-States,dice,0
31.0,12.0,0,0.0,55.0,Without-pay,Married-civ-spouse,?,White,Male,United-States,dice,0
31.0,12.0,0,0.0,55.0,Private,Never-married,?,White,Male,United-States,dice,0
31.0,12.0,0,0.0,12.0,Private,Married-civ-spouse,Exec-managerial,White,Male,United-States,dice,0
31.0,5.0,0,69.0,55.0,Private,Married-civ-spouse,Exec-managerial,White,Male,United-States,dice,0
31.0,2.0,0,0.0,55.0,Self-emp-inc,Married-civ-spouse,Exec-managerial,White,Male,United-States,dice,0
31.0,1.0,0,0.0,55.0,Private,Married-AF-spouse,Exec-managerial,White,Male,United-States,dice,0
31.0,12.0,0,0.0,8.0,Private,Widowed,Exec-managerial,White,Male,United-States,dice,0
99.0,12.0,0,0.0,55.0,Private,Separated,Exec-managerial,White,Male,United-States,dice,0
31.0,12.0,0,0.0,2.0,Private,Married-civ-spouse,Exec-managerial,White,Male,United-States,dice,0
31.0,1.0,0,0.0,22.0,Private,Married-civ-spouse,Exec-managerial,White,Male,United-States,dice,0
31.0,3.0,0,0.0,74.0,Private,Married-civ-spouse,Exec-managerial,White,Male,United-States,dice,0
19.0,12.0,0,0.0,55.0,Private,Married-civ-spouse,Exec-managerial,White,Male,United-States,dice,0
31.0,12.0,0,278.0,55.0,Private,Never-married,Exec-managerial,White,Male,United-States,dice,0
99.0,12.0,0,0.0,55.0,Private,Married-civ-spouse,Priv-house-serv,White,Male,United-States,dice,0
20.0,12.0,0,0.0,55.0,Private,Married-civ-spouse,Exec-managerial,White,Male,United-States,dice,0
31.0,12.0,0,0.0,43.0,Never-worked,Married-civ-spouse,Exec-managerial,White,Male,United-States,dice,0
31.0,12.0,0,0.0,8.0,Private,Married-civ-spouse,Exec-managerial,White,Male,United-States,dice,0
23.0,10.0,0,0.0,49.0,Private,Married-civ-spouse,Tech-support,White,Male,United-States,fimap,0
23.0,10.0,0,0.0,49.0,Private,Married-civ-spouse,Farming-fishing,White,Male,United-States,fimap,0
27.0,11.0,0,0.0,50.0,Private,Married-civ-spouse,Exec-managerial,White,Male,United-States,cadex,0
27.0,11.0,0,0.0,54.0,Private,Married-civ-spouse,Exec-managerial,White,Male,United-States,cadex,0
27.0,11.0,0,0.0,54.0,Private,Married-civ-spouse,Exec-managerial,White,Male,United-States,cadex,0
27.0,12.0,0,0.0,54.0,Private,Married-civ-spouse,Exec-managerial,White,Male,United-States,cadex,0
28.0,11.0,0,0.0,52.0,Private,Married-civ-spouse,?,White,Male,United-States,fimap,0
29.0,11.0,0,0.0,53.0,Private,Divorced,Protective-serv,White,Male,United-States,fimap,0
29.0,11.0,0,0.0,53.0,Private,Never-married,Exec-managerial,White,Male,United-States,fimap,0
30.0,11.0,0,0.0,53.0,Private,Married-civ-spouse,Craft-repair,White,Male,United-States,fimap,0
31.0,12.0,0,0.0,54.0,Private,Married-civ-spouse,Exec-managerial,White,Male,United-States,cadex,0
20.0,11.0,0,0.0,54.0,Private,Married-civ-spouse,Exec-managerial,White,Male,United-States,wachter,0
20.0,11.0,0,0.0,55.0,Private,Married-civ-spouse,Exec-managerial,White,Male,United-States,wachter,0
20.0,11.0,0,0.0,55.0,Private,Married-civ-spouse,Exec-managerial,White,Male,United-States,wachter,0
20.0,11.0,0,0.0,54.0,Private,Married-civ-spouse,Exec-managerial,White,Male,United-States,wachter,0
20.0,12.0,0,0.0,54.0,Private,Married-civ-spouse,Exec-managerial,White,Male,United-States,wachter,0
20.0,11.0,0,0.0,54.0,Private,Married-civ-spouse,Exec-managerial,White,Male,United-States,wachter,0
20.0,11.0,0,0.0,54.0,Private,Married-civ-spouse,Exec-managerial,White,Male,United-States,wachter,0
20.0,11.0,0,0.0,55.0,Private,Married-civ-spouse,Exec-managerial,White,Male,United-States,wachter,0
20.0,11.0,0,0.0,54.0,Private,Married-civ-spouse,Exec-managerial,White,Male,United-States,wachter,0
20.0,11.0,0,0.0,54.0,Private,Married-civ-spouse,Exec-managerial,White,Male,United-States,wachter,0
20.0,12.0,0,0.0,54.0,Private,Married-civ-spouse,Exec-managerial,White,Male,United-States,cem,0
31.0,12.0,0,0.0,54.0,Private,Married-civ-spouse,Other-service,White,Male,Trinadad&Tobago,cfproto,0
31.0,12.0,0,0.0,54.0,Without-pay,Married-civ-spouse,Other-service,White,Male,Italy,cfproto,0
31.0,12.0,0,0.0,54.0,Private,Married-civ-spouse,Adm-clerical,White,Male,Greece,cfproto,0
30.0,11.0,0,0.0,54.0,State-gov,Married-civ-spouse,Other-service,White,Male,Japan,cfproto,0
31.0,12.0,0,0.0,54.0,Without-pay,Married-civ-spouse,Handlers-cleaners,White,Male,Italy,cfproto,0
31.0,12.0,0,0.0,54.0,Without-pay,Married-civ-spouse,Handlers-cleaners,White,Male,Italy,cfproto,0
30.0,11.0,1483,37.0,54.0,Federal-gov,Married-civ-spouse,?,White,Male,United-States,growing-spheres,1
30.0,12.0,3629,31.0,54.0,?,Married-AF-spouse,Transport-moving,White,Male,United-States,growing-spheres,1
29.0,11.0,0,0.0,55.0,?,Divorced,Exec-managerial,White,Male,United-States,growing-spheres,0
33.0,12.0,1173,0.0,57.0,Federal-gov,Married-civ-spouse,Protective-serv,White,Male,United-States,growing-spheres,1
29.0,12.0,1938,0.0,55.0,?,Married-civ-spouse,Protective-serv,White,Male,United-States,growing-spheres,1
30.0,11.0,927,30.0,54.0,Federal-gov,Married-civ-spouse,Adm-clerical,White,Male,United-States,growing-spheres,1
31.0,12.0,8577,433.0,56.0,?,Married-civ-spouse,Exec-managerial,White,Male,United-States,growing-spheres,1
34.0,10.0,8841,84.0,60.0,State-gov,Divorced,Exec-managerial,White,Male,United-States,growing-spheres,1
33.0,13.0,1191,350.0,62.0,Self-emp-not-inc,Married-civ-spouse,?,White,Male,United-States,growing-spheres,1
33.0,12.0,1302,0.0,49.0,Local-gov,Married-AF-spouse,?,White,Male,United-States,growing-spheres,0
31.0,11.0,0,0.0,54.0,Local-gov,Married-AF-spouse,Craft-repair,White,Male,United-States,growing-spheres,0
32.0,12.0,0,51.0,62.0,?,Married-civ-spouse,Armed-Forces,White,Male,United-States,growing-spheres,0
39.0,11.0,4949,0.0,46.0,Federal-gov,Divorced,Exec-managerial,White,Male,United-States,growing-spheres,1
29.0,11.0,0,0.0,67.0,Private,Married-AF-spouse,Craft-repair,White,Male,United-States,growing-spheres,1
36.0,10.0,0,0.0,58.0,Private,Married-civ-spouse,Adm-clerical,White,Male,United-States,growing-spheres,1
31.0,11.0,4461,0.0,50.0,Local-gov,Married-AF-spouse,?,White,Male,United-States,growing-spheres,1
32.0,12.0,2475,107.0,55.0,Private,Married-civ-spouse,Adm-clerical,White,Male,United-States,growing-spheres,1
30.0,9.0,0,0.0,48.0,Never-worked,Divorced,Exec-managerial,White,Male,United-States,growing-spheres,0
31.0,12.0,118,30.0,52.0,Federal-gov,Married-civ-spouse,Adm-clerical,White,Male,United-States,growing-spheres,1
31.0,11.0,4291,51.0,53.0,Private,Divorced,Exec-managerial,White,Male,United-States,growing-spheres,1
30.0,9.0,0,0.0,50.0,Private,Married-civ-spouse,Exec-managerial,White,Male,United-States,face,0
28.0,7.0,0,0.0,50.0,Private,Married-civ-spouse,Exec-managerial,White,Male,United-States,face,0
30.0,9.0,0,0.0,50.0,Private,Married-civ-spouse,Exec-managerial,White,Male,United-States,face,0
28.0,7.0,0,0.0,50.0,Private,Married-civ-spouse,Exec-managerial,White,Male,United-States,face,0
28.0,7.0,0,0.0,50.0,Private,Married-civ-spouse,Exec-managerial,White,Male,United-States,face,0
24.0,9.0,0,0.0,50.0,Private,Married-civ-spouse,Exec-managerial,White,Male,United-States,face,0
41.0,4.0,0,0.0,59.0,Private,Married-civ-spouse,Exec-managerial,White,Male,United-States,face,0
28.0,10.0,0,0.0,39.0,Private,Married-civ-spouse,Exec-managerial,White,Male,United-States,face,0
22.0,10.0,0,0.0,44.0,Private,Married-civ-spouse,Exec-managerial,White,Male,United-States,face,0
23.0,9.0,0,0.0,53.0,Private,Married-civ-spouse,Exec-managerial,White,Male,United-States,face,0
