age,education.num,capital.gain,capital.loss,hours.per.week,workclass,marital.status,occupation,race,sex,native.country,explainer,income
59.0,9.0,0,0.0,50.0,Self-emp-not-inc,Married-civ-spouse,Machine-op-inspct,White,Male,United-States,dice,0
69.0,9.0,0,0.0,50.0,Self-emp-not-inc,Married-civ-spouse,Exec-managerial,White,Male,United-States,dice,0
93.0,9.0,0,850.0,50.0,Self-emp-not-inc,Married-civ-spouse,Exec-managerial,White,Male,United-States,dice,0
59.0,3.0,0,0.0,50.0,Self-emp-not-inc,Married-civ-spouse,Priv-house-serv,White,Male,United-States,dice,0
59.0,9.0,0,0.0,69.0,Self-emp-not-inc,Married-civ-spouse,Other-service,White,Male,United-States,dice,0
59.0,7.0,0,0.0,50.0,Self-emp-not-inc,Married-civ-spouse,Exec-managerial,White,Male,United-States,dice,0
43.0,9.0,0,0.0,50.0,Self-emp-not-inc,Never-married,Exec-managerial,White,Male,United-States,dice,0
59.0,9.0,0,0.0,50.0,Self-emp-not-inc,Married-AF-spouse,Armed-Forces,White,Male,United-States,dice,0
28.0,9.0,0,0.0,50.0,Self-emp-not-inc,Married-civ-spouse,Exec-managerial,White,Male,United-States,dice,0
85.0,9.0,0,0.0,50.0,Self-emp-not-inc,Married-civ-spouse,Exec-managerial,White,Male,United-States,dice,0
59.0,9.0,0,0.0,77.0,Without-pay,Married-civ-spouse,Exec-managerial,White,Male,United-States,dice,0
26.0,9.0,0,0.0,7.0,Self-emp-not-inc,Married-civ-spouse,Exec-managerial,White,Male,United-States,dice,0
59.0,9.0,0,0.0,50.0,Never-worked,Widowed,Exec-managerial,White,Male,United-States,dice,0
59.0,9.0,0,0.0,50.0,Never-worked,Separated,Exec-managerial,White,Male,United-States,dice,0
59.0,4.0,0,0.0,50.0,Self-emp-not-inc,Separated,Exec-managerial,White,Male,United-States,dice,0
74.0,9.0,0,0.0,50.0,Self-emp-not-inc,Married-civ-spouse,Exec-managerial,White,Male,United-States,dice,0
94.0,9.0,0,0.0,50.0,Self-emp-not-inc,Married-civ-spouse,Exec-managerial,White,Male,United-States,dice,0
98.0,9.0,0,0.0,50.0,Self-emp-not-inc,Married-civ-spouse,Exec-managerial,White,Male,United-States,dice,0
59.0,9.0,0,0.0,50.0,Self-emp-not-inc,Never-married,Other-service,White,Male,United-States,dice,0
39.0,9.0,0,0.0,50.0,Self-emp-not-inc,Separated,Exec-managerial,White,Male,United-States,dice,0
57.0,8.0,0,0.0,48.0,Private,Never-married,Farming-fishing,White,Male,United-States,fimap,0
57.0,8.0,0,5.0,49.0,Private,Married-civ-spouse,Craft-repair,White,Male,United-States,fimap,1
58.0,8.0,0,0.0,49.0,Private,Married-civ-spouse,Protective-serv,White,Male,United-States,fimap,0
58.0,8.0,0,0.0,49.0,Private,Married-civ-spouse,Tech-support,White,Male,United-States,fimap,1
58.0,8.0,0,0.0,47.0,Private,Married-civ-spouse,Prof-specialty,White,Male,United-States,fimap,1
59.0,8.0,0,0.0,45.0,Self-emp-not-inc,Married-civ-spouse,Exec-managerial,White,Male,United-States,cadex,0
59.0,8.0,0,0.0,50.0,Self-emp-not-inc,Married-civ-spouse,Exec-managerial,White,Male,United-States,cadex,0
59.0,9.0,0,0.0,50.0,Self-emp-not-inc,Married-civ-spouse,Exec-managerial,White,Male,United-States,cadex,0
59.0,9.0,0,0.0,50.0,Self-emp-not-inc,Married-civ-spouse,Exec-managerial,White,Male,United-States,cadex,0
59.0,8.0,0,0.0,47.0,Private,Divorced,Prof-specialty,White,Male,United-States,fimap,0
62.0,8.0,0,0.0,45.0,Self-emp-not-inc,Married-civ-spouse,Exec-managerial,White,Male,United-States,cadex,0
59.0,8.0,0,0.0,49.0,Self-emp-not-inc,Married-civ-spouse,Exec-managerial,White,Male,United-States,wachter,1
58.0,8.0,0,0.0,49.0,Self-emp-not-inc,Married-civ-spouse,Exec-managerial,White,Male,United-States,wachter,1
59.0,8.0,0,0.0,49.0,Self-emp-not-inc,Married-civ-spouse,Exec-managerial,White,Male,United-States,wachter,1
59.0,8.0,0,0.0,49.0,Self-emp-not-inc,Married-civ-spouse,Exec-managerial,White,Male,United-States,wachter,1
59.0,8.0,0,0.0,50.0,Self-emp-not-inc,Married-civ-spouse,Exec-managerial,White,Male,United-States,wachter,1
59.0,9.0,0,0.0,49.0,Self-emp-not-inc,Married-civ-spouse,Exec-managerial,White,Male,United-States,wachter,1
38.0,9.0,0,0.0,78.0,Self-emp-not-inc,Married-civ-spouse,Exec-managerial,White,Male,United-States,wachter,1
59.0,9.0,0,0.0,49.0,Self-emp-not-inc,Married-civ-spouse,Exec-managerial,White,Male,United-States,wachter,1
58.0,9.0,0,0.0,49.0,Self-emp-not-inc,Married-civ-spouse,Exec-managerial,White,Male,United-States,wachter,1
59.0,8.0,0,0.0,49.0,Self-emp-not-inc,Married-civ-spouse,Exec-managerial,White,Male,United-States,wachter,1
59.0,7.0,0,0.0,50.0,Self-emp-not-inc,Married-civ-spouse,Exec-managerial,White,Male,United-States,cem,0
59.0,8.0,0,0.0,50.0,Self-emp-inc,Married-spouse-absent,Other-service,White,Male,Haiti,cfproto,0
59.0,9.0,0,0.0,50.0,Self-emp-not-inc,Married-civ-spouse,Other-service,White,Male,Ireland,cfproto,0
59.0,9.0,0,0.0,50.0,Self-emp-not-inc,Married-civ-spouse,Machine-op-inspct,White,Male,Hungary,cfproto,0
59.0,9.0,0,0.0,50.0,Self-emp-not-inc,Married-civ-spouse,Sales,White,Male,Poland,cfproto,0
59.0,9.0,0,0.0,50.0,Self-emp-not-inc,Married-civ-spouse,Sales,White,Male,Poland,cfproto,0
58.0,8.0,1060,14.0,51.0,Federal-gov,Married-spouse-absent,?,White,Male,United-States,growing-spheres,0
56.0,9.0,0,211.0,49.0,Federal-gov,Married-civ-spouse,Armed-Forces,White,Male,United-States,growing-spheres,0
60.0,8.0,0,0.0,52.0,Local-gov,Divorced,Craft-repair,White,Male,United-States,growing-spheres,0
62.0,10.0,0,282.0,53.0,Self-emp-not-inc,Married-civ-spouse,Adm-clerical,White,Male,United-States,growing-spheres,0
58.0,9.0,0,0.0,49.0,Never-worked,Married-civ-spouse,Armed-Forces,White,Male,United-States,growing-spheres,0
57.0,8.0,434,0.0,48.0,Self-emp-not-inc,Married-civ-spouse,Exec-managerial,White,Male,United-States,growing-spheres,0
60.0,8.0,179,0.0,50.0,?,Divorced,Armed-Forces,White,Male,United-States,growing-spheres,0
55.0,9.0,0,76.0,49.0,Local-gov,Married-civ-spouse,?,White,Male,United-States,growing-spheres,0
55.0,8.0,0,0.0,44.0,Self-emp-not-inc,Married-AF-spouse,?,White,Male,United-States,growing-spheres,0
60.0,9.0,0,53.0,47.0,Private,Married-spouse-absent,Exec-managerial,White,Male,United-States,growing-spheres,0
60.0,9.0,0,116.0,55.0,Self-emp-inc,Separated,Exec-managerial,White,Male,United-States,growing-spheres,0
64.0,8.0,0,0.0,62.0,Private,Divorced,Exec-managerial,White,Male,United-States,growing-spheres,0
58.0,9.0,0,3.0,49.0,?,Never-married,Craft-repair,White,Male,United-States,growing-spheres,0
59.0,8.0,3135,33.0,48.0,Federal-gov,Married-AF-spouse,Armed-Forces,White,Male,United-States,growing-spheres,1
65.0,8.0,0,0.0,45.0,Self-emp-not-inc,Married-AF-spouse,Armed-Forces,White,Male,United-States,growing-spheres,0
58.0,8.0,1040,232.0,52.0,Federal-gov,Married-AF-spouse,?,White,Male,United-States,growing-spheres,1
59.0,8.0,0,0.0,49.0,?,Married-civ-spouse,Exec-managerial,White,Male,United-States,growing-spheres,1
64.0,9.0,6163,57.0,40.0,Self-emp-inc,Married-civ-spouse,?,White,Male,United-States,growing-spheres,1
52.0,7.0,0,5.0,53.0,Self-emp-not-inc,Married-civ-spouse,?,White,Male,United-States,growing-spheres,0
57.0,9.0,0,248.0,43.0,State-gov,Married-civ-spouse,Exec-managerial,White,Male,United-States,growing-spheres,0
58.0,9.0,0,0.0,50.0,Self-emp-not-inc,Married-civ-spouse,Exec-managerial,White,Male,United-States,actionable-recourse,1
37.0,9.0,0,0.0,39.0,Self-emp-not-inc,Married-civ-spouse,Exec-managerial,White,Male,United-States,face,0
48.0,10.0,0,0.0,29.0,Self-emp-not-inc,Married-civ-spouse,Exec-managerial,White,Male,United-States,face,0
33.0,10.0,0,0.0,44.0,Self-emp-not-inc,Married-civ-spouse,Exec-managerial,White,Male,United-States,face,0
41.0,9.0,0,0.0,50.0,Self-emp-not-inc,Married-civ-spouse,Exec-managerial,White,Male,United-States,face,0
70.0,10.0,0,0.0,34.0,Self-emp-not-inc,Married-civ-spouse,Exec-managerial,White,Male,United-States,face,0
50.0,9.0,0,0.0,31.0,Self-emp-not-inc,Married-civ-spouse,Exec-managerial,White,Male,United-States,face,0
41.0,9.0,0,0.0,50.0,Self-emp-not-inc,Married-civ-spouse,Exec-managerial,White,Male,United-States,face,0
35.0,9.0,0,0.0,59.0,Self-emp-not-inc,Married-civ-spouse,Exec-managerial,White,Male,United-States,face,0
50.0,9.0,0,0.0,29.0,Self-emp-not-inc,Married-civ-spouse,Exec-managerial,White,Male,United-States,face,0
61.0,9.0,0,0.0,39.0,Self-emp-not-inc,Married-civ-spouse,Exec-managerial,White,Male,United-States,face,0
