age,education.num,capital.gain,capital.loss,hours.per.week,workclass,marital.status,occupation,race,sex,native.country,explainer,income
46.0,12.0,7688.0,0.0,40.0,Without-pay,Married-civ-spouse,Craft-repair,White,Male,United-States,dice,0
23.0,10.0,7688.0,0.0,17.0,Private,Married-civ-spouse,Craft-repair,White,Male,United-States,dice,0
46.0,5.0,7688.0,0.0,40.0,Private,Married-civ-spouse,Other-service,White,Male,United-States,dice,0
46.0,10.0,7688.0,0.0,40.0,Private,Married-civ-spouse,Priv-house-serv,White,Male,United-States,dice,0
95.0,2.0,7688.0,0.0,40.0,Private,Married-civ-spouse,Craft-repair,White,Male,United-States,dice,0
95.0,3.0,7688.0,0.0,40.0,Private,Married-civ-spouse,Craft-repair,White,Male,United-States,dice,0
89.0,10.0,7688.0,0.0,40.0,Private,Never-married,Craft-repair,White,Male,United-States,dice,0
46.0,10.0,7688.0,3815.0,40.0,Without-pay,Married-civ-spouse,Craft-repair,White,Male,United-States,dice,0
78.0,10.0,7688.0,0.0,40.0,Never-worked,Married-civ-spouse,Craft-repair,White,Male,United-States,dice,0
46.0,10.0,7688.0,0.0,40.0,Never-worked,Never-married,Craft-repair,White,Male,United-States,dice,0
46.0,10.0,7688.0,0.0,46.0,Without-pay,Married-civ-spouse,Craft-repair,White,Male,United-States,dice,0
46.0,10.0,7688.0,2088.0,40.0,Without-pay,Married-civ-spouse,Craft-repair,White,Male,United-States,dice,0
46.0,4.0,7688.0,0.0,40.0,Private,Never-married,Craft-repair,White,Male,United-States,dice,0
46.0,10.0,7688.0,0.0,40.0,Without-pay,Married-civ-spouse,Farming-fishing,White,Male,United-States,dice,0
46.0,10.0,7688.0,0.0,40.0,Private,Married-spouse-absent,Priv-house-serv,White,Male,United-States,dice,0
46.0,10.0,7688.0,3722.0,40.0,Without-pay,Married-civ-spouse,Craft-repair,White,Male,United-States,dice,0
24.0,10.0,7688.0,0.0,40.0,Private,Married-civ-spouse,Priv-house-serv,White,Male,United-States,dice,0
46.0,10.0,7688.0,265.0,40.0,Private,Married-civ-spouse,Priv-house-serv,White,Male,United-States,dice,0
46.0,10.0,7688.0,0.0,40.0,Local-gov,Married-civ-spouse,Priv-house-serv,White,Male,United-States,dice,0
93.0,10.0,3701.0,0.0,40.0,Private,Married-civ-spouse,Craft-repair,White,Male,United-States,dice,0
35.0,7.0,0.0,0.0,33.0,Private,Never-married,Farming-fishing,White,Male,United-States,fimap,0
35.0,7.0,0.0,0.0,33.0,Private,Married-civ-spouse,Prof-specialty,White,Male,United-States,fimap,0
38.0,8.0,0.0,0.0,36.0,Private,Divorced,Tech-support,White,Male,United-States,fimap,0
38.0,8.0,0.0,0.0,30.0,Private,Married-civ-spouse,Craft-repair,White,Male,United-States,cadex,0
43.0,9.0,1675.0,0.0,37.0,Private,Married-civ-spouse,Adm-clerical,White,Male,United-States,fimap,1
43.0,8.0,1271.0,0.0,37.0,Private,Never-married,Transport-moving,White,Male,United-States,fimap,0
43.0,9.0,1479.0,0.0,37.0,Private,Married-civ-spouse,Handlers-cleaners,White,Male,United-States,fimap,0
46.0,8.0,0.0,0.0,40.0,Private,Married-civ-spouse,Craft-repair,White,Male,United-States,cadex,0
46.0,8.0,0.0,0.0,40.0,Private,Married-civ-spouse,Craft-repair,White,Male,United-States,cadex,0
46.0,8.0,0.0,0.0,30.0,Private,Married-civ-spouse,Craft-repair,White,Male,United-States,cadex,0
46.0,10.0,0.0,0.0,40.0,Private,Married-civ-spouse,Craft-repair,White,Male,United-States,cadex,0
46.0,10.0,0.0,0.0,40.0,Private,Married-civ-spouse,Craft-repair,White,Male,United-States,cadex,0
46.0,10.0,0.0,0.0,40.0,Private,Married-civ-spouse,Craft-repair,White,Male,United-States,cadex,0
46.0,10.0,0.0,0.0,40.0,Private,Married-civ-spouse,Craft-repair,White,Male,United-States,cadex,0
52.0,9.0,0.0,0.0,31.0,Private,Married-civ-spouse,Craft-repair,White,Male,United-States,wachter,1
66.0,9.0,0.0,0.0,51.0,Private,Married-civ-spouse,Craft-repair,White,Male,United-States,wachter,1
45.0,9.0,0.0,0.0,31.0,Private,Married-civ-spouse,Craft-repair,White,Male,United-States,wachter,0
45.0,10.0,0.0,0.0,39.0,Private,Married-civ-spouse,Craft-repair,White,Male,United-States,wachter,1
45.0,9.0,0.0,0.0,34.0,Private,Married-civ-spouse,Craft-repair,White,Male,United-States,wachter,1
46.0,9.0,0.0,0.0,33.0,Private,Married-civ-spouse,Craft-repair,White,Male,United-States,wachter,1
45.0,10.0,0.0,0.0,31.0,Private,Married-civ-spouse,Craft-repair,White,Male,United-States,wachter,1
45.0,9.0,0.0,0.0,34.0,Private,Married-civ-spouse,Craft-repair,White,Male,United-States,wachter,1
64.0,9.0,0.0,0.0,35.0,Private,Married-civ-spouse,Craft-repair,White,Male,United-States,wachter,0
45.0,10.0,0.0,0.0,39.0,Private,Married-civ-spouse,Craft-repair,White,Male,United-States,wachter,1
46.0,9.0,7687.0,0.0,13.0,Private,Married-civ-spouse,Craft-repair,White,Male,United-States,cem,1
45.0,9.0,0.0,0.0,39.0,Self-emp-not-inc,Married-spouse-absent,Priv-house-serv,White,Male,Laos,cfproto,0
46.0,10.0,2115.0,0.0,40.0,Private,Married-civ-spouse,Handlers-cleaners,White,Male,Vietnam,cfproto,0
46.0,10.0,7687.0,0.0,40.0,Private,Married-civ-spouse,Machine-op-inspct,White,Male,Dominican-Republic,cfproto,0
46.0,10.0,1259.0,0.0,40.0,Private,Married-civ-spouse,Adm-clerical,White,Male,Greece,cfproto,0
46.0,10.0,7687.0,0.0,40.0,Private,Married-civ-spouse,Craft-repair,White,Male,Dominican-Republic,cfproto,0
46.0,10.0,7687.0,0.0,40.0,Private,Married-civ-spouse,Craft-repair,White,Male,Dominican-Republic,cfproto,0
45.0,10.0,8031.0,0.0,39.0,?,Never-married,Armed-Forces,White,Male,United-States,growing-spheres,0
48.0,9.0,0.0,0.0,24.0,?,Married-civ-spouse,Craft-repair,White,Male,United-States,growing-spheres,0
42.0,8.0,15630.0,323.0,37.0,Local-gov,Divorced,Craft-repair,White,Male,United-States,growing-spheres,1
51.0,11.0,2788.0,0.0,41.0,?,Widowed,Craft-repair,White,Male,United-States,growing-spheres,0
45.0,10.0,7248.0,0.0,39.0,Never-worked,Married-AF-spouse,?,White,Male,United-States,growing-spheres,0
44.0,9.0,1302.0,0.0,51.0,Local-gov,Separated,Craft-repair,White,Male,United-States,growing-spheres,0
47.0,9.0,6049.0,116.0,35.0,?,Married-civ-spouse,Craft-repair,White,Male,United-States,growing-spheres,1
46.0,8.0,6264.0,133.0,45.0,?,Married-AF-spouse,Priv-house-serv,White,Male,United-States,growing-spheres,0
45.0,9.0,7534.0,0.0,41.0,Never-worked,Married-civ-spouse,Exec-managerial,White,Male,United-States,growing-spheres,1
45.0,11.0,967.0,57.0,46.0,Federal-gov,Married-AF-spouse,?,White,Male,United-States,growing-spheres,1
52.0,9.0,4239.0,0.0,41.0,Local-gov,Married-civ-spouse,Tech-support,White,Male,United-States,growing-spheres,1
51.0,10.0,12681.0,163.0,47.0,?,Separated,Craft-repair,White,Male,United-States,growing-spheres,1
46.0,10.0,7166.0,3.0,39.0,Private,Married-AF-spouse,Adm-clerical,White,Male,United-States,growing-spheres,1
46.0,9.0,9925.0,343.0,44.0,Private,Divorced,?,White,Male,United-States,growing-spheres,1
45.0,9.0,7393.0,28.0,39.0,Private,Divorced,Craft-repair,White,Male,United-States,growing-spheres,1
45.0,9.0,0.0,45.0,44.0,Local-gov,Married-spouse-absent,Craft-repair,White,Male,United-States,growing-spheres,0
46.0,9.0,7091.0,19.0,39.0,Federal-gov,Divorced,Craft-repair,White,Male,United-States,growing-spheres,1
43.0,10.0,2650.0,0.0,37.0,Federal-gov,Divorced,?,White,Male,United-States,growing-spheres,0
47.0,10.0,9494.0,24.0,38.0,Federal-gov,Married-spouse-absent,Craft-repair,White,Male,United-States,growing-spheres,1
45.0,9.0,10044.0,15.0,39.0,Federal-gov,Divorced,Adm-clerical,White,Male,United-States,growing-spheres,1
40.0,9.0,0.0,0.0,34.0,Private,Married-civ-spouse,Craft-repair,White,Male,United-States,face,0
36.0,9.0,0.0,0.0,34.0,Private,Married-civ-spouse,Craft-repair,White,Male,United-States,face,0
34.0,10.0,0.0,0.0,39.0,Private,Married-civ-spouse,Craft-repair,White,Male,United-States,face,0
37.0,9.0,0.0,0.0,39.0,Private,Married-civ-spouse,Craft-repair,White,Male,United-States,face,0
40.0,9.0,0.0,0.0,34.0,Private,Married-civ-spouse,Craft-repair,White,Male,United-States,face,0
37.0,9.0,0.0,0.0,39.0,Private,Married-civ-spouse,Craft-repair,White,Male,United-States,face,0
36.0,9.0,0.0,0.0,39.0,Private,Married-civ-spouse,Craft-repair,White,Male,United-States,face,0
34.0,10.0,0.0,0.0,39.0,Private,Married-civ-spouse,Craft-repair,White,Male,United-States,face,0
37.0,9.0,0.0,0.0,39.0,Private,Married-civ-spouse,Craft-repair,White,Male,United-States,face,0
40.0,9.0,0.0,0.0,34.0,Private,Married-civ-spouse,Craft-repair,White,Male,United-States,face,0
