age,education.num,capital.gain,capital.loss,hours.per.week,workclass,marital.status,occupation,race,sex,native.country,explainer,income
27.0,14.0,0,0.0,50.0,Private,Widowed,Exec-managerial,White,Male,United-States,dice,0
38.0,14.0,0,0.0,50.0,Without-pay,Married-civ-spouse,Exec-managerial,White,Male,United-States,dice,0
50.0,1.0,0,0.0,50.0,Self-emp-not-inc,Married-civ-spouse,Exec-managerial,White,Male,United-States,dice,0
39.0,14.0,0,0.0,50.0,Private,Married-civ-spouse,Priv-house-serv,White,Male,United-States,dice,0
50.0,2.0,0,0.0,50.0,Self-emp-not-inc,Married-civ-spouse,Exec-managerial,White,Male,United-States,dice,0
50.0,14.0,0,0.0,50.0,Local-gov,Married-spouse-absent,Exec-managerial,White,Male,United-States,dice,0
50.0,14.0,0,0.0,50.0,Private,Separated,?,White,Male,United-States,dice,0
50.0,14.0,0,4134.0,50.0,Without-pay,Married-civ-spouse,Exec-managerial,White,Male,United-States,dice,0
28.0,7.0,0,0.0,50.0,Private,Married-civ-spouse,Exec-managerial,White,Male,United-States,dice,0
32.0,3.0,0,0.0,50.0,Private,Married-civ-spouse,Exec-managerial,White,Male,United-States,dice,0
50.0,4.0,0,0.0,50.0,Private,Married-civ-spouse,Adm-clerical,White,Male,United-States,dice,0
50.0,3.0,0,0.0,50.0,Private,Separated,Exec-managerial,White,Male,United-States,dice,0
50.0,1.0,0,0.0,50.0,Private,Divorced,Exec-managerial,White,Male,United-States,dice,0
50.0,14.0,0,0.0,9.0,Private,Married-spouse-absent,Exec-managerial,White,Male,United-States,dice,0
50.0,1.0,0,0.0,50.0,Without-pay,Married-civ-spouse,Exec-managerial,White,Male,United-States,dice,0
98.0,14.0,0,0.0,50.0,Private,Widowed,Exec-managerial,White,Male,United-States,dice,0
50.0,14.0,0,0.0,62.0,Private,Married-civ-spouse,Priv-house-serv,White,Male,United-States,dice,0
50.0,14.0,0,0.0,50.0,Never-worked,Married-civ-spouse,Priv-house-serv,White,Male,United-States,dice,0
50.0,14.0,0,0.0,50.0,Private,Married-spouse-absent,Armed-Forces,White,Male,United-States,dice,0
50.0,14.0,0,0.0,22.0,Private,Separated,Exec-managerial,White,Male,United-States,dice,0
40.0,11.0,0,0.0,43.0,Private,Divorced,Sales,White,Male,United-States,fimap,0
40.0,11.0,0,0.0,43.0,Private,Married-civ-spouse,Transport-moving,White,Male,United-States,fimap,0
43.0,12.0,0,0.0,40.0,Private,Married-civ-spouse,Exec-managerial,White,Male,United-States,cadex,0
44.0,12.0,0,0.0,46.0,Private,Never-married,Sales,White,Male,United-States,fimap,0
47.0,13.0,0,0.0,47.0,Private,Divorced,Transport-moving,White,Male,United-States,fimap,0
47.0,13.0,0,0.0,47.0,Private,Married-civ-spouse,Adm-clerical,White,Male,United-States,fimap,1
47.0,13.0,0,0.0,47.0,Private,Married-civ-spouse,Transport-moving,White,Male,United-States,fimap,1
50.0,11.0,0,0.0,50.0,Private,Married-civ-spouse,Exec-managerial,White,Male,United-States,cadex,0
50.0,11.0,0,0.0,50.0,Private,Married-civ-spouse,Exec-managerial,White,Male,United-States,cadex,0
50.0,11.0,0,0.0,50.0,Private,Married-civ-spouse,Exec-managerial,White,Male,United-States,cadex,0
50.0,11.0,0,0.0,50.0,Private,Married-civ-spouse,Exec-managerial,White,Male,United-States,cadex,0
50.0,11.0,0,0.0,50.0,Private,Married-civ-spouse,Exec-managerial,White,Male,United-States,cadex,0
50.0,12.0,0,0.0,40.0,Private,Married-civ-spouse,Exec-managerial,White,Male,United-States,cadex,0
50.0,14.0,0,0.0,50.0,Private,Married-civ-spouse,Exec-managerial,White,Male,United-States,cadex,0
17.0,13.0,0,0.0,50.0,Private,Married-civ-spouse,Exec-managerial,White,Male,United-States,wachter,0
61.0,13.0,0,0.0,45.0,Private,Married-civ-spouse,Exec-managerial,White,Male,United-States,wachter,1
49.0,14.0,0,0.0,48.0,Private,Married-civ-spouse,Exec-managerial,White,Male,United-States,wachter,1
23.0,11.0,0,0.0,48.0,Private,Married-civ-spouse,Exec-managerial,White,Male,United-States,wachter,0
25.0,11.0,0,0.0,49.0,Private,Married-civ-spouse,Exec-managerial,White,Male,United-States,wachter,1
21.0,12.0,0,0.0,49.0,Private,Married-civ-spouse,Exec-managerial,White,Male,United-States,wachter,0
50.0,13.0,0,0.0,47.0,Private,Married-civ-spouse,Exec-managerial,White,Male,United-States,wachter,1
38.0,13.0,0,0.0,43.0,Private,Married-civ-spouse,Exec-managerial,White,Male,United-States,wachter,1
49.0,13.0,0,0.0,49.0,Private,Married-civ-spouse,Exec-managerial,White,Male,United-States,wachter,1
17.0,13.0,0,0.0,49.0,Private,Married-civ-spouse,Exec-managerial,White,Male,United-States,wachter,0
50.0,14.0,0,0.0,11.0,Private,Married-civ-spouse,Exec-managerial,White,Male,United-States,cem,1
50.0,14.0,0,0.0,50.0,Private,Married-civ-spouse,Other-service,White,Male,Laos,cfproto,0
50.0,14.0,0,0.0,50.0,Private,Married-civ-spouse,Other-service,White,Male,Laos,cfproto,0
50.0,13.0,0,0.0,50.0,Self-emp-inc,Married-civ-spouse,Priv-house-serv,White,Male,Laos,cfproto,0
50.0,14.0,0,0.0,50.0,Private,Married-civ-spouse,Exec-managerial,White,Male,Dominican-Republic,cfproto,0
50.0,14.0,0,0.0,50.0,Private,Married-civ-spouse,Other-service,White,Male,Laos,cfproto,0
50.0,14.0,0,0.0,50.0,Private,Married-civ-spouse,Exec-managerial,White,Male,Dominican-Republic,cfproto,0
50.0,13.0,0,0.0,48.0,Federal-gov,Married-civ-spouse,Armed-Forces,White,Male,United-States,growing-spheres,1
45.0,13.0,0,111.0,58.0,?,Never-married,Adm-clerical,White,Male,United-States,growing-spheres,0
51.0,14.0,228,0.0,53.0,Local-gov,Married-AF-spouse,Exec-managerial,White,Male,United-States,growing-spheres,1
50.0,14.0,0,0.0,48.0,?,Divorced,Exec-managerial,White,Male,United-States,growing-spheres,1
50.0,14.0,0,180.0,49.0,Private,Never-married,Farming-fishing,White,Male,United-States,growing-spheres,0
49.0,13.0,6159,0.0,41.0,?,Divorced,Exec-managerial,White,Male,United-States,growing-spheres,1
49.0,13.0,0,0.0,50.0,Never-worked,Married-civ-spouse,?,White,Male,United-States,growing-spheres,0
49.0,14.0,968,0.0,50.0,Local-gov,Married-civ-spouse,?,White,Male,United-States,growing-spheres,1
48.0,14.0,1014,0.0,52.0,?,Married-civ-spouse,Craft-repair,White,Male,United-States,growing-spheres,1
55.0,14.0,9110,0.0,41.0,?,Married-civ-spouse,?,White,Male,United-States,growing-spheres,1
50.0,14.0,0,0.0,51.0,Federal-gov,Married-civ-spouse,Exec-managerial,White,Male,United-States,growing-spheres,1
48.0,14.0,584,0.0,46.0,Never-worked,Married-civ-spouse,Adm-clerical,White,Male,United-States,growing-spheres,0
50.0,14.0,67,10.0,50.0,Never-worked,Married-civ-spouse,Armed-Forces,White,Male,United-States,growing-spheres,0
51.0,11.0,0,0.0,46.0,?,Married-civ-spouse,?,White,Male,United-States,growing-spheres,1
50.0,14.0,74,0.0,50.0,Federal-gov,Married-spouse-absent,Prof-specialty,White,Male,United-States,growing-spheres,1
54.0,13.0,0,0.0,50.0,Self-emp-inc,Married-civ-spouse,Exec-managerial,White,Male,United-States,growing-spheres,1
48.0,13.0,144,49.0,50.0,?,Married-civ-spouse,Armed-Forces,White,Male,United-States,growing-spheres,0
49.0,14.0,382,14.0,50.0,?,Married-civ-spouse,Exec-managerial,White,Male,United-States,growing-spheres,1
49.0,13.0,929,11.0,49.0,Without-pay,Divorced,Exec-managerial,White,Male,United-States,growing-spheres,0
42.0,13.0,84,276.0,52.0,Never-worked,Divorced,Craft-repair,White,Male,United-States,growing-spheres,0
42.0,6.0,0,0.0,39.0,Private,Married-civ-spouse,Exec-managerial,White,Male,United-States,face,0
28.0,9.0,0,0.0,39.0,Private,Married-civ-spouse,Exec-managerial,White,Male,United-States,face,0
32.0,9.0,0,0.0,39.0,Private,Married-civ-spouse,Exec-managerial,White,Male,United-States,face,0
25.0,10.0,0,0.0,39.0,Private,Married-civ-spouse,Exec-managerial,White,Male,United-States,face,0
38.0,13.0,0,0.0,39.0,Private,Divorced,Exec-managerial,White,Male,United-States,face,0
28.0,9.0,0,0.0,50.0,Private,Married-civ-spouse,Exec-managerial,White,Male,United-States,face,0
37.0,13.0,0,0.0,44.0,Private,Never-married,Exec-managerial,White,Male,United-States,face,0
29.0,10.0,0,0.0,39.0,Private,Married-civ-spouse,Exec-managerial,White,Male,United-States,face,0
30.0,9.0,0,0.0,39.0,Private,Married-civ-spouse,Exec-managerial,White,Male,United-States,face,0
28.0,9.0,0,0.0,50.0,Private,Married-civ-spouse,Exec-managerial,White,Male,United-States,face,0
