age,education.num,capital.gain,capital.loss,hours.per.week,workclass,marital.status,occupation,race,sex,native.country,explainer,income
43.0,10.0,0.0,0.0,13.0,?,Married-civ-spouse,Machine-op-inspct,White,Male,United-States,dice,0
43.0,3.0,0.0,704.0,48.0,Private,Married-civ-spouse,Machine-op-inspct,White,Male,United-States,dice,0
25.0,10.0,0.0,0.0,37.0,Private,Married-civ-spouse,Machine-op-inspct,White,Male,United-States,dice,0
27.0,10.0,0.0,0.0,48.0,Private,Married-civ-spouse,Machine-op-inspct,White,Male,United-States,dice,0
43.0,10.0,0.0,0.0,48.0,Private,Divorced,Machine-op-inspct,White,Male,United-States,dice,0
23.0,10.0,0.0,0.0,48.0,Private,Married-civ-spouse,?,White,Male,United-States,dice,0
43.0,10.0,0.0,126.0,48.0,Private,Married-civ-spouse,?,White,Male,United-States,dice,0
97.0,8.0,0.0,0.0,48.0,Private,Married-civ-spouse,Machine-op-inspct,White,Male,United-States,dice,0
43.0,10.0,0.0,2570.0,48.0,Never-worked,Married-civ-spouse,Machine-op-inspct,White,Male,United-States,dice,0
43.0,6.0,0.0,0.0,48.0,Private,Married-civ-spouse,Machine-op-inspct,White,Male,United-States,dice,0
43.0,10.0,0.0,0.0,73.0,Private,Never-married,Machine-op-inspct,White,Male,United-States,dice,0
43.0,10.0,0.0,0.0,1.0,Private,Married-civ-spouse,Machine-op-inspct,White,Male,United-States,dice,0
26.0,10.0,0.0,50.0,48.0,Private,Married-civ-spouse,Machine-op-inspct,White,Male,United-States,dice,0
43.0,15.0,0.0,0.0,48.0,Private,Married-civ-spouse,Priv-house-serv,White,Male,United-States,dice,0
43.0,10.0,0.0,0.0,48.0,Private,Divorced,Machine-op-inspct,White,Male,United-States,dice,0
43.0,10.0,0.0,0.0,21.0,Private,Widowed,Machine-op-inspct,White,Male,United-States,dice,0
43.0,10.0,0.0,0.0,30.0,Private,Married-civ-spouse,Machine-op-inspct,White,Male,United-States,dice,0
43.0,10.0,0.0,0.0,28.0,Private,Married-AF-spouse,Machine-op-inspct,White,Male,United-States,dice,0
56.0,10.0,0.0,0.0,48.0,Private,Separated,Machine-op-inspct,White,Male,United-States,dice,0
92.0,10.0,2739.0,0.0,48.0,Private,Married-civ-spouse,Machine-op-inspct,White,Male,United-States,dice,0
36.0,8.0,0.0,0.0,42.0,Private,Married-civ-spouse,Tech-support,White,Male,United-States,fimap,0
37.0,8.0,0.0,0.0,43.0,Private,Married-civ-spouse,Prof-specialty,White,Male,United-States,fimap,0
40.0,9.0,0.0,0.0,45.0,Private,Married-civ-spouse,Machine-op-inspct,White,Male,United-States,fimap,0
41.0,9.0,0.0,0.0,46.0,Private,Married-civ-spouse,Transport-moving,White,Male,United-States,fimap,0
41.0,9.0,0.0,0.0,46.0,Private,Married-civ-spouse,Prof-specialty,White,Male,United-States,fimap,1
41.0,9.0,0.0,0.0,46.0,Private,Married-civ-spouse,Prof-specialty,White,Male,United-States,fimap,1
43.0,9.0,0.0,0.0,43.0,Private,Married-civ-spouse,Machine-op-inspct,White,Male,United-States,cadex,0
43.0,10.0,0.0,0.0,43.0,Private,Married-civ-spouse,Machine-op-inspct,White,Male,United-States,cadex,0
43.0,10.0,0.0,0.0,43.0,Private,Married-civ-spouse,Machine-op-inspct,White,Male,United-States,cadex,0
43.0,10.0,0.0,0.0,48.0,Private,Married-civ-spouse,Machine-op-inspct,White,Male,United-States,cadex,0
46.0,9.0,0.0,0.0,43.0,Private,Married-civ-spouse,Machine-op-inspct,White,Male,United-States,cadex,0
42.0,9.0,0.0,0.0,46.0,Private,Married-civ-spouse,Machine-op-inspct,White,Male,United-States,wachter,1
41.0,9.0,0.0,0.0,47.0,Private,Married-civ-spouse,Machine-op-inspct,White,Male,United-States,wachter,1
42.0,9.0,0.0,0.0,46.0,Private,Married-civ-spouse,Machine-op-inspct,White,Male,United-States,wachter,1
43.0,9.0,0.0,0.0,44.0,Private,Married-civ-spouse,Machine-op-inspct,White,Male,United-States,wachter,1
42.0,9.0,0.0,0.0,47.0,Private,Married-civ-spouse,Machine-op-inspct,White,Male,United-States,wachter,1
42.0,10.0,0.0,0.0,46.0,Private,Married-civ-spouse,Machine-op-inspct,White,Male,United-States,wachter,1
42.0,9.0,0.0,0.0,47.0,Private,Married-civ-spouse,Machine-op-inspct,White,Male,United-States,wachter,1
42.0,9.0,0.0,0.0,46.0,Private,Married-civ-spouse,Machine-op-inspct,White,Male,United-States,wachter,1
42.0,9.0,0.0,0.0,47.0,Private,Married-civ-spouse,Machine-op-inspct,White,Male,United-States,wachter,1
42.0,10.0,0.0,0.0,47.0,Private,Married-civ-spouse,Machine-op-inspct,White,Male,United-States,wachter,1
43.0,9.0,0.0,0.0,48.0,Private,Married-civ-spouse,Machine-op-inspct,White,Male,United-States,cem,1
43.0,10.0,0.0,0.0,48.0,Private,Married-civ-spouse,Machine-op-inspct,White,Male,Yugoslavia,cfproto,0
43.0,10.0,0.0,0.0,48.0,Private,Married-civ-spouse,Machine-op-inspct,White,Male,France,cfproto,0
43.0,10.0,0.0,0.0,48.0,Private,Married-civ-spouse,Other-service,White,Male,Thailand,cfproto,0
43.0,10.0,0.0,0.0,48.0,Private,Married-civ-spouse,Machine-op-inspct,White,Male,Trinadad&Tobago,cfproto,0
43.0,10.0,0.0,0.0,48.0,Private,Married-civ-spouse,Other-service,White,Male,Japan,cfproto,0
43.0,10.0,0.0,0.0,48.0,Private,Married-civ-spouse,Machine-op-inspct,White,Male,Greece,cfproto,0
43.0,10.0,0.0,0.0,48.0,Private,Married-civ-spouse,Machine-op-inspct,White,Male,China,cfproto,0
43.0,10.0,0.0,0.0,48.0,Private,Married-civ-spouse,Machine-op-inspct,White,Male,Yugoslavia,cfproto,0
43.0,9.0,0.0,0.0,47.0,Local-gov,Married-civ-spouse,Priv-house-serv,White,Male,Thailand,cfproto,0
43.0,10.0,0.0,0.0,48.0,Private,Married-civ-spouse,Machine-op-inspct,White,Male,France,cfproto,0
42.0,10.0,0.0,167.0,47.0,?,Divorced,Exec-managerial,White,Male,United-States,growing-spheres,0
42.0,9.0,0.0,0.0,47.0,Private,Married-civ-spouse,Armed-Forces,White,Male,United-States,growing-spheres,0
41.0,10.0,0.0,13.0,48.0,Private,Married-civ-spouse,Farming-fishing,White,Male,United-States,growing-spheres,0
43.0,10.0,0.0,66.0,49.0,Private,Married-civ-spouse,?,White,Male,United-States,growing-spheres,0
34.0,8.0,0.0,351.0,39.0,Private,Divorced,Farming-fishing,White,Male,United-States,growing-spheres,0
40.0,9.0,3052.0,0.0,51.0,Private,Divorced,Machine-op-inspct,White,Male,United-States,growing-spheres,0
40.0,8.0,0.0,0.0,38.0,?,Divorced,Machine-op-inspct,White,Male,United-States,growing-spheres,0
48.0,10.0,7904.0,75.0,47.0,Private,Married-civ-spouse,?,White,Male,United-States,growing-spheres,1
47.0,10.0,0.0,0.0,45.0,Private,Married-civ-spouse,Armed-Forces,White,Male,United-States,growing-spheres,0
43.0,9.0,2423.0,1.0,46.0,?,Divorced,Armed-Forces,White,Male,United-States,growing-spheres,0
41.0,8.0,3671.0,0.0,46.0,?,Married-civ-spouse,Craft-repair,White,Male,United-States,growing-spheres,1
43.0,10.0,0.0,6.0,47.0,?,Married-AF-spouse,Adm-clerical,White,Male,United-States,growing-spheres,1
42.0,10.0,0.0,34.0,48.0,Local-gov,Married-AF-spouse,Handlers-cleaners,White,Male,United-States,growing-spheres,0
43.0,9.0,3366.0,225.0,52.0,Private,Divorced,Craft-repair,White,Male,United-States,growing-spheres,1
41.0,8.0,7474.0,126.0,46.0,Local-gov,Married-civ-spouse,Adm-clerical,White,Male,United-States,growing-spheres,1
45.0,9.0,3161.0,0.0,47.0,?,Married-civ-spouse,Craft-repair,White,Male,United-States,growing-spheres,1
43.0,10.0,4.0,0.0,47.0,Private,Married-AF-spouse,Craft-repair,White,Male,United-States,growing-spheres,1
42.0,10.0,0.0,2.0,47.0,Local-gov,Married-spouse-absent,?,White,Male,United-States,growing-spheres,0
44.0,10.0,1217.0,0.0,51.0,Federal-gov,Married-civ-spouse,Craft-repair,White,Male,United-States,growing-spheres,1
42.0,9.0,0.0,0.0,47.0,Local-gov,Divorced,Armed-Forces,White,Male,United-States,growing-spheres,0
42.0,10.0,0.0,0.0,48.0,Private,Married-civ-spouse,Machine-op-inspct,White,Male,United-States,actionable-recourse,1
40.0,9.0,0.0,0.0,39.0,Private,Married-civ-spouse,Machine-op-inspct,White,Male,United-States,face,0
40.0,9.0,0.0,0.0,39.0,Private,Married-civ-spouse,Machine-op-inspct,White,Male,United-States,face,0
39.0,9.0,0.0,0.0,39.0,Private,Married-civ-spouse,Machine-op-inspct,White,Male,United-States,face,0
36.0,9.0,0.0,0.0,39.0,Private,Married-civ-spouse,Machine-op-inspct,White,Male,United-States,face,0
35.0,9.0,0.0,0.0,43.0,Private,Married-civ-spouse,Machine-op-inspct,White,Male,United-States,face,0
39.0,9.0,0.0,0.0,39.0,Private,Married-civ-spouse,Machine-op-inspct,White,Male,United-States,face,0
40.0,9.0,0.0,0.0,39.0,Private,Married-civ-spouse,Machine-op-inspct,White,Male,United-States,face,0
40.0,9.0,0.0,0.0,39.0,Private,Married-civ-spouse,Machine-op-inspct,White,Male,United-States,face,0
38.0,9.0,0.0,0.0,39.0,Private,Married-civ-spouse,Machine-op-inspct,White,Male,United-States,face,0
39.0,9.0,0.0,0.0,39.0,Private,Married-civ-spouse,Machine-op-inspct,White,Male,United-States,face,0
