age,education.num,capital.gain,capital.loss,hours.per.week,workclass,marital.status,occupation,race,sex,native.country,explainer,income
77.0,13.0,0,0.0,4.0,Private,Married-civ-spouse,Prof-specialty,White,Female,Iran,dice,0
36.0,13.0,0,0.0,7.0,?,Married-civ-spouse,Prof-specialty,White,Female,Iran,dice,0
36.0,13.0,0,1321.0,50.0,Private,Divorced,Prof-specialty,White,Female,Iran,dice,0
36.0,4.0,0,0.0,50.0,Private,Widowed,Prof-specialty,White,Female,Iran,dice,0
36.0,13.0,0,1889.0,50.0,Private,Widowed,Prof-specialty,White,Female,Iran,dice,0
36.0,2.0,0,877.0,50.0,Private,Married-civ-spouse,Prof-specialty,White,Female,Iran,dice,0
36.0,13.0,0,0.0,22.0,Never-worked,Married-civ-spouse,Prof-specialty,White,Female,Iran,dice,0
36.0,13.0,0,0.0,8.0,Local-gov,Married-civ-spouse,Prof-specialty,White,Female,Iran,dice,0
36.0,5.0,0,0.0,50.0,Private,Married-civ-spouse,Priv-house-serv,White,Female,Iran,dice,0
36.0,13.0,0,0.0,56.0,Private,Married-civ-spouse,Handlers-cleaners,White,Female,Iran,dice,0
19.0,13.0,0,0.0,50.0,Private,Married-civ-spouse,Armed-Forces,White,Female,Iran,dice,0
92.0,13.0,0,0.0,50.0,Private,Never-married,Prof-specialty,White,Female,Iran,dice,0
36.0,13.0,0,0.0,50.0,Without-pay,Married-civ-spouse,Prof-specialty,White,Female,Iran,dice,0
36.0,13.0,0,0.0,5.0,Private,Separated,Prof-specialty,White,Female,Iran,dice,0
95.0,13.0,0,0.0,50.0,Private,Married-civ-spouse,Prof-specialty,White,Female,Iran,dice,0
48.0,13.0,0,0.0,50.0,Private,Widowed,Prof-specialty,White,Female,Iran,dice,0
36.0,10.0,0,0.0,50.0,Local-gov,Married-civ-spouse,Prof-specialty,White,Female,Iran,dice,0
36.0,13.0,0,0.0,50.0,Private,Married-civ-spouse,Priv-house-serv,White,Female,Iran,dice,0
36.0,13.0,0,0.0,50.0,Federal-gov,Married-spouse-absent,Prof-specialty,White,Female,Iran,dice,0
36.0,13.0,0,0.0,50.0,Self-emp-inc,Never-married,Prof-specialty,White,Female,Iran,dice,0
32.0,12.0,0,0.0,45.0,Private,Married-civ-spouse,Prof-specialty,White,Female,Iran,cadex,0
32.0,12.0,0,0.0,50.0,Private,Married-civ-spouse,Prof-specialty,White,Female,Iran,cadex,0
35.0,12.0,0,0.0,48.0,Private,Married-civ-spouse,Protective-serv,White,Female,Iran,fimap,0
35.0,12.0,0,0.0,47.0,Private,Married-civ-spouse,Prof-specialty,White,Female,Iran,fimap,1
35.0,12.0,0,0.0,49.0,Private,Married-civ-spouse,Machine-op-inspct,White,Female,Iran,fimap,0
35.0,12.0,0,0.0,49.0,Private,Divorced,Exec-managerial,White,Female,Iran,fimap,0
35.0,12.0,0,0.0,48.0,Private,Married-civ-spouse,?,White,Female,Iran,fimap,0
36.0,12.0,0,0.0,50.0,Private,Married-civ-spouse,Prof-specialty,White,Female,Iran,cadex,0
36.0,12.0,0,0.0,50.0,Private,Married-civ-spouse,Prof-specialty,White,Female,Iran,cadex,0
36.0,13.0,0,0.0,50.0,Private,Married-civ-spouse,Prof-specialty,White,Female,Iran,cadex,0
37.0,13.0,2508,25.0,50.0,Private,Divorced,Exec-managerial,White,Female,Iran,fimap,0
35.0,11.0,0,0.0,50.0,Private,Married-civ-spouse,Prof-specialty,White,Female,Iran,wachter,1
32.0,12.0,0,0.0,50.0,Private,Married-civ-spouse,Prof-specialty,White,Female,Iran,wachter,1
31.0,10.0,0,0.0,50.0,Private,Married-civ-spouse,Prof-specialty,White,Female,Iran,wachter,1
46.0,10.0,0,0.0,45.0,Private,Married-civ-spouse,Prof-specialty,White,Female,Iran,wachter,1
34.0,12.0,0,0.0,49.0,Private,Married-civ-spouse,Prof-specialty,White,Female,Iran,wachter,1
43.0,10.0,0,0.0,45.0,Private,Married-civ-spouse,Prof-specialty,White,Female,Iran,wachter,1
35.0,11.0,0,0.0,49.0,Private,Married-civ-spouse,Prof-specialty,White,Female,Iran,wachter,1
34.0,11.0,0,0.0,47.0,Private,Married-civ-spouse,Prof-specialty,White,Female,Iran,wachter,1
35.0,11.0,0,0.0,49.0,Private,Married-civ-spouse,Prof-specialty,White,Female,Iran,wachter,1
35.0,12.0,0,0.0,50.0,Private,Married-civ-spouse,Prof-specialty,White,Female,Iran,wachter,1
28.0,13.0,0,0.0,50.0,Private,Married-civ-spouse,Prof-specialty,White,Female,Iran,cem,1
35.0,12.0,0,0.0,50.0,Self-emp-not-inc,Married-civ-spouse,Other-service,White,Female,Thailand,cfproto,0
36.0,13.0,0,0.0,50.0,State-gov,Married-civ-spouse,Other-service,White,Female,India,cfproto,0
36.0,13.0,0,0.0,50.0,Private,Married-civ-spouse,Prof-specialty,White,Female,Greece,cfproto,0
36.0,13.0,0,0.0,50.0,Private,Married-civ-spouse,Prof-specialty,White,Female,Greece,cfproto,0
36.0,13.0,0,0.0,50.0,Private,Married-civ-spouse,Prof-specialty,White,Female,Greece,cfproto,0
37.0,11.0,0,231.0,45.0,Private,Married-civ-spouse,Farming-fishing,White,Female,Iran,growing-spheres,0
35.0,12.0,182,96.0,49.0,?,Divorced,Armed-Forces,White,Female,Iran,growing-spheres,0
35.0,12.0,1102,0.0,48.0,Self-emp-inc,Married-civ-spouse,Adm-clerical,White,Female,Iran,growing-spheres,1
35.0,12.0,64,6.0,49.0,Private,Never-married,Exec-managerial,White,Female,Iran,growing-spheres,0
33.0,12.0,0,145.0,48.0,Federal-gov,Separated,Prof-specialty,White,Female,Iran,growing-spheres,0
35.0,13.0,24,1.0,50.0,?,Married-civ-spouse,Armed-Forces,White,Female,Iran,growing-spheres,0
30.0,14.0,3250,0.0,51.0,Private,Married-AF-spouse,?,White,Female,Iran,growing-spheres,0
32.0,13.0,738,237.0,48.0,?,Married-civ-spouse,?,White,Female,Iran,growing-spheres,0
37.0,12.0,0,0.0,49.0,Private,Divorced,Exec-managerial,White,Female,Iran,growing-spheres,0
35.0,12.0,0,0.0,50.0,?,Married-AF-spouse,?,White,Female,Iran,growing-spheres,0
34.0,12.0,1350,65.0,47.0,Never-worked,Divorced,Armed-Forces,White,Female,Iran,growing-spheres,0
36.0,14.0,0,476.0,42.0,Federal-gov,Married-civ-spouse,Farming-fishing,White,Female,Iran,growing-spheres,0
35.0,12.0,695,23.0,47.0,Private,Married-civ-spouse,Craft-repair,White,Female,Iran,growing-spheres,1
37.0,13.0,0,0.0,45.0,Federal-gov,Married-AF-spouse,Prof-specialty,White,Female,Iran,growing-spheres,0
35.0,12.0,950,225.0,60.0,Never-worked,Married-civ-spouse,Adm-clerical,White,Female,Iran,growing-spheres,0
36.0,12.0,208,0.0,51.0,Never-worked,Married-civ-spouse,Adm-clerical,White,Female,Iran,growing-spheres,0
36.0,14.0,8696,418.0,58.0,Private,Married-AF-spouse,Armed-Forces,White,Female,Iran,growing-spheres,1
35.0,12.0,0,0.0,49.0,Private,Married-civ-spouse,Armed-Forces,White,Female,Iran,growing-spheres,0
32.0,12.0,0,0.0,48.0,?,Divorced,Prof-specialty,White,Female,Iran,growing-spheres,0
36.0,13.0,22,0.0,49.0,Federal-gov,Divorced,Prof-specialty,White,Female,Iran,growing-spheres,0
31.0,13.0,0,0.0,39.0,Private,Never-married,Prof-specialty,White,Female,United-States,face,0
35.0,13.0,0,0.0,39.0,Private,Never-married,Prof-specialty,White,Female,United-States,face,0
36.0,13.0,0,0.0,50.0,Private,Divorced,Prof-specialty,White,Female,United-States,face,0
46.0,4.0,0,0.0,44.0,Private,Married-civ-spouse,Prof-specialty,White,Female,United-States,face,0
50.0,9.0,0,0.0,15.0,Private,Married-civ-spouse,Prof-specialty,White,Female,United-States,face,0
32.0,13.0,0,0.0,50.0,Private,Never-married,Prof-specialty,White,Female,United-States,face,0
36.0,13.0,0,0.0,39.0,Private,Divorced,Prof-specialty,White,Female,United-States,face,0
40.0,13.0,0,0.0,44.0,Private,Never-married,Prof-specialty,White,Female,United-States,face,0
28.0,11.0,0,0.0,5.0,Private,Married-civ-spouse,Prof-specialty,White,Female,United-States,face,0
50.0,9.0,0,0.0,15.0,Private,Married-civ-spouse,Prof-specialty,White,Female,United-States,face,0
