age,education.num,capital.gain,capital.loss,hours.per.week,workclass,marital.status,occupation,race,sex,native.country,explainer,income
88.0,1.0,7688.0,0,60.0,Self-emp-not-inc,Married-civ-spouse,Prof-specialty,White,Male,United-States,dice,0
79.0,4.0,7688.0,0,60.0,Self-emp-not-inc,Married-civ-spouse,Prof-specialty,White,Male,United-States,dice,0
34.0,1.0,7688.0,0,60.0,Self-emp-not-inc,Widowed,Prof-specialty,White,Male,United-States,dice,0
34.0,15.0,7688.0,0,60.0,Never-worked,Married-civ-spouse,Farming-fishing,White,Male,United-States,dice,0
34.0,15.0,7688.0,0,60.0,Never-worked,Married-civ-spouse,Prof-specialty,White,Male,United-States,dice,0
34.0,2.0,7688.0,0,60.0,Self-emp-not-inc,Divorced,Prof-specialty,White,Male,United-States,dice,0
34.0,15.0,2776.0,0,60.0,Self-emp-not-inc,Married-civ-spouse,Priv-house-serv,White,Male,United-States,dice,0
34.0,15.0,7688.0,0,60.0,Without-pay,Married-spouse-absent,Prof-specialty,White,Male,United-States,dice,0
59.0,15.0,7688.0,0,60.0,Without-pay,Married-civ-spouse,Prof-specialty,White,Male,United-States,dice,0
34.0,9.0,7688.0,0,60.0,Never-worked,Married-civ-spouse,Prof-specialty,White,Male,United-States,dice,0
34.0,1.0,7688.0,0,56.0,Self-emp-not-inc,Married-civ-spouse,Prof-specialty,White,Male,United-States,dice,0
34.0,3.0,7688.0,0,60.0,Without-pay,Married-civ-spouse,Prof-specialty,White,Male,United-States,dice,0
18.0,1.0,7688.0,0,60.0,Self-emp-not-inc,Married-civ-spouse,Prof-specialty,White,Male,United-States,dice,0
34.0,3.0,7688.0,0,60.0,Self-emp-not-inc,Divorced,Prof-specialty,White,Male,United-States,dice,0
68.0,15.0,7688.0,0,60.0,Self-emp-not-inc,Married-civ-spouse,Priv-house-serv,White,Male,United-States,dice,0
34.0,15.0,7688.0,0,60.0,Without-pay,Married-civ-spouse,Exec-managerial,White,Male,United-States,dice,0
34.0,15.0,3075.0,0,60.0,Self-emp-not-inc,Married-civ-spouse,Priv-house-serv,White,Male,United-States,dice,0
34.0,2.0,7688.0,0,60.0,Never-worked,Married-civ-spouse,Prof-specialty,White,Male,United-States,dice,0
34.0,15.0,7688.0,0,60.0,Never-worked,Widowed,Prof-specialty,White,Male,United-States,dice,0
34.0,15.0,7688.0,0,60.0,Self-emp-not-inc,Married-civ-spouse,Priv-house-serv,White,Male,United-States,dice,0
21.0,12.0,0.0,0,52.0,Private,Married-civ-spouse,Prof-specialty,White,Male,United-States,fimap,0
22.0,12.0,0.0,0,52.0,Private,Married-civ-spouse,Craft-repair,White,Male,United-States,fimap,0
24.0,13.0,0.0,0,55.0,Private,Married-civ-spouse,Protective-serv,White,Male,United-States,fimap,0
25.0,12.0,0.0,0,46.0,Self-emp-not-inc,Married-civ-spouse,Prof-specialty,White,Male,United-States,cadex,0
30.0,13.0,0.0,0,55.0,Private,Married-civ-spouse,Prof-specialty,White,Male,United-States,fimap,1
30.0,13.0,0.0,0,55.0,Private,Married-civ-spouse,Other-service,White,Male,United-States,fimap,0
30.0,13.0,0.0,0,55.0,Private,Divorced,Prof-specialty,White,Male,United-States,fimap,0
34.0,12.0,0.0,0,60.0,Self-emp-not-inc,Married-civ-spouse,Prof-specialty,White,Male,United-States,cadex,0
34.0,12.0,0.0,0,60.0,Self-emp-not-inc,Married-civ-spouse,Prof-specialty,White,Male,United-States,cadex,0
34.0,12.0,0.0,0,60.0,Self-emp-not-inc,Married-civ-spouse,Prof-specialty,White,Male,United-States,cadex,0
34.0,12.0,0.0,0,60.0,Self-emp-not-inc,Married-civ-spouse,Prof-specialty,White,Male,United-States,cadex,0
34.0,12.0,0.0,0,45.0,Self-emp-not-inc,Married-civ-spouse,Prof-specialty,White,Male,United-States,cadex,0
34.0,15.0,0.0,0,60.0,Self-emp-not-inc,Married-civ-spouse,Prof-specialty,White,Male,United-States,cadex,0
34.0,15.0,0.0,0,60.0,Self-emp-not-inc,Married-civ-spouse,Prof-specialty,White,Male,United-States,cadex,0
24.0,15.0,0.0,0,58.0,Self-emp-not-inc,Married-civ-spouse,Prof-specialty,White,Male,United-States,wachter,1
33.0,8.0,0.0,0,55.0,Self-emp-not-inc,Married-civ-spouse,Prof-specialty,White,Male,United-States,wachter,1
33.0,7.0,0.0,0,59.0,Self-emp-not-inc,Married-civ-spouse,Prof-specialty,White,Male,United-States,wachter,0
24.0,9.0,0.0,0,73.0,Self-emp-not-inc,Married-civ-spouse,Prof-specialty,White,Male,United-States,wachter,1
34.0,8.0,0.0,0,60.0,Self-emp-not-inc,Married-civ-spouse,Prof-specialty,White,Male,United-States,wachter,1
33.0,9.0,0.0,0,59.0,Self-emp-not-inc,Married-civ-spouse,Prof-specialty,White,Male,United-States,wachter,1
24.0,14.0,0.0,0,59.0,Self-emp-not-inc,Married-civ-spouse,Prof-specialty,White,Male,United-States,wachter,1
34.0,8.0,0.0,0,59.0,Self-emp-not-inc,Married-civ-spouse,Prof-specialty,White,Male,United-States,wachter,1
59.0,9.0,0.0,0,85.0,Self-emp-not-inc,Married-civ-spouse,Prof-specialty,White,Male,United-States,wachter,1
33.0,14.0,0.0,0,59.0,Self-emp-not-inc,Married-civ-spouse,Prof-specialty,White,Male,United-States,wachter,1
24.0,15.0,7687.0,0,60.0,Self-emp-not-inc,Married-civ-spouse,Prof-specialty,White,Male,United-States,cem,1
33.0,15.0,7163.0,0,62.0,Without-pay,Married-civ-spouse,Farming-fishing,White,Male,Dominican-Republic,cfproto,0
34.0,14.0,7687.0,0,60.0,Without-pay,Married-civ-spouse,Machine-op-inspct,White,Male,United-States,cfproto,0
34.0,14.0,7687.0,0,61.0,Without-pay,Married-civ-spouse,Exec-managerial,White,Male,United-States,cfproto,0
34.0,14.0,0.0,0,60.0,Self-emp-inc,Married-civ-spouse,Other-service,White,Male,Vietnam,cfproto,0
34.0,14.0,7687.0,0,60.0,Without-pay,Married-civ-spouse,Machine-op-inspct,White,Male,United-States,cfproto,0
33.0,14.0,9050.0,279,53.0,?,Married-civ-spouse,?,White,Male,United-States,growing-spheres,1
33.0,15.0,7379.0,0,59.0,Never-worked,Divorced,?,White,Male,United-States,growing-spheres,0
33.0,15.0,8298.0,0,60.0,Private,Married-civ-spouse,?,White,Male,United-States,growing-spheres,1
30.0,14.0,7706.0,293,57.0,Federal-gov,Married-civ-spouse,Adm-clerical,White,Male,United-States,growing-spheres,1
34.0,15.0,7509.0,22,60.0,Local-gov,Married-civ-spouse,Adm-clerical,White,Male,United-States,growing-spheres,1
34.0,14.0,0.0,97,61.0,Never-worked,Married-civ-spouse,Craft-repair,White,Male,United-States,growing-spheres,0
33.0,14.0,2761.0,0,69.0,Federal-gov,Married-civ-spouse,Other-service,White,Male,United-States,growing-spheres,1
32.0,14.0,9544.0,0,54.0,Self-emp-not-inc,Married-spouse-absent,Exec-managerial,White,Male,United-States,growing-spheres,1
33.0,15.0,7124.0,0,59.0,Self-emp-not-inc,Married-AF-spouse,Armed-Forces,White,Male,United-States,growing-spheres,1
38.0,14.0,0.0,126,70.0,Never-worked,Married-civ-spouse,?,White,Male,United-States,growing-spheres,0
31.0,14.0,0.0,2,60.0,Local-gov,Married-civ-spouse,?,White,Male,United-States,growing-spheres,0
35.0,15.0,13055.0,140,58.0,Self-emp-inc,Divorced,Adm-clerical,White,Male,United-States,growing-spheres,1
36.0,14.0,8375.0,0,62.0,Self-emp-not-inc,Married-AF-spouse,Other-service,White,Male,United-States,growing-spheres,1
31.0,13.0,10038.0,46,43.0,Federal-gov,Married-civ-spouse,Adm-clerical,White,Male,United-States,growing-spheres,1
24.0,15.0,0.0,0,57.0,?,Divorced,Other-service,White,Male,United-States,growing-spheres,0
34.0,15.0,7839.0,0,59.0,Self-emp-not-inc,Married-civ-spouse,?,White,Male,United-States,growing-spheres,1
33.0,14.0,1111.0,160,62.0,?,Divorced,?,White,Male,United-States,growing-spheres,0
32.0,15.0,11514.0,0,58.0,Private,Divorced,Armed-Forces,White,Male,United-States,growing-spheres,1
33.0,14.0,8558.0,0,60.0,Private,Married-civ-spouse,Adm-clerical,White,Male,United-States,growing-spheres,1
36.0,16.0,2324.0,600,62.0,?,Divorced,Adm-clerical,White,Male,United-States,growing-spheres,1
28.0,14.0,0.0,0,39.0,Self-emp-not-inc,Never-married,Prof-specialty,White,Male,United-States,face,0
36.0,11.0,0.0,0,59.0,Self-emp-not-inc,Married-civ-spouse,Farming-fishing,White,Male,United-States,face,0
38.0,13.0,0.0,0,59.0,Self-emp-not-inc,Married-civ-spouse,Farming-fishing,White,Male,United-States,face,0
30.0,11.0,0.0,0,59.0,Self-emp-not-inc,Married-civ-spouse,Farming-fishing,White,Male,United-States,face,0
34.0,14.0,0.0,0,59.0,Self-emp-not-inc,Married-civ-spouse,Farming-fishing,White,Male,United-States,face,0
27.0,10.0,0.0,0,50.0,Self-emp-not-inc,Married-civ-spouse,Farming-fishing,White,Male,United-States,face,0
31.0,4.0,0.0,0,59.0,Self-emp-not-inc,Married-civ-spouse,Prof-specialty,White,Male,United-States,face,0
28.0,9.0,0.0,0,34.0,Self-emp-not-inc,Married-civ-spouse,Prof-specialty,White,Male,United-States,face,0
28.0,9.0,0.0,0,34.0,Self-emp-not-inc,Married-civ-spouse,Prof-specialty,White,Male,United-States,face,0
28.0,14.0,0.0,0,39.0,Self-emp-not-inc,Never-married,Prof-specialty,White,Male,United-States,face,0
