age,education.num,capital.gain,capital.loss,hours.per.week,workclass,marital.status,occupation,race,sex,native.country,explainer,income
68.0,9.0,0,0.0,50.0,Private,Divorced,Sales,White,Male,United-States,dice,0
39.0,9.0,0,0.0,50.0,Private,Separated,Transport-moving,White,Male,United-States,dice,0
55.0,9.0,0,0.0,50.0,Without-pay,Married-civ-spouse,Sales,White,Male,United-States,dice,0
39.0,9.0,0,227.0,18.0,Private,Married-civ-spouse,Sales,White,Male,United-States,dice,0
68.0,9.0,0,0.0,50.0,Private,Married-spouse-absent,Sales,White,Male,United-States,dice,0
39.0,4.0,0,0.0,16.0,Private,Married-civ-spouse,Sales,White,Male,United-States,dice,0
65.0,9.0,0,0.0,50.0,Private,Married-AF-spouse,Sales,White,Male,United-States,dice,0
31.0,9.0,0,0.0,3.0,Private,Married-civ-spouse,Sales,White,Male,United-States,dice,0
39.0,9.0,0,1569.0,50.0,Private,Married-civ-spouse,Armed-Forces,White,Male,United-States,dice,0
39.0,9.0,0,0.0,90.0,Private,Married-civ-spouse,Armed-Forces,White,Male,United-States,dice,0
39.0,6.0,0,0.0,50.0,Private,Widowed,Sales,White,Male,United-States,dice,0
39.0,9.0,0,1489.0,50.0,Private,Married-civ-spouse,Armed-Forces,White,Male,United-States,dice,0
39.0,16.0,0,0.0,50.0,Never-worked,Married-civ-spouse,Sales,White,Male,United-States,dice,0
39.0,4.0,0,0.0,13.0,Private,Married-civ-spouse,Sales,White,Male,United-States,dice,0
73.0,9.0,0,0.0,50.0,Local-gov,Married-civ-spouse,Sales,White,Male,United-States,dice,0
92.0,9.0,0,0.0,50.0,Private,Married-civ-spouse,Sales,White,Male,United-States,dice,0
39.0,9.0,0,0.0,50.0,Never-worked,Widowed,Sales,White,Male,United-States,dice,0
78.0,9.0,0,0.0,26.0,Private,Married-civ-spouse,Sales,White,Male,United-States,dice,0
39.0,9.0,0,0.0,50.0,Self-emp-inc,Married-civ-spouse,Armed-Forces,White,Male,United-States,dice,0
39.0,9.0,0,0.0,23.0,Private,Married-civ-spouse,Craft-repair,White,Male,United-States,dice,0
34.0,7.0,0,0.0,45.0,Private,Married-civ-spouse,?,White,Male,United-States,fimap,0
35.0,7.0,0,0.0,46.0,Private,Married-civ-spouse,Transport-moving,White,Male,United-States,fimap,0
35.0,8.0,0,0.0,45.0,Private,Married-civ-spouse,Sales,White,Male,United-States,cadex,0
35.0,8.0,0,0.0,45.0,Private,Married-civ-spouse,Sales,White,Male,United-States,cadex,0
35.0,8.0,0,0.0,50.0,Private,Married-civ-spouse,Sales,White,Male,United-States,cadex,0
35.0,9.0,0,0.0,50.0,Private,Married-civ-spouse,Sales,White,Male,United-States,cadex,0
37.0,8.0,0,0.0,47.0,Private,Married-civ-spouse,Other-service,White,Male,United-States,fimap,0
38.0,8.0,0,0.0,48.0,Private,Married-civ-spouse,Protective-serv,White,Male,United-States,fimap,0
38.0,8.0,0,0.0,48.0,Private,Married-civ-spouse,Prof-specialty,White,Male,United-States,fimap,1
38.0,8.0,0,0.0,48.0,Private,Married-civ-spouse,Tech-support,White,Male,United-States,fimap,1
39.0,9.0,0,0.0,50.0,Private,Married-civ-spouse,Sales,White,Male,United-States,cadex,0
30.0,8.0,0,0.0,49.0,Private,Married-civ-spouse,Sales,White,Male,United-States,wachter,0
30.0,8.0,0,0.0,48.0,Private,Married-civ-spouse,Sales,White,Male,United-States,wachter,0
30.0,8.0,0,0.0,50.0,Private,Married-civ-spouse,Sales,White,Male,United-States,wachter,0
30.0,8.0,0,0.0,49.0,Private,Married-civ-spouse,Sales,White,Male,United-States,wachter,0
30.0,8.0,0,0.0,48.0,Private,Married-civ-spouse,Sales,White,Male,United-States,wachter,0
33.0,8.0,0,0.0,49.0,Private,Married-civ-spouse,Sales,White,Male,United-States,wachter,0
31.0,8.0,0,0.0,48.0,Private,Married-civ-spouse,Sales,White,Male,United-States,wachter,0
31.0,8.0,0,0.0,49.0,Private,Married-civ-spouse,Sales,White,Male,United-States,wachter,0
31.0,8.0,0,0.0,49.0,Private,Married-civ-spouse,Sales,White,Male,United-States,wachter,0
30.0,8.0,0,0.0,49.0,Private,Married-civ-spouse,Sales,White,Male,United-States,wachter,0
29.0,8.0,0,0.0,50.0,Private,Married-civ-spouse,Sales,White,Male,United-States,cem,0
39.0,9.0,0,0.0,50.0,Private,Married-civ-spouse,Machine-op-inspct,White,Male,Greece,cfproto,0
39.0,9.0,0,0.0,50.0,Private,Married-civ-spouse,Sales,White,Male,Dominican-Republic,cfproto,0
39.0,9.0,0,0.0,50.0,Private,Married-civ-spouse,Other-service,White,Male,Vietnam,cfproto,0
39.0,9.0,0,0.0,50.0,Private,Married-civ-spouse,Adm-clerical,White,Male,Trinadad&Tobago,cfproto,0
39.0,9.0,0,0.0,50.0,Without-pay,Married-civ-spouse,Machine-op-inspct,White,Male,United-States,cfproto,0
39.0,9.0,0,0.0,50.0,Private,Married-civ-spouse,Other-service,White,Male,United-States,cfproto,0
39.0,9.0,0,0.0,50.0,Without-pay,Married-civ-spouse,Sales,White,Male,Italy,cfproto,0
39.0,9.0,0,0.0,50.0,Private,Married-civ-spouse,Farming-fishing,White,Male,United-States,cfproto,0
39.0,9.0,0,0.0,50.0,Private,Married-civ-spouse,Protective-serv,White,Male,Dominican-Republic,cfproto,0
39.0,9.0,0,0.0,50.0,Without-pay,Married-civ-spouse,Machine-op-inspct,White,Male,United-States,cfproto,0
40.0,9.0,0,63.0,46.0,Federal-gov,Married-civ-spouse,?,White,Male,United-States,growing-spheres,0
40.0,9.0,0,72.0,54.0,?,Married-civ-spouse,Craft-repair,White,Male,United-States,growing-spheres,0
33.0,10.0,2358,0.0,60.0,Private,Divorced,?,White,Male,United-States,growing-spheres,0
40.0,9.0,4002,0.0,48.0,?,Married-civ-spouse,Armed-Forces,White,Male,United-States,growing-spheres,0
38.0,8.0,0,0.0,47.0,?,Divorced,Machine-op-inspct,White,Male,United-States,growing-spheres,0
34.0,8.0,6198,112.0,47.0,?,Divorced,Craft-repair,White,Male,United-States,growing-spheres,0
39.0,9.0,2282,160.0,50.0,Never-worked,Married-AF-spouse,Handlers-cleaners,White,Male,United-States,growing-spheres,0
37.0,9.0,141,31.0,49.0,Never-worked,Married-civ-spouse,Adm-clerical,White,Male,United-States,growing-spheres,0
38.0,9.0,0,0.0,49.0,?,Married-civ-spouse,Armed-Forces,White,Male,United-States,growing-spheres,0
37.0,9.0,0,0.0,45.0,Local-gov,Married-civ-spouse,Craft-repair,White,Male,United-States,growing-spheres,0
34.0,10.0,0,20.0,43.0,?,Married-civ-spouse,Adm-clerical,White,Male,United-States,growing-spheres,1
40.0,8.0,1492,0.0,46.0,Federal-gov,Divorced,Farming-fishing,White,Male,United-States,growing-spheres,0
38.0,8.0,0,0.0,51.0,?,Never-married,Adm-clerical,White,Male,United-States,growing-spheres,0
38.0,8.0,487,0.0,50.0,Never-worked,Married-civ-spouse,Adm-clerical,White,Male,United-States,growing-spheres,0
39.0,8.0,166,0.0,50.0,Federal-gov,Widowed,Handlers-cleaners,White,Male,United-States,growing-spheres,0
40.0,8.0,98,0.0,51.0,Local-gov,Married-AF-spouse,Exec-managerial,White,Male,United-States,growing-spheres,1
38.0,8.0,0,0.0,50.0,Private,Separated,Adm-clerical,White,Male,United-States,growing-spheres,0
42.0,8.0,0,0.0,50.0,Private,Divorced,?,White,Male,United-States,growing-spheres,0
41.0,8.0,1986,0.0,47.0,Local-gov,Divorced,Other-service,White,Male,United-States,growing-spheres,0
37.0,7.0,0,124.0,51.0,?,Divorced,Craft-repair,White,Male,United-States,growing-spheres,0
39.0,9.0,0,0.0,50.0,Private,Married-civ-spouse,Sales,White,Male,United-States,actionable-recourse,1
30.0,10.0,0,0.0,39.0,Private,Married-civ-spouse,Sales,White,Male,United-States,face,0
28.0,9.0,0,0.0,50.0,Private,Married-civ-spouse,Sales,White,Male,United-States,face,0
38.0,7.0,0,0.0,50.0,Private,Married-civ-spouse,Sales,White,Male,United-States,face,0
32.0,8.0,0,0.0,39.0,Private,Married-civ-spouse,Sales,White,Male,United-States,face,0
30.0,9.0,0,0.0,44.0,Private,Married-civ-spouse,Sales,White,Male,United-States,face,0
27.0,9.0,0,0.0,59.0,Private,Married-civ-spouse,Sales,White,Male,United-States,face,0
33.0,9.0,0,0.0,39.0,Private,Married-civ-spouse,Sales,White,Male,United-States,face,0
31.0,9.0,0,0.0,39.0,Private,Married-civ-spouse,Sales,White,Male,United-States,face,0
28.0,9.0,0,0.0,50.0,Private,Married-civ-spouse,Sales,White,Male,United-States,face,0
30.0,10.0,0,0.0,39.0,Private,Married-civ-spouse,Sales,White,Male,United-States,face,0
