age,education.num,capital.gain,capital.loss,hours.per.week,workclass,marital.status,occupation,race,sex,native.country,explainer,income
41.0,10.0,0.0,2539.0,40.0,State-gov,Never-married,Prof-specialty,White,Male,United-States,dice,1
86.0,10.0,78228.0,0.0,40.0,State-gov,Never-married,Prof-specialty,White,Male,United-States,dice,1
41.0,10.0,41079.0,0.0,40.0,State-gov,Never-married,Prof-specialty,White,Male,United-States,dice,1
41.0,10.0,13547.0,0.0,40.0,State-gov,Married-AF-spouse,Prof-specialty,White,Male,United-States,dice,1
41.0,10.0,0.0,3500.0,40.0,State-gov,Married-AF-spouse,Prof-specialty,White,Male,United-States,dice,1
41.0,10.0,97417.0,0.0,40.0,State-gov,Never-married,Prof-specialty,White,Male,United-States,dice,1
41.0,10.0,77349.0,0.0,40.0,State-gov,Never-married,Prof-specialty,White,Male,United-States,dice,1
41.0,10.0,0.0,0.0,40.0,State-gov,Married-AF-spouse,Protective-serv,White,Male,United-States,dice,1
41.0,10.0,35690.0,0.0,40.0,State-gov,Married-spouse-absent,Prof-specialty,White,Male,United-States,dice,1
41.0,10.0,35338.0,0.0,40.0,State-gov,Never-married,Prof-specialty,White,Male,United-States,dice,1
41.0,10.0,0.0,0.0,33.0,State-gov,Married-civ-spouse,Prof-specialty,White,Male,United-States,dice,1
41.0,10.0,21698.0,0.0,40.0,State-gov,Never-married,Prof-specialty,White,Male,United-States,dice,1
41.0,10.0,53087.0,0.0,40.0,State-gov,Never-married,Prof-specialty,White,Male,United-States,dice,1
41.0,10.0,54196.0,0.0,40.0,State-gov,Never-married,Machine-op-inspct,White,Male,United-States,dice,1
41.0,10.0,41342.0,0.0,40.0,State-gov,Never-married,Prof-specialty,White,Male,United-States,dice,1
41.0,10.0,86389.0,2444.0,40.0,State-gov,Never-married,Prof-specialty,White,Male,United-States,dice,1
41.0,8.0,0.0,0.0,40.0,State-gov,Married-AF-spouse,Prof-specialty,White,Male,United-States,dice,1
41.0,10.0,44676.0,82.0,40.0,State-gov,Never-married,Prof-specialty,White,Male,United-States,dice,1
87.0,10.0,0.0,3124.0,40.0,State-gov,Never-married,Prof-specialty,White,Male,United-States,dice,1
41.0,10.0,72288.0,3911.0,40.0,State-gov,Never-married,Prof-specialty,White,Male,United-States,dice,1
41.0,10.0,4999.0,0.0,40.0,State-gov,Never-married,Prof-specialty,White,Male,United-States,cadex,1
43.0,10.0,3707.0,27.0,41.0,Private,Divorced,Protective-serv,White,Male,United-States,fimap,0
43.0,10.0,4188.0,30.0,41.0,Private,Married-civ-spouse,Handlers-cleaners,White,Male,United-States,fimap,1
44.0,10.0,4131.0,30.0,41.0,Private,Married-civ-spouse,Tech-support,White,Male,United-States,fimap,1
44.0,10.0,4999.0,0.0,40.0,State-gov,Never-married,Prof-specialty,White,Male,United-States,cadex,1
44.0,10.0,4999.0,0.0,44.0,State-gov,Never-married,Prof-specialty,White,Male,United-States,cadex,1
44.0,10.0,4999.0,0.0,44.0,State-gov,Never-married,Prof-specialty,White,Male,United-States,cadex,1
44.0,10.0,4999.0,217.0,44.0,State-gov,Never-married,Prof-specialty,White,Male,United-States,cadex,1
45.0,10.0,6457.0,66.0,42.0,Private,Married-civ-spouse,Sales,White,Male,United-States,fimap,1
45.0,10.0,6081.0,61.0,42.0,Private,Married-civ-spouse,Machine-op-inspct,White,Male,United-States,fimap,1
45.0,10.0,5086.0,44.0,41.0,Private,Married-civ-spouse,Transport-moving,White,Male,United-States,fimap,1
41.0,10.0,2576.0,1.0,59.0,State-gov,Never-married,Prof-specialty,White,Male,United-States,wachter,1
53.0,10.0,0.0,0.0,92.0,State-gov,Never-married,Prof-specialty,White,Male,United-States,wachter,1
40.0,9.0,3287.0,0.0,55.0,State-gov,Never-married,Prof-specialty,White,Male,United-States,wachter,0
45.0,9.0,1821.0,0.0,59.0,State-gov,Never-married,Prof-specialty,White,Male,United-States,wachter,0
40.0,10.0,3839.0,0.0,49.0,State-gov,Never-married,Prof-specialty,White,Male,United-States,wachter,0
52.0,9.0,0.0,0.0,80.0,State-gov,Never-married,Prof-specialty,White,Male,United-States,wachter,0
54.0,10.0,0.0,0.0,80.0,State-gov,Never-married,Prof-specialty,White,Male,United-States,wachter,1
40.0,10.0,1402.0,2.0,63.0,State-gov,Never-married,Prof-specialty,White,Male,United-States,wachter,0
47.0,10.0,1055.0,0.0,67.0,State-gov,Never-married,Prof-specialty,White,Male,United-States,wachter,1
40.0,10.0,5024.0,0.0,40.0,State-gov,Never-married,Prof-specialty,White,Male,United-States,wachter,0
41.0,10.0,6580.0,0.0,40.0,State-gov,Never-married,Prof-specialty,White,Male,United-States,cem,1
48.0,10.0,40832.0,0.0,41.0,?,Never-married,Protective-serv,White,Male,Outlying-US(Guam-USVI-etc),cfproto,1
41.0,10.0,7813.0,0.0,40.0,State-gov,Never-married,Prof-specialty,White,Male,?,cfproto,1
38.0,10.0,44616.0,0.0,40.0,Self-emp-inc,Never-married,Prof-specialty,White,Male,Philippines,cfproto,1
41.0,10.0,0.0,0.0,40.0,Self-emp-inc,Never-married,Prof-specialty,White,Male,Philippines,cfproto,1
39.0,10.0,33234.0,0.0,40.0,Self-emp-not-inc,Never-married,Prof-specialty,White,Male,Greece,cfproto,1
41.0,10.0,8587.0,0.0,40.0,Private,Never-married,Prof-specialty,White,Male,Italy,cfproto,1
41.0,10.0,21133.0,0.0,40.0,State-gov,Never-married,Prof-specialty,White,Male,Germany,cfproto,1
41.0,10.0,7813.0,0.0,40.0,State-gov,Never-married,Prof-specialty,White,Male,?,cfproto,1
49.0,10.0,23752.0,0.0,29.0,?,Divorced,?,White,Male,United-States,growing-spheres,1
58.0,11.0,33185.0,1128.0,67.0,State-gov,Married-AF-spouse,Armed-Forces,White,Male,United-States,growing-spheres,1
66.0,9.0,21990.0,0.0,51.0,Federal-gov,Married-AF-spouse,Prof-specialty,White,Male,United-States,growing-spheres,1
35.0,11.0,11921.0,0.0,23.0,Private,Married-AF-spouse,Exec-managerial,White,Male,United-States,growing-spheres,1
44.0,11.0,27347.0,0.0,62.0,Local-gov,Divorced,Armed-Forces,White,Male,United-States,growing-spheres,1
26.0,8.0,16328.0,0.0,65.0,Federal-gov,Divorced,Exec-managerial,White,Male,United-States,growing-spheres,1
53.0,14.0,42061.0,0.0,27.0,Never-worked,Married-spouse-absent,Prof-specialty,White,Male,United-States,growing-spheres,1
34.0,13.0,40240.0,583.0,45.0,?,Divorced,Craft-repair,White,Male,United-States,growing-spheres,1
27.0,9.0,28293.0,183.0,55.0,Private,Divorced,Adm-clerical,White,Male,United-States,growing-spheres,1
29.0,9.0,19341.0,1029.0,44.0,?,Married-AF-spouse,Exec-managerial,White,Male,United-States,growing-spheres,1
32.0,12.0,34305.0,297.0,36.0,?,Divorced,Adm-clerical,White,Male,United-States,growing-spheres,1
46.0,12.0,19708.0,0.0,37.0,?,Divorced,?,White,Male,United-States,growing-spheres,1
43.0,14.0,23370.0,0.0,16.0,Federal-gov,Divorced,Adm-clerical,White,Male,United-States,growing-spheres,1
30.0,14.0,20932.0,521.0,39.0,Self-emp-not-inc,Divorced,Exec-managerial,White,Male,United-States,growing-spheres,1
26.0,10.0,23548.0,101.0,61.0,Local-gov,Married-AF-spouse,?,White,Male,United-States,growing-spheres,1
42.0,12.0,41429.0,641.0,43.0,Federal-gov,Married-AF-spouse,?,White,Male,United-States,growing-spheres,1
45.0,9.0,23954.0,0.0,48.0,Local-gov,Married-civ-spouse,?,White,Male,United-States,growing-spheres,1
41.0,10.0,52395.0,611.0,33.0,?,Married-spouse-absent,Handlers-cleaners,White,Male,United-States,growing-spheres,1
46.0,10.0,23878.0,0.0,43.0,?,Married-AF-spouse,Adm-clerical,White,Male,United-States,growing-spheres,1
42.0,11.0,8882.0,230.0,35.0,Local-gov,Married-AF-spouse,Machine-op-inspct,White,Male,United-States,growing-spheres,1
41.0,10.0,0.0,0.0,39.0,State-gov,Married-AF-spouse,Prof-specialty,White,Male,United-States,actionable-recourse,1
53.0,11.0,4386.0,0.0,39.0,State-gov,Married-civ-spouse,Prof-specialty,White,Male,United-States,face,1
42.0,9.0,0.0,0.0,39.0,State-gov,Married-civ-spouse,Prof-specialty,White,Male,United-States,face,1
42.0,9.0,4650.0,0.0,39.0,Private,Never-married,Prof-specialty,White,Male,United-States,face,1
41.0,14.0,0.0,0.0,39.0,State-gov,Married-civ-spouse,Prof-specialty,White,Male,United-States,face,1
37.0,11.0,8614.0,0.0,39.0,State-gov,Never-married,Prof-specialty,White,Male,United-States,face,1
49.0,10.0,0.0,0.0,50.0,State-gov,Married-civ-spouse,Prof-specialty,White,Male,United-States,face,1
39.0,13.0,0.0,0.0,39.0,Private,Never-married,Prof-specialty,White,Male,United-States,face,1
37.0,11.0,8614.0,0.0,39.0,State-gov,Never-married,Prof-specialty,White,Male,United-States,face,1
49.0,10.0,0.0,0.0,39.0,State-gov,Married-civ-spouse,Prof-specialty,White,Male,United-States,face,1
39.0,13.0,0.0,0.0,39.0,State-gov,Married-civ-spouse,Prof-specialty,White,Male,United-States,face,1
