age,education.num,capital.gain,capital.loss,hours.per.week,workclass,marital.status,occupation,race,sex,native.country,explainer,income
41.0,13.0,0,0.0,65.0,Private,Married-civ-spouse,Priv-house-serv,White,Male,United-States,dice,0
91.0,13.0,0,0.0,7.0,Private,Married-civ-spouse,Tech-support,White,Male,United-States,dice,0
88.0,13.0,0,0.0,40.0,Private,Divorced,Tech-support,White,Male,United-States,dice,0
41.0,13.0,0,0.0,40.0,Self-emp-inc,Married-civ-spouse,Armed-Forces,White,Male,United-States,dice,0
41.0,6.0,0,0.0,40.0,Private,Separated,Tech-support,White,Male,United-States,dice,0
54.0,13.0,0,0.0,40.0,Without-pay,Married-civ-spouse,Tech-support,White,Male,United-States,dice,0
41.0,6.0,0,0.0,40.0,Private,Divorced,Tech-support,White,Male,United-States,dice,0
41.0,13.0,0,0.0,31.0,Private,Married-civ-spouse,Armed-Forces,White,Male,United-States,dice,0
20.0,13.0,0,457.0,40.0,Private,Married-civ-spouse,Tech-support,White,Male,United-States,dice,0
77.0,1.0,0,0.0,40.0,Private,Married-civ-spouse,Tech-support,White,Male,United-States,dice,0
41.0,13.0,0,1877.0,40.0,Private,Married-civ-spouse,Priv-house-serv,White,Male,United-States,dice,0
41.0,2.0,0,0.0,40.0,Never-worked,Married-civ-spouse,Tech-support,White,Male,United-States,dice,0
41.0,1.0,0,0.0,46.0,Private,Married-civ-spouse,Tech-support,White,Male,United-States,dice,0
41.0,13.0,0,0.0,40.0,State-gov,Never-married,Tech-support,White,Male,United-States,dice,0
60.0,13.0,0,0.0,40.0,Private,Married-spouse-absent,Tech-support,White,Male,United-States,dice,0
41.0,13.0,0,533.0,40.0,Private,Never-married,Tech-support,White,Male,United-States,dice,0
94.0,5.0,0,0.0,40.0,Private,Married-civ-spouse,Tech-support,White,Male,United-States,dice,0
17.0,13.0,0,0.0,24.0,Private,Married-civ-spouse,Tech-support,White,Male,United-States,dice,0
41.0,1.0,0,0.0,75.0,Private,Married-civ-spouse,Tech-support,White,Male,United-States,dice,0
41.0,1.0,0,0.0,40.0,Private,Married-civ-spouse,Tech-support,White,Male,United-States,dice,0
33.0,11.0,0,0.0,30.0,Private,Married-civ-spouse,Tech-support,White,Male,United-States,cadex,0
33.0,11.0,0,0.0,30.0,Private,Married-civ-spouse,Tech-support,White,Male,United-States,cadex,0
33.0,11.0,0,0.0,40.0,Private,Married-civ-spouse,Tech-support,White,Male,United-States,cadex,0
33.0,11.0,0,0.0,34.0,Private,Never-married,Machine-op-inspct,White,Male,United-States,fimap,0
33.0,11.0,0,0.0,34.0,Private,Married-civ-spouse,Protective-serv,White,Male,United-States,fimap,0
37.0,12.0,0,0.0,37.0,Private,Married-civ-spouse,Prof-specialty,White,Male,United-States,fimap,1
39.0,12.0,0,0.0,38.0,Private,Married-civ-spouse,Farming-fishing,White,Male,United-States,fimap,0
39.0,12.0,0,0.0,38.0,Private,Married-civ-spouse,Farming-fishing,White,Male,United-States,fimap,0
39.0,12.0,0,0.0,38.0,Private,Married-civ-spouse,Machine-op-inspct,White,Male,United-States,fimap,0
41.0,11.0,0,0.0,40.0,Private,Married-civ-spouse,Tech-support,White,Male,United-States,cadex,0
41.0,11.0,0,0.0,40.0,Private,Married-civ-spouse,Tech-support,White,Male,United-States,cadex,0
41.0,13.0,0,0.0,40.0,Private,Married-civ-spouse,Tech-support,White,Male,United-States,cadex,0
41.0,13.0,0,0.0,40.0,Private,Married-civ-spouse,Tech-support,White,Male,United-States,cadex,0
41.0,13.0,0,0.0,40.0,Private,Married-civ-spouse,Tech-support,White,Male,United-States,cadex,0
46.0,12.0,0,0.0,27.0,Private,Married-civ-spouse,Tech-support,White,Male,United-States,wachter,1
41.0,12.0,0,0.0,29.0,Private,Married-civ-spouse,Tech-support,White,Male,United-States,wachter,1
60.0,9.0,0,0.0,44.0,Private,Married-civ-spouse,Tech-support,White,Male,United-States,wachter,1
36.0,12.0,0,0.0,39.0,Private,Married-civ-spouse,Tech-support,White,Male,United-States,wachter,1
40.0,13.0,0,0.0,39.0,Private,Married-civ-spouse,Tech-support,White,Male,United-States,wachter,1
38.0,12.0,0,0.0,36.0,Private,Married-civ-spouse,Tech-support,White,Male,United-States,wachter,1
41.0,12.0,0,0.0,39.0,Private,Married-civ-spouse,Tech-support,White,Male,United-States,wachter,1
51.0,10.0,0,0.0,43.0,Private,Married-civ-spouse,Tech-support,White,Male,United-States,wachter,1
38.0,11.0,0,0.0,43.0,Private,Married-civ-spouse,Tech-support,White,Male,United-States,wachter,1
34.0,13.0,0,0.0,39.0,Private,Married-civ-spouse,Tech-support,White,Male,United-States,wachter,1
27.0,13.0,0,0.0,40.0,Private,Married-civ-spouse,Tech-support,White,Male,United-States,cem,1
41.0,13.0,0,0.0,40.0,State-gov,Married-civ-spouse,Other-service,White,Male,?,cfproto,0
41.0,13.0,0,0.0,40.0,State-gov,Married-civ-spouse,Other-service,White,Male,?,cfproto,0
40.0,12.0,0,0.0,40.0,Federal-gov,Married-civ-spouse,Farming-fishing,White,Male,United-States,growing-spheres,0
35.0,13.0,0,378.0,40.0,?,Married-civ-spouse,Adm-clerical,White,Male,United-States,growing-spheres,0
41.0,12.0,0,9.0,40.0,Private,Separated,Machine-op-inspct,White,Male,United-States,growing-spheres,0
39.0,12.0,437,0.0,38.0,?,Married-civ-spouse,Exec-managerial,White,Male,United-States,growing-spheres,1
44.0,14.0,902,173.0,39.0,Never-worked,Never-married,?,White,Male,United-States,growing-spheres,0
40.0,13.0,0,0.0,40.0,Local-gov,Married-AF-spouse,Farming-fishing,White,Male,United-States,growing-spheres,0
44.0,13.0,8459,0.0,39.0,?,Divorced,Armed-Forces,White,Male,United-States,growing-spheres,0
37.0,11.0,4606,387.0,42.0,?,Never-married,Machine-op-inspct,White,Male,United-States,growing-spheres,0
41.0,12.0,0,0.0,47.0,Private,Married-civ-spouse,Adm-clerical,White,Male,United-States,growing-spheres,1
41.0,13.0,1951,387.0,41.0,Federal-gov,Divorced,?,White,Male,United-States,growing-spheres,1
41.0,13.0,0,0.0,40.0,Federal-gov,Divorced,Armed-Forces,White,Male,United-States,growing-spheres,0
38.0,12.0,2346,62.0,39.0,?,Divorced,?,White,Male,United-States,growing-spheres,0
40.0,13.0,232,0.0,39.0,Federal-gov,Married-civ-spouse,?,White,Male,United-States,growing-spheres,1
40.0,12.0,292,3.0,40.0,Local-gov,Married-civ-spouse,Farming-fishing,White,Male,United-States,growing-spheres,0
36.0,12.0,0,8.0,39.0,Federal-gov,Married-civ-spouse,Exec-managerial,White,Male,United-States,growing-spheres,1
42.0,14.0,0,122.0,37.0,Local-gov,Married-civ-spouse,Protective-serv,White,Male,United-States,growing-spheres,1
38.0,13.0,0,73.0,54.0,Local-gov,Married-civ-spouse,Adm-clerical,White,Male,United-States,growing-spheres,0
40.0,12.0,129,0.0,39.0,Never-worked,Divorced,?,White,Male,United-States,growing-spheres,0
41.0,12.0,863,0.0,39.0,Private,Widowed,?,White,Male,United-States,growing-spheres,0
31.0,14.0,0,0.0,33.0,Private,Married-civ-spouse,Farming-fishing,White,Male,United-States,growing-spheres,0
24.0,10.0,0,0.0,39.0,Private,Married-civ-spouse,Tech-support,White,Male,United-States,face,0
20.0,9.0,0,0.0,39.0,Private,Married-civ-spouse,Tech-support,White,Male,United-States,face,0
29.0,13.0,0,0.0,39.0,Private,Never-married,Tech-support,White,Male,United-States,face,0
22.0,10.0,0,0.0,39.0,Private,Married-civ-spouse,Tech-support,White,Male,United-States,face,0
42.0,13.0,0,0.0,39.0,Private,Divorced,Tech-support,White,Male,United-States,face,0
23.0,10.0,0,0.0,42.0,Private,Married-civ-spouse,Tech-support,White,Male,United-States,face,0
39.0,13.0,0,0.0,39.0,Private,Divorced,Tech-support,White,Male,United-States,face,0
27.0,10.0,0,0.0,39.0,Private,Married-civ-spouse,Tech-support,White,Male,United-States,face,0
27.0,10.0,0,0.0,39.0,Private,Married-civ-spouse,Tech-support,White,Male,United-States,face,0
20.0,9.0,0,0.0,39.0,Private,Married-civ-spouse,Tech-support,White,Male,United-States,face,0
