age,education.num,capital.gain,capital.loss,hours.per.week,workclass,marital.status,occupation,race,sex,native.country,explainer,income
50.0,10.0,0,0.0,4.0,Self-emp-not-inc,Divorced,Craft-repair,White,Male,United-States,dice,0
50.0,4.0,0,0.0,55.0,Self-emp-not-inc,Married-civ-spouse,Craft-repair,White,Male,United-States,dice,0
50.0,10.0,0,0.0,18.0,Self-emp-not-inc,Married-civ-spouse,Other-service,White,Male,United-States,dice,0
50.0,10.0,0,0.0,48.0,Self-emp-not-inc,Married-civ-spouse,Craft-repair,White,Male,United-States,dice,0
50.0,10.0,0,0.0,2.0,Self-emp-not-inc,Married-civ-spouse,Sales,White,Male,United-States,dice,0
87.0,10.0,0,0.0,55.0,Self-emp-not-inc,Married-civ-spouse,Exec-managerial,White,Male,United-States,dice,0
50.0,10.0,0,0.0,23.0,Self-emp-not-inc,Married-civ-spouse,Craft-repair,White,Male,United-States,dice,0
92.0,10.0,0,0.0,55.0,Self-emp-not-inc,Married-civ-spouse,Craft-repair,White,Male,United-States,dice,0
50.0,12.0,0,0.0,55.0,Self-emp-not-inc,Married-AF-spouse,Craft-repair,White,Male,United-States,dice,0
32.0,10.0,0,0.0,35.0,Self-emp-not-inc,Married-civ-spouse,Craft-repair,White,Male,United-States,dice,0
50.0,10.0,0,0.0,55.0,Self-emp-not-inc,Separated,Prof-specialty,White,Male,United-States,dice,0
35.0,10.0,0,0.0,55.0,Without-pay,Married-civ-spouse,Craft-repair,White,Male,United-States,dice,0
50.0,3.0,0,1139.0,55.0,Self-emp-not-inc,Married-civ-spouse,Craft-repair,White,Male,United-States,dice,0
50.0,10.0,0,0.0,55.0,Self-emp-not-inc,Married-AF-spouse,Sales,White,Male,United-States,dice,0
63.0,8.0,0,0.0,55.0,Self-emp-not-inc,Married-civ-spouse,Craft-repair,White,Male,United-States,dice,0
50.0,10.0,0,0.0,55.0,Self-emp-not-inc,Divorced,Exec-managerial,White,Male,United-States,dice,0
50.0,10.0,0,0.0,55.0,Self-emp-not-inc,Never-married,Adm-clerical,White,Male,United-States,dice,0
50.0,10.0,0,0.0,55.0,Self-emp-not-inc,Divorced,Handlers-cleaners,White,Male,United-States,dice,0
24.0,10.0,0,0.0,55.0,Self-emp-not-inc,Widowed,Craft-repair,White,Male,United-States,dice,0
50.0,10.0,0,0.0,51.0,Self-emp-not-inc,Married-civ-spouse,Other-service,White,Male,United-States,dice,0
48.0,9.0,0,0.0,53.0,Private,Divorced,Craft-repair,White,Male,United-States,fimap,0
48.0,9.0,0,0.0,52.0,Private,Married-civ-spouse,Exec-managerial,White,Male,United-States,fimap,1
49.0,9.0,0,3.0,54.0,Private,Never-married,Prof-specialty,White,Male,United-States,fimap,0
49.0,9.0,0,0.0,54.0,Private,Married-civ-spouse,Farming-fishing,White,Male,United-States,fimap,0
49.0,9.0,0,0.0,54.0,Private,Married-civ-spouse,Machine-op-inspct,White,Male,United-States,fimap,1
50.0,9.0,0,0.0,50.0,Self-emp-not-inc,Married-civ-spouse,Craft-repair,White,Male,United-States,cadex,0
50.0,9.0,0,0.0,54.0,Self-emp-not-inc,Married-civ-spouse,Craft-repair,White,Male,United-States,cadex,0
50.0,10.0,0,0.0,54.0,Self-emp-not-inc,Married-civ-spouse,Craft-repair,White,Male,United-States,cadex,0
50.0,10.0,0,0.0,54.0,Self-emp-not-inc,Married-civ-spouse,Craft-repair,White,Male,United-States,cadex,0
50.0,9.0,0,0.0,52.0,Private,Married-civ-spouse,Sales,White,Male,United-States,fimap,1
53.0,9.0,0,0.0,50.0,Self-emp-not-inc,Married-civ-spouse,Craft-repair,White,Male,United-States,cadex,0
50.0,9.0,0,0.0,50.0,Self-emp-not-inc,Married-civ-spouse,Craft-repair,White,Male,United-States,wachter,0
50.0,9.0,0,0.0,54.0,Self-emp-not-inc,Married-civ-spouse,Craft-repair,White,Male,United-States,wachter,0
45.0,10.0,0,0.0,72.0,Self-emp-not-inc,Married-civ-spouse,Craft-repair,White,Male,United-States,wachter,1
50.0,9.0,0,0.0,54.0,Self-emp-not-inc,Married-civ-spouse,Craft-repair,White,Male,United-States,wachter,0
49.0,9.0,0,0.0,50.0,Self-emp-not-inc,Married-civ-spouse,Craft-repair,White,Male,United-States,wachter,0
48.0,9.0,0,0.0,54.0,Self-emp-not-inc,Married-civ-spouse,Craft-repair,White,Male,United-States,wachter,0
51.0,9.0,0,0.0,78.0,Self-emp-not-inc,Married-civ-spouse,Craft-repair,White,Male,United-States,wachter,1
50.0,9.0,0,0.0,54.0,Self-emp-not-inc,Married-civ-spouse,Craft-repair,White,Male,United-States,wachter,0
50.0,9.0,0,0.0,55.0,Self-emp-not-inc,Married-civ-spouse,Craft-repair,White,Male,United-States,wachter,0
50.0,9.0,0,0.0,55.0,Self-emp-not-inc,Married-civ-spouse,Craft-repair,White,Male,United-States,wachter,0
50.0,8.0,0,0.0,54.0,Self-emp-not-inc,Married-civ-spouse,Craft-repair,White,Male,United-States,cem,0
50.0,9.0,0,0.0,54.0,Self-emp-inc,Married-civ-spouse,Other-service,White,Male,India,cfproto,0
50.0,10.0,0,0.0,54.0,Self-emp-not-inc,Married-civ-spouse,Craft-repair,White,Male,Germany,cfproto,0
50.0,10.0,0,0.0,54.0,Self-emp-not-inc,Married-civ-spouse,Craft-repair,White,Male,Germany,cfproto,0
50.0,10.0,0,0.0,58.0,?,Divorced,Armed-Forces,White,Male,United-States,growing-spheres,0
50.0,10.0,14,0.0,55.0,?,Divorced,Adm-clerical,White,Male,United-States,growing-spheres,0
50.0,9.0,1071,0.0,53.0,Self-emp-not-inc,Married-civ-spouse,Armed-Forces,White,Male,United-States,growing-spheres,0
50.0,10.0,234,0.0,55.0,Local-gov,Divorced,Craft-repair,White,Male,United-States,growing-spheres,0
53.0,9.0,0,578.0,62.0,Federal-gov,Married-civ-spouse,Armed-Forces,White,Male,United-States,growing-spheres,0
57.0,10.0,4178,0.0,51.0,Private,Married-civ-spouse,Craft-repair,White,Male,United-States,growing-spheres,1
49.0,9.0,0,72.0,59.0,Local-gov,Married-civ-spouse,Craft-repair,White,Male,United-States,growing-spheres,0
46.0,9.0,723,0.0,58.0,Never-worked,Married-civ-spouse,?,White,Male,United-States,growing-spheres,0
52.0,8.0,0,283.0,57.0,Private,Married-AF-spouse,Adm-clerical,White,Male,United-States,growing-spheres,0
47.0,10.0,2790,0.0,50.0,?,Married-civ-spouse,Adm-clerical,White,Male,United-States,growing-spheres,1
50.0,9.0,2351,0.0,53.0,Self-emp-not-inc,Married-AF-spouse,Exec-managerial,White,Male,United-States,growing-spheres,1
50.0,9.0,0,4.0,54.0,Federal-gov,Married-civ-spouse,?,White,Male,United-States,growing-spheres,1
54.0,9.0,0,0.0,51.0,Self-emp-not-inc,Married-civ-spouse,Armed-Forces,White,Male,United-States,growing-spheres,0
55.0,10.0,5091,145.0,59.0,Federal-gov,Married-AF-spouse,Adm-clerical,White,Male,United-States,growing-spheres,1
48.0,8.0,8503,217.0,43.0,Self-emp-not-inc,Married-civ-spouse,Armed-Forces,White,Male,United-States,growing-spheres,1
48.0,10.0,995,0.0,53.0,Without-pay,Married-AF-spouse,?,White,Male,United-States,growing-spheres,0
50.0,9.0,933,0.0,54.0,Local-gov,Married-civ-spouse,Adm-clerical,White,Male,United-States,growing-spheres,1
52.0,10.0,2093,136.0,52.0,Never-worked,Divorced,Craft-repair,White,Male,United-States,growing-spheres,0
48.0,8.0,0,0.0,58.0,Self-emp-not-inc,Divorced,Craft-repair,White,Male,United-States,growing-spheres,0
46.0,10.0,0,42.0,58.0,Federal-gov,Divorced,Craft-repair,White,Male,United-States,growing-spheres,0
50.0,10.0,0,0.0,54.0,Self-emp-not-inc,Married-civ-spouse,Craft-repair,White,Male,United-States,actionable-recourse,1
49.0,9.0,0,0.0,59.0,Self-emp-not-inc,Married-civ-spouse,Craft-repair,White,Male,United-States,face,0
45.0,9.0,0,0.0,50.0,Self-emp-not-inc,Married-civ-spouse,Craft-repair,White,Male,United-States,face,0
38.0,9.0,0,0.0,50.0,Self-emp-not-inc,Married-civ-spouse,Craft-repair,White,Male,United-States,face,0
57.0,9.0,0,0.0,50.0,Self-emp-not-inc,Married-civ-spouse,Craft-repair,White,Male,United-States,face,0
53.0,9.0,0,0.0,59.0,Self-emp-not-inc,Married-civ-spouse,Craft-repair,White,Male,United-States,face,0
53.0,9.0,0,0.0,59.0,Self-emp-not-inc,Married-civ-spouse,Craft-repair,White,Male,United-States,face,0
49.0,10.0,0,0.0,50.0,Self-emp-not-inc,Married-civ-spouse,Craft-repair,White,Male,United-States,face,0
48.0,10.0,0,0.0,39.0,Self-emp-not-inc,Married-civ-spouse,Craft-repair,White,Male,United-States,face,0
42.0,10.0,0,0.0,44.0,Self-emp-not-inc,Married-civ-spouse,Craft-repair,White,Male,United-States,face,0
49.0,9.0,0,0.0,39.0,Self-emp-not-inc,Married-civ-spouse,Craft-repair,White,Male,United-States,face,0
