age,education.num,capital.gain,capital.loss,hours.per.week,workclass,marital.status,occupation,race,sex,native.country,explainer,income
19.0,10.0,15024.0,0,50.0,Never-worked,Married-civ-spouse,Exec-managerial,White,Male,United-States,dice,0
53.0,10.0,15024.0,0,25.0,Without-pay,Married-civ-spouse,Exec-managerial,White,Male,United-States,dice,0
27.0,10.0,15024.0,0,50.0,Without-pay,Married-civ-spouse,Exec-managerial,White,Male,United-States,dice,0
53.0,10.0,15024.0,0,17.0,Without-pay,Married-civ-spouse,Exec-managerial,White,Male,United-States,dice,0
42.0,10.0,15024.0,0,50.0,Self-emp-inc,Married-civ-spouse,Priv-house-serv,White,Male,United-States,dice,0
53.0,10.0,3902.0,0,50.0,Self-emp-inc,Married-civ-spouse,Priv-house-serv,White,Male,United-States,dice,0
53.0,2.0,15024.0,0,50.0,Without-pay,Married-civ-spouse,Exec-managerial,White,Male,United-States,dice,0
53.0,10.0,15024.0,0,50.0,Without-pay,Married-civ-spouse,Transport-moving,White,Male,United-States,dice,0
53.0,10.0,15024.0,0,50.0,Without-pay,Never-married,Exec-managerial,White,Male,United-States,dice,0
53.0,10.0,15024.0,0,14.0,Self-emp-inc,Married-civ-spouse,Priv-house-serv,White,Male,United-States,dice,0
71.0,10.0,15024.0,0,50.0,Without-pay,Married-civ-spouse,Exec-managerial,White,Male,United-States,dice,0
53.0,10.0,15024.0,0,50.0,Without-pay,Married-civ-spouse,Farming-fishing,White,Male,United-States,dice,0
53.0,10.0,15024.0,0,50.0,Self-emp-inc,Separated,Priv-house-serv,White,Male,United-States,dice,0
24.0,10.0,15024.0,0,50.0,Without-pay,Married-civ-spouse,Exec-managerial,White,Male,United-States,dice,0
53.0,10.0,15024.0,0,50.0,Without-pay,Married-civ-spouse,Protective-serv,White,Male,United-States,dice,0
53.0,10.0,5178.0,0,50.0,Without-pay,Married-civ-spouse,Exec-managerial,White,Male,United-States,dice,0
53.0,10.0,15024.0,0,50.0,Without-pay,Married-civ-spouse,Priv-house-serv,White,Male,United-States,dice,0
53.0,10.0,15024.0,0,50.0,Without-pay,Married-civ-spouse,Other-service,White,Male,United-States,dice,0
96.0,10.0,15024.0,0,50.0,Without-pay,Married-civ-spouse,Exec-managerial,White,Male,United-States,dice,0
53.0,10.0,4914.0,0,50.0,Without-pay,Married-civ-spouse,Exec-managerial,White,Male,United-States,dice,0
37.0,6.0,0.0,0,41.0,Private,Married-civ-spouse,Prof-specialty,White,Male,United-States,fimap,0
37.0,6.0,0.0,0,41.0,Private,Married-civ-spouse,Exec-managerial,White,Male,United-States,fimap,0
40.0,7.0,0.0,0,31.0,Self-emp-inc,Married-civ-spouse,Exec-managerial,White,Male,United-States,cadex,0
41.0,7.0,1667.0,0,44.0,Private,Married-civ-spouse,?,White,Male,United-States,fimap,0
48.0,8.0,2778.0,0,44.0,Private,Married-civ-spouse,Sales,White,Male,United-States,fimap,1
48.0,8.0,2627.0,0,44.0,Private,Married-civ-spouse,Protective-serv,White,Male,United-States,fimap,1
48.0,8.0,2436.0,0,44.0,Private,Divorced,Machine-op-inspct,White,Male,United-States,fimap,0
53.0,6.0,0.0,0,50.0,Self-emp-inc,Married-civ-spouse,Exec-managerial,White,Male,United-States,cadex,0
53.0,6.0,0.0,0,50.0,Self-emp-inc,Married-civ-spouse,Exec-managerial,White,Male,United-States,cadex,0
53.0,7.0,0.0,0,50.0,Self-emp-inc,Married-civ-spouse,Exec-managerial,White,Male,United-States,cadex,0
53.0,7.0,0.0,0,31.0,Self-emp-inc,Married-civ-spouse,Exec-managerial,White,Male,United-States,cadex,0
53.0,10.0,0.0,0,50.0,Self-emp-inc,Married-civ-spouse,Exec-managerial,White,Male,United-States,cadex,0
53.0,10.0,0.0,0,50.0,Self-emp-inc,Married-civ-spouse,Exec-managerial,White,Male,United-States,cadex,0
53.0,10.0,0.0,0,50.0,Self-emp-inc,Married-civ-spouse,Exec-managerial,White,Male,United-States,cadex,0
86.0,9.0,0.0,0,49.0,Self-emp-inc,Married-civ-spouse,Exec-managerial,White,Male,United-States,wachter,1
75.0,8.0,0.0,0,36.0,Self-emp-inc,Married-civ-spouse,Exec-managerial,White,Male,United-States,wachter,1
77.0,7.0,0.0,0,59.0,Self-emp-inc,Married-civ-spouse,Exec-managerial,White,Male,United-States,wachter,1
45.0,8.0,0.0,0,65.0,Self-emp-inc,Married-civ-spouse,Exec-managerial,White,Male,United-States,wachter,1
52.0,9.0,0.0,0,39.0,Self-emp-inc,Married-civ-spouse,Exec-managerial,White,Male,United-States,wachter,1
53.0,9.0,0.0,0,50.0,Self-emp-inc,Married-civ-spouse,Exec-managerial,White,Male,United-States,wachter,1
52.0,9.0,0.0,0,50.0,Self-emp-inc,Married-civ-spouse,Exec-managerial,White,Male,United-States,wachter,1
52.0,10.0,0.0,0,49.0,Self-emp-inc,Married-civ-spouse,Exec-managerial,White,Male,United-States,wachter,1
52.0,10.0,0.0,0,49.0,Self-emp-inc,Married-civ-spouse,Exec-managerial,White,Male,United-States,wachter,1
52.0,9.0,0.0,0,49.0,Self-emp-inc,Married-civ-spouse,Exec-managerial,White,Male,United-States,wachter,1
53.0,10.0,15024.0,0,10.0,Self-emp-inc,Married-civ-spouse,Exec-managerial,White,Male,United-States,cem,1
29.0,6.0,16769.0,0,14.0,Self-emp-inc,Married-spouse-absent,?,White,Male,Laos,cfproto,0
38.0,8.0,17181.0,0,23.0,Self-emp-inc,Married-spouse-absent,Priv-house-serv,White,Male,United-States,cfproto,0
43.0,9.0,15092.0,0,30.0,Without-pay,Married-spouse-absent,Protective-serv,White,Male,Guatemala,cfproto,0
48.0,10.0,14175.0,0,39.0,?,Married-spouse-absent,Protective-serv,White,Male,Outlying-US(Guam-USVI-etc),cfproto,0
60.0,10.0,15024.0,0,50.0,Without-pay,Married-civ-spouse,Other-service,White,Male,Greece,cfproto,0
53.0,9.0,14258.0,0,36.0,?,Married-spouse-absent,Protective-serv,White,Male,Outlying-US(Guam-USVI-etc),cfproto,0
34.0,6.0,18326.0,0,16.0,Self-emp-inc,Married-spouse-absent,?,White,Male,Vietnam,cfproto,0
52.0,8.0,0.0,0,46.0,Self-emp-inc,Married-spouse-absent,?,White,Female,Laos,cfproto,0
65.0,10.0,6270.0,0,50.0,Self-emp-inc,Married-civ-spouse,Protective-serv,White,Male,Outlying-US(Guam-USVI-etc),cfproto,0
60.0,10.0,15024.0,0,50.0,Without-pay,Married-civ-spouse,Other-service,White,Male,Greece,cfproto,0
52.0,10.0,12661.0,0,48.0,Federal-gov,Never-married,Adm-clerical,White,Male,United-States,growing-spheres,1
56.0,9.0,17839.0,0,64.0,Federal-gov,Married-AF-spouse,Exec-managerial,White,Male,United-States,growing-spheres,1
46.0,11.0,20601.0,400,51.0,Federal-gov,Divorced,Armed-Forces,White,Male,United-States,growing-spheres,1
54.0,10.0,10871.0,477,48.0,Federal-gov,Married-AF-spouse,Adm-clerical,White,Male,United-States,growing-spheres,1
53.0,9.0,14534.0,9,49.0,Self-emp-inc,Divorced,Adm-clerical,White,Male,United-States,growing-spheres,1
52.0,9.0,15197.0,0,49.0,Self-emp-not-inc,Divorced,Adm-clerical,White,Male,United-States,growing-spheres,1
52.0,9.0,12498.0,0,52.0,Never-worked,Divorced,Craft-repair,White,Male,United-States,growing-spheres,1
52.0,10.0,14958.0,9,50.0,?,Divorced,Craft-repair,White,Male,United-States,growing-spheres,1
55.0,10.0,12856.0,0,41.0,Self-emp-inc,Married-civ-spouse,Adm-clerical,White,Male,United-States,growing-spheres,1
51.0,10.0,11619.0,47,47.0,?,Married-civ-spouse,Priv-house-serv,White,Male,United-States,growing-spheres,0
51.0,10.0,18610.0,152,64.0,?,Married-AF-spouse,Craft-repair,White,Male,United-States,growing-spheres,1
45.0,10.0,7961.0,29,59.0,Self-emp-inc,Married-civ-spouse,Exec-managerial,White,Male,United-States,growing-spheres,1
51.0,10.0,14908.0,0,62.0,Never-worked,Divorced,?,White,Male,United-States,growing-spheres,1
47.0,10.0,16855.0,348,50.0,?,Married-civ-spouse,Exec-managerial,White,Male,United-States,growing-spheres,1
52.0,10.0,12886.0,0,47.0,Federal-gov,Divorced,?,White,Male,United-States,growing-spheres,1
54.0,11.0,13317.0,90,54.0,Federal-gov,Divorced,Adm-clerical,White,Male,United-States,growing-spheres,1
53.0,9.0,15613.0,70,49.0,?,Married-civ-spouse,?,White,Male,United-States,growing-spheres,1
51.0,9.0,22909.0,121,49.0,Self-emp-not-inc,Married-civ-spouse,?,White,Male,United-States,growing-spheres,1
48.0,10.0,12928.0,0,55.0,Federal-gov,Married-AF-spouse,Exec-managerial,White,Male,United-States,growing-spheres,1
56.0,9.0,17166.0,0,51.0,?,Married-civ-spouse,?,White,Male,United-States,growing-spheres,1
42.0,9.0,0.0,0,44.0,Self-emp-inc,Married-civ-spouse,Farming-fishing,White,Male,United-States,face,0
36.0,9.0,0.0,0,50.0,Self-emp-not-inc,Married-civ-spouse,Exec-managerial,White,Male,United-States,face,0
55.0,9.0,0.0,0,34.0,Self-emp-not-inc,Married-civ-spouse,Exec-managerial,White,Male,United-States,face,0
52.0,9.0,0.0,0,59.0,Self-emp-inc,Married-civ-spouse,Farming-fishing,White,Male,United-States,face,0
50.0,9.0,0.0,0,50.0,Self-emp-inc,Married-civ-spouse,Farming-fishing,White,Male,United-States,face,0
59.0,9.0,0.0,0,39.0,Self-emp-inc,Married-civ-spouse,Other-service,White,Male,United-States,face,0
25.0,9.0,0.0,0,39.0,Self-emp-inc,Married-civ-spouse,Exec-managerial,White,Male,United-States,face,0
45.0,10.0,0.0,0,50.0,Self-emp-inc,Married-civ-spouse,Farming-fishing,White,Male,United-States,face,0
46.0,9.0,0.0,0,59.0,Self-emp-inc,Divorced,Exec-managerial,White,Male,United-States,face,0
45.0,10.0,0.0,0,50.0,Self-emp-inc,Married-civ-spouse,Farming-fishing,White,Male,United-States,face,0
