age,education.num,capital.gain,capital.loss,hours.per.week,workclass,marital.status,occupation,race,sex,native.country,explainer,income
22.0,10.0,38777.0,0.0,38.0,Private,Never-married,Sales,White,Male,United-States,dice,1
22.0,10.0,26368.0,0.0,38.0,?,Never-married,Sales,White,Male,United-States,dice,1
22.0,10.0,97787.0,0.0,38.0,Self-emp-inc,Never-married,Sales,White,Male,United-States,dice,1
22.0,13.0,65628.0,0.0,38.0,Private,Never-married,Sales,White,Male,United-States,dice,1
22.0,10.0,45288.0,0.0,25.0,Private,Never-married,Sales,White,Male,United-States,dice,1
22.0,10.0,0.0,0.0,96.0,Private,Married-civ-spouse,Sales,White,Male,United-States,dice,1
22.0,10.0,72503.0,0.0,38.0,Private,Never-married,Sales,White,Male,United-States,dice,1
55.0,10.0,0.0,4047.0,38.0,Private,Never-married,Sales,White,Male,United-States,dice,1
22.0,10.0,0.0,4001.0,38.0,Private,Married-civ-spouse,Sales,White,Male,United-States,dice,1
22.0,10.0,52037.0,0.0,38.0,Private,Never-married,Tech-support,White,Male,United-States,dice,1
22.0,10.0,0.0,4233.0,38.0,Private,Widowed,Sales,White,Male,United-States,dice,1
22.0,14.0,0.0,0.0,38.0,Private,Married-AF-spouse,Sales,White,Male,United-States,dice,1
22.0,10.0,19129.0,0.0,38.0,Private,Married-civ-spouse,Sales,White,Male,United-States,dice,1
22.0,10.0,13038.0,0.0,38.0,Private,Never-married,Sales,White,Male,United-States,dice,1
22.0,10.0,56901.0,1287.0,38.0,Private,Never-married,Sales,White,Male,United-States,dice,1
22.0,10.0,56917.0,0.0,38.0,Private,Never-married,Sales,White,Male,United-States,dice,1
22.0,10.0,65633.0,0.0,38.0,Local-gov,Never-married,Sales,White,Male,United-States,dice,1
35.0,10.0,86905.0,0.0,38.0,Private,Never-married,Sales,White,Male,United-States,dice,1
22.0,6.0,60307.0,0.0,38.0,Private,Never-married,Sales,White,Male,United-States,dice,1
28.0,10.0,67060.0,0.0,38.0,Private,Never-married,Sales,White,Male,United-States,dice,1
22.0,10.0,14874.0,0.0,38.0,Private,Never-married,Sales,White,Male,United-States,cadex,1
28.0,11.0,9034.0,411.0,46.0,Private,Never-married,Sales,White,Male,United-States,cadex,1
28.0,11.0,9130.0,0.0,46.0,Private,Never-married,Sales,White,Male,United-States,cadex,1
28.0,11.0,9174.0,0.0,46.0,Private,Never-married,Sales,White,Male,United-States,cadex,1
28.0,10.0,9315.0,0.0,46.0,Private,Never-married,Sales,White,Male,United-States,cadex,1
28.0,10.0,9772.0,0.0,47.0,Private,Never-married,Sales,White,Male,United-States,cadex,1
28.0,10.0,9855.0,0.0,38.0,Private,Never-married,Sales,White,Male,United-States,cadex,1
29.0,10.0,10004.0,0.0,38.0,Private,Never-married,Sales,White,Male,United-States,cadex,1
29.0,11.0,12712.0,131.0,43.0,Private,Married-civ-spouse,Handlers-cleaners,White,Male,United-States,fimap,1
30.0,10.0,6078.0,46.0,40.0,Private,Married-civ-spouse,?,White,Male,United-States,fimap,0
30.0,10.0,6502.0,52.0,40.0,Private,Married-civ-spouse,Adm-clerical,White,Male,United-States,fimap,1
30.0,10.0,6681.0,51.0,40.0,Private,Married-civ-spouse,Handlers-cleaners,White,Male,United-States,fimap,1
30.0,11.0,8158.0,69.0,41.0,Private,Divorced,Prof-specialty,White,Male,United-States,fimap,1
31.0,11.0,12575.0,137.0,43.0,Private,Married-civ-spouse,Adm-clerical,White,Male,United-States,fimap,1
44.0,9.0,0.0,0.0,65.0,Private,Never-married,Sales,White,Male,United-States,wachter,0
33.0,11.0,0.0,0.0,82.0,Private,Never-married,Sales,White,Male,United-States,wachter,1
61.0,10.0,0.0,267.0,99.0,Private,Married-civ-spouse,Transport-moving,White,Male,United-States,wachter,1
61.0,9.0,0.0,91.0,98.0,Private,Married-civ-spouse,Transport-moving,White,Male,United-States,wachter,1
55.0,9.0,0.0,0.0,77.0,Private,Never-married,Sales,White,Male,United-States,wachter,1
46.0,9.0,0.0,0.0,69.0,Private,Never-married,Sales,White,Male,United-States,wachter,0
56.0,9.0,0.0,0.0,80.0,Private,Never-married,Sales,White,Male,United-States,wachter,1
60.0,9.0,521.0,1.0,57.0,Private,Never-married,Sales,White,Male,United-States,wachter,0
57.0,9.0,0.0,0.0,91.0,Private,Married-civ-spouse,Transport-moving,White,Male,United-States,wachter,1
38.0,10.0,2228.0,0.0,52.0,Private,Never-married,Sales,White,Male,United-States,wachter,0
22.0,10.0,12053.0,0.0,38.0,Private,Never-married,Sales,White,Male,United-States,cem,1
23.0,10.0,64740.0,0.0,38.0,Without-pay,Never-married,Adm-clerical,White,Male,Trinadad&Tobago,cfproto,1
21.0,10.0,52598.0,0.0,36.0,Self-emp-inc,Never-married,Sales,White,Male,Vietnam,cfproto,1
20.0,10.0,24279.0,0.0,36.0,Self-emp-inc,Never-married,Sales,White,Male,South,cfproto,1
25.0,10.0,64431.0,40.0,41.0,Without-pay,Never-married,Protective-serv,White,Male,Outlying-US(Guam-USVI-etc),cfproto,1
20.0,10.0,39038.0,0.0,35.0,Self-emp-inc,Never-married,Sales,White,Male,Thailand,cfproto,1
20.0,10.0,24279.0,0.0,36.0,Self-emp-inc,Never-married,Sales,White,Male,South,cfproto,1
30.0,14.0,39063.0,499.0,60.0,?,Divorced,Armed-Forces,White,Male,United-States,growing-spheres,1
33.0,11.0,36583.0,1682.0,40.0,?,Divorced,Farming-fishing,White,Male,United-States,growing-spheres,1
48.0,6.0,23192.0,0.0,55.0,Local-gov,Married-AF-spouse,Farming-fishing,White,Male,United-States,growing-spheres,1
33.0,8.0,27438.0,396.0,47.0,Federal-gov,Married-AF-spouse,?,White,Male,United-States,growing-spheres,1
17.0,11.0,19474.0,0.0,41.0,?,Married-civ-spouse,Adm-clerical,White,Male,United-States,growing-spheres,1
39.0,11.0,49919.0,0.0,50.0,Federal-gov,Divorced,Farming-fishing,White,Male,United-States,growing-spheres,1
17.0,9.0,33016.0,514.0,34.0,?,Married-AF-spouse,?,White,Male,United-States,growing-spheres,1
36.0,8.0,45749.0,263.0,31.0,?,Married-civ-spouse,Exec-managerial,White,Male,United-States,growing-spheres,1
26.0,9.0,31310.0,0.0,29.0,Self-emp-inc,Married-civ-spouse,Craft-repair,White,Male,United-States,growing-spheres,1
33.0,9.0,28311.0,828.0,44.0,?,Widowed,Adm-clerical,White,Male,United-States,growing-spheres,1
27.0,10.0,15169.0,644.0,45.0,?,Married-AF-spouse,Adm-clerical,White,Male,United-States,growing-spheres,1
35.0,7.0,40673.0,1322.0,38.0,?,Widowed,Farming-fishing,White,Male,United-States,growing-spheres,1
24.0,6.0,49139.0,0.0,44.0,Private,Married-AF-spouse,?,White,Male,United-States,growing-spheres,1
37.0,6.0,42942.0,0.0,39.0,Local-gov,Married-civ-spouse,Handlers-cleaners,White,Male,United-States,growing-spheres,1
38.0,7.0,43739.0,0.0,18.0,?,Married-civ-spouse,Adm-clerical,White,Male,United-States,growing-spheres,1
17.0,8.0,35414.0,385.0,70.0,Federal-gov,Married-AF-spouse,Exec-managerial,White,Male,United-States,growing-spheres,1
30.0,12.0,23017.0,323.0,39.0,Local-gov,Married-civ-spouse,Craft-repair,White,Male,United-States,growing-spheres,1
29.0,12.0,25618.0,476.0,1.0,Self-emp-not-inc,Divorced,Exec-managerial,White,Male,United-States,growing-spheres,1
33.0,11.0,47939.0,0.0,55.0,?,Divorced,?,White,Male,United-States,growing-spheres,1
23.0,11.0,33505.0,1222.0,74.0,Self-emp-not-inc,Married-civ-spouse,Craft-repair,White,Male,United-States,growing-spheres,1
28.0,11.0,0.0,0.0,39.0,Private,Married-civ-spouse,Sales,White,Male,United-States,face,0
35.0,13.0,0.0,0.0,50.0,Private,Never-married,Sales,White,Male,United-States,face,1
34.0,13.0,27827.0,0.0,39.0,Private,Never-married,Sales,White,Male,United-States,face,1
34.0,13.0,0.0,0.0,65.0,Private,Never-married,Sales,White,Male,United-States,face,1
30.0,10.0,0.0,0.0,50.0,Private,Married-civ-spouse,Sales,White,Male,United-States,face,1
50.0,13.0,0.0,0.0,54.0,Private,Never-married,Sales,White,Male,United-States,face,1
25.0,11.0,27827.0,0.0,39.0,Private,Never-married,Sales,White,Male,United-States,face,1
30.0,13.0,0.0,1741.0,48.0,Private,Never-married,Sales,White,Male,United-States,face,1
39.0,13.0,0.0,1876.0,50.0,Private,Never-married,Sales,White,Male,United-States,face,1
31.0,13.0,4101.0,0.0,50.0,Private,Never-married,Sales,White,Male,United-States,face,1
