age,education.num,capital.gain,capital.loss,hours.per.week,workclass,marital.status,occupation,race,sex,native.country,explainer,income
30.0,9.0,90334.0,0.0,60,?,Never-married,Farming-fishing,Black,Male,United-States,dice,1
30.0,9.0,46956.0,0.0,60,Private,Married-civ-spouse,Farming-fishing,Black,Male,United-States,dice,1
30.0,9.0,95309.0,0.0,60,Private,Never-married,Farming-fishing,Black,Male,United-States,dice,1
30.0,9.0,85528.0,0.0,60,Private,Never-married,Farming-fishing,Black,Male,United-States,dice,1
30.0,9.0,77092.0,0.0,60,Private,Never-married,Farming-fishing,Black,Male,United-States,dice,1
30.0,9.0,49640.0,0.0,60,Federal-gov,Never-married,Farming-fishing,Black,Male,United-States,dice,1
30.0,15.0,15794.0,0.0,60,Private,Never-married,Farming-fishing,Black,Male,United-States,dice,1
30.0,9.0,25469.0,0.0,60,Private,Never-married,Tech-support,Black,Male,United-States,dice,1
30.0,9.0,53697.0,0.0,60,Private,Never-married,Farming-fishing,Black,Male,United-States,dice,1
30.0,9.0,84568.0,0.0,60,Private,Never-married,Farming-fishing,Black,Male,United-States,dice,1
30.0,9.0,75642.0,0.0,60,Self-emp-inc,Never-married,Farming-fishing,Black,Male,United-States,dice,1
30.0,9.0,76972.0,0.0,60,Without-pay,Never-married,Farming-fishing,Black,Male,United-States,dice,1
30.0,9.0,0.0,3478.0,60,Private,Married-civ-spouse,Farming-fishing,Black,Male,United-States,dice,1
30.0,9.0,96015.0,0.0,60,Private,Never-married,Farming-fishing,Black,Male,United-States,dice,1
23.0,9.0,50997.0,0.0,60,Private,Never-married,Farming-fishing,Black,Male,United-States,dice,1
30.0,9.0,17415.0,0.0,60,Private,Never-married,Farming-fishing,Black,Male,United-States,dice,1
63.0,9.0,69485.0,0.0,60,Private,Never-married,Farming-fishing,Black,Male,United-States,dice,1
30.0,9.0,73947.0,0.0,60,Private,Never-married,Handlers-cleaners,Black,Male,United-States,dice,1
30.0,9.0,75914.0,0.0,60,Private,Never-married,Farming-fishing,Black,Male,United-States,dice,1
30.0,9.0,22422.0,0.0,60,Private,Never-married,Craft-repair,Black,Male,United-States,dice,1
30.0,9.0,19903.0,0.0,60,Private,Never-married,Farming-fishing,Black,Male,United-States,cadex,1
35.0,9.0,4651.0,36.0,61,Private,Married-civ-spouse,Tech-support,Black,Male,United-States,fimap,1
35.0,9.0,5397.0,43.0,61,Private,Married-civ-spouse,Prof-specialty,Black,Male,United-States,fimap,1
35.0,9.0,5330.0,42.0,61,Private,Married-civ-spouse,Handlers-cleaners,Black,Male,United-States,fimap,1
36.0,9.0,6908.0,56.0,62,Private,Married-civ-spouse,Farming-fishing,Black,Male,United-States,fimap,0
36.0,10.0,10317.0,96.0,64,Private,Married-civ-spouse,Protective-serv,Black,Male,United-States,fimap,1
36.0,10.0,10333.0,97.0,63,Private,Never-married,Handlers-cleaners,Black,Male,United-States,fimap,1
39.0,11.0,13793.0,601.0,72,Private,Never-married,Farming-fishing,Black,Male,United-States,cadex,1
40.0,11.0,13886.0,606.0,73,Private,Never-married,Farming-fishing,Black,Male,United-States,cadex,1
40.0,11.0,13943.0,0.0,73,Private,Never-married,Farming-fishing,Black,Male,United-States,cadex,1
40.0,11.0,14284.0,0.0,73,Private,Never-married,Farming-fishing,Black,Male,United-States,cadex,1
40.0,11.0,14408.0,0.0,60,Private,Never-married,Farming-fishing,Black,Male,United-States,cadex,1
40.0,9.0,15001.0,0.0,60,Private,Never-married,Farming-fishing,Black,Male,United-States,cadex,1
43.0,9.0,18398.0,0.0,60,Private,Never-married,Farming-fishing,Black,Male,United-States,cadex,1
76.0,12.0,18771.0,431.0,86,Private,Married-civ-spouse,Tech-support,Black,Male,United-States,wachter,1
74.0,12.0,22328.0,117.0,98,Private,Married-civ-spouse,Transport-moving,Black,Male,United-States,wachter,1
74.0,12.0,22330.0,117.0,98,Private,Married-civ-spouse,Transport-moving,Black,Male,United-States,wachter,1
50.0,11.0,10807.0,364.0,73,Private,Never-married,Farming-fishing,Black,Male,United-States,wachter,1
49.0,10.0,16969.0,661.0,98,Self-emp-not-inc,Separated,Farming-fishing,Black,Male,United-States,wachter,1
50.0,11.0,10808.0,364.0,73,Private,Never-married,Farming-fishing,Black,Male,United-States,wachter,1
74.0,12.0,22326.0,117.0,98,Private,Married-civ-spouse,Transport-moving,Black,Male,United-States,wachter,1
76.0,12.0,18781.0,432.0,86,Private,Married-civ-spouse,Tech-support,Black,Male,United-States,wachter,1
76.0,12.0,18782.0,432.0,86,Private,Married-civ-spouse,Tech-support,Black,Male,United-States,wachter,1
45.0,10.0,11236.0,356.0,73,Private,Never-married,Farming-fishing,Black,Male,United-States,wachter,1
30.0,9.0,18731.0,0.0,60,Private,Never-married,Farming-fishing,Black,Male,United-States,cem,1
35.0,9.0,67805.0,0.0,68,Without-pay,Never-married,Farming-fishing,Black,Male,Honduras,cfproto,1
41.0,10.0,92600.0,187.0,77,?,Never-married,Protective-serv,Black,Male,Outlying-US(Guam-USVI-etc),cfproto,1
39.0,10.0,81300.0,29.0,74,Without-pay,Never-married,Farming-fishing,Black,Male,Outlying-US(Guam-USVI-etc),cfproto,1
28.0,8.0,37296.0,0.0,59,Private,Never-married,Farming-fishing,Black,Male,England,cfproto,1
41.0,10.0,97003.0,227.0,77,?,Never-married,Protective-serv,White,Male,Outlying-US(Guam-USVI-etc),cfproto,1
37.0,9.0,74770.0,0.0,71,Without-pay,Never-married,Farming-fishing,Black,Male,Outlying-US(Guam-USVI-etc),cfproto,1
29.0,8.0,45164.0,0.0,60,Private,Never-married,Farming-fishing,Black,Male,United-States,cfproto,1
39.0,10.0,99999.0,211.0,73,?,Never-married,Protective-serv,White,Male,Outlying-US(Guam-USVI-etc),cfproto,1
32.0,9.0,60495.0,0.0,65,Without-pay,Never-married,Farming-fishing,Black,Male,Jamaica,cfproto,1
37.0,8.0,19649.0,855.0,52,Self-emp-inc,Never-married,Protective-serv,Black,Male,Vietnam,cfproto,1
30.0,8.0,14338.0,284.0,79,Federal-gov,Divorced,Exec-managerial,Black,Male,United-States,growing-spheres,1
59.0,10.0,35577.0,0.0,65,?,Married-AF-spouse,?,Black,Male,United-States,growing-spheres,1
35.0,10.0,32258.0,1077.0,49,Federal-gov,Married-AF-spouse,Adm-clerical,Black,Male,United-States,growing-spheres,1
25.0,7.0,33950.0,252.0,72,?,Married-AF-spouse,Adm-clerical,Black,Male,United-States,growing-spheres,1
27.0,12.0,27513.0,591.0,48,Private,Married-AF-spouse,?,Black,Male,United-States,growing-spheres,1
41.0,11.0,19771.0,295.0,71,?,Married-civ-spouse,Machine-op-inspct,Black,Male,United-States,growing-spheres,1
47.0,9.0,38344.0,0.0,89,Private,Divorced,Armed-Forces,Black,Male,United-States,growing-spheres,1
20.0,8.0,13800.0,293.0,61,Local-gov,Divorced,Prof-specialty,Black,Male,United-States,growing-spheres,1
41.0,8.0,29537.0,0.0,65,Federal-gov,Divorced,?,Black,Male,United-States,growing-spheres,1
51.0,13.0,20011.0,1205.0,61,?,Married-AF-spouse,Exec-managerial,Black,Male,United-States,growing-spheres,1
25.0,7.0,26314.0,430.0,48,Federal-gov,Married-AF-spouse,Adm-clerical,Black,Male,United-States,growing-spheres,1
39.0,10.0,25570.0,305.0,66,Local-gov,Divorced,Machine-op-inspct,Black,Male,United-States,growing-spheres,1
44.0,12.0,19430.0,576.0,54,Local-gov,Married-AF-spouse,?,Black,Male,United-States,growing-spheres,1
31.0,8.0,53880.0,0.0,63,?,Married-AF-spouse,Adm-clerical,Black,Male,United-States,growing-spheres,1
30.0,7.0,33603.0,40.0,59,Federal-gov,Divorced,?,Black,Male,United-States,growing-spheres,1
48.0,11.0,25130.0,0.0,44,Local-gov,Never-married,Protective-serv,Black,Male,United-States,growing-spheres,1
28.0,11.0,27392.0,535.0,52,Federal-gov,Married-civ-spouse,?,Black,Male,United-States,growing-spheres,1
40.0,10.0,10404.0,277.0,65,Local-gov,Married-AF-spouse,Exec-managerial,Black,Male,United-States,growing-spheres,1
29.0,9.0,34309.0,532.0,74,Local-gov,Married-AF-spouse,Adm-clerical,Black,Male,United-States,growing-spheres,1
30.0,11.0,21142.0,245.0,72,?,Married-AF-spouse,Sales,Black,Male,United-States,growing-spheres,1
40.0,11.0,0.0,0.0,59,Private,Married-civ-spouse,Farming-fishing,White,Male,United-States,face,1
44.0,12.0,0.0,0.0,59,Private,Married-civ-spouse,Farming-fishing,White,Male,United-States,face,1
38.0,10.0,0.0,0.0,39,Private,Married-civ-spouse,Craft-repair,Black,Male,United-States,face,1
36.0,7.0,13549.0,0.0,39,Private,Never-married,Protective-serv,Black,Male,United-States,face,1
36.0,10.0,7687.0,0.0,50,Private,Married-civ-spouse,Sales,Black,Male,United-States,face,1
25.0,10.0,8614.0,0.0,39,Private,Never-married,Prof-specialty,White,Male,United-States,face,1
25.0,13.0,27827.0,0.0,50,Private,Never-married,Farming-fishing,White,Male,United-States,face,1
35.0,10.0,13549.0,0.0,59,Private,Never-married,Exec-managerial,White,Male,United-States,face,1
39.0,14.0,8614.0,0.0,51,Private,Never-married,Exec-managerial,Black,Male,United-States,face,1
37.0,13.0,0.0,0.0,59,Private,Never-married,Exec-managerial,Black,Male,United-States,face,1
