age,education.num,capital.gain,capital.loss,hours.per.week,workclass,marital.status,occupation,race,sex,native.country,explainer,income
36.0,9.0,75229.0,0.0,30,Private,Separated,Other-service,Black,Female,United-States,dice,1
36.0,9.0,48821.0,0.0,30,Private,Never-married,Other-service,Black,Female,United-States,dice,1
36.0,9.0,60950.0,0.0,30,Self-emp-not-inc,Separated,Other-service,Black,Female,United-States,dice,1
36.0,9.0,84232.0,0.0,30,Private,Separated,Other-service,Black,Female,United-States,dice,1
36.0,9.0,45778.0,0.0,30,Private,Separated,Other-service,Black,Female,United-States,dice,1
36.0,9.0,44566.0,0.0,30,Private,Separated,Other-service,Black,Female,United-States,dice,1
36.0,16.0,52214.0,0.0,30,Private,Separated,Other-service,Black,Female,United-States,dice,1
36.0,9.0,40536.0,0.0,30,Private,Separated,Other-service,Black,Female,United-States,dice,1
36.0,1.0,94715.0,0.0,30,Private,Separated,Other-service,Black,Female,United-States,dice,1
45.0,9.0,46430.0,0.0,30,Private,Separated,Other-service,Black,Female,United-States,dice,1
36.0,9.0,85625.0,0.0,30,Private,Separated,Other-service,Black,Female,United-States,dice,1
36.0,9.0,55793.0,0.0,30,Private,Separated,Other-service,Black,Female,United-States,dice,1
36.0,9.0,0.0,0.0,30,Private,Married-AF-spouse,Tech-support,Black,Female,United-States,dice,1
36.0,9.0,0.0,3533.0,30,Private,Married-civ-spouse,Other-service,Black,Female,United-States,dice,1
36.0,15.0,81225.0,0.0,30,Private,Separated,Other-service,Black,Female,United-States,dice,1
36.0,9.0,18155.0,2321.0,30,Private,Separated,Other-service,Black,Female,United-States,dice,1
36.0,11.0,97364.0,0.0,30,Private,Separated,Other-service,Black,Female,United-States,dice,1
36.0,9.0,89867.0,0.0,30,Private,Separated,Other-service,Black,Female,United-States,dice,1
36.0,9.0,20655.0,0.0,30,Private,Separated,Other-service,Black,Female,United-States,dice,1
36.0,9.0,71416.0,0.0,30,Private,Separated,Other-service,Black,Female,United-States,dice,1
36.0,9.0,19768.0,0.0,49,Private,Separated,Other-service,Black,Female,United-States,cadex,1
36.0,9.0,19929.0,0.0,30,Private,Separated,Other-service,Black,Female,United-States,cadex,1
36.0,11.0,13717.0,605.0,43,Private,Separated,Other-service,Black,Female,United-States,cadex,1
36.0,11.0,14348.0,0.0,43,Private,Separated,Other-service,Black,Female,United-States,cadex,1
36.0,11.0,14937.0,0.0,44,Private,Separated,Other-service,Black,Female,United-States,cadex,1
36.0,11.0,16952.0,0.0,46,Private,Separated,Other-service,Black,Female,United-States,cadex,1
36.0,11.0,17255.0,0.0,46,Private,Separated,Other-service,Black,Female,United-States,cadex,1
38.0,11.0,14943.0,101.0,35,Private,Married-civ-spouse,?,Black,Female,United-States,fimap,1
39.0,9.0,6562.0,45.0,32,Private,Married-civ-spouse,Prof-specialty,Black,Female,United-States,fimap,1
39.0,9.0,6651.0,45.0,32,Private,Married-civ-spouse,Prof-specialty,Black,Female,United-States,fimap,1
40.0,10.0,8571.0,58.0,33,Private,Never-married,Sales,Black,Female,United-States,fimap,0
40.0,11.0,15054.0,112.0,35,Private,Married-civ-spouse,Craft-repair,Black,Female,United-States,fimap,1
40.0,9.0,6872.0,47.0,32,Private,Married-civ-spouse,Prof-specialty,Black,Female,United-States,fimap,1
45.0,11.0,13592.0,601.0,42,Private,Separated,Other-service,Black,Female,United-States,cadex,1
75.0,10.0,6469.0,69.0,98,Private,Married-civ-spouse,Prof-specialty,Black,Female,United-States,wachter,1
82.0,9.0,7215.0,229.0,98,Private,Separated,Prof-specialty,Black,Female,United-States,wachter,1
83.0,9.0,3986.0,0.0,98,Private,Married-civ-spouse,?,Black,Female,United-States,wachter,1
75.0,10.0,6468.0,68.0,98,Private,Married-civ-spouse,Prof-specialty,Black,Female,United-States,wachter,1
73.0,11.0,3316.0,38.0,99,Private,Married-civ-spouse,Prof-specialty,Black,Female,United-States,wachter,1
51.0,13.0,6528.0,535.0,98,Private,Married-civ-spouse,?,Black,Female,United-States,wachter,1
66.0,10.0,3218.0,129.0,98,Private,Separated,?,Black,Female,United-States,wachter,0
51.0,13.0,6525.0,534.0,98,Private,Married-civ-spouse,?,Black,Female,United-States,wachter,1
66.0,10.0,3216.0,129.0,98,Private,Separated,?,Black,Female,United-States,wachter,0
87.0,11.0,10103.0,78.0,78,Private,Separated,Other-service,Black,Female,United-States,wachter,0
36.0,9.0,47941.0,0.0,30,Private,Separated,Other-service,Black,Female,United-States,cem,1
36.0,9.0,39613.0,0.0,30,Without-pay,Separated,Other-service,Black,Female,Ireland,cfproto,1
36.0,9.0,35410.0,0.0,30,Without-pay,Separated,Other-service,Black,Female,Greece,cfproto,1
36.0,9.0,33672.0,0.0,30,Self-emp-not-inc,Separated,Other-service,Black,Female,India,cfproto,1
37.0,9.0,33769.0,0.0,32,?,Separated,Protective-serv,Black,Female,Outlying-US(Guam-USVI-etc),cfproto,0
36.0,9.0,33672.0,0.0,30,Self-emp-not-inc,Separated,Other-service,Black,Female,India,cfproto,1
59.0,8.0,25161.0,0.0,63,?,Married-AF-spouse,?,Black,Female,United-States,growing-spheres,1
47.0,5.0,43512.0,370.0,22,?,Divorced,Exec-managerial,Black,Female,United-States,growing-spheres,1
36.0,6.0,28879.0,1411.0,28,Federal-gov,Married-AF-spouse,Machine-op-inspct,Black,Female,United-States,growing-spheres,1
53.0,11.0,49794.0,0.0,42,Federal-gov,Married-AF-spouse,Handlers-cleaners,Black,Female,United-States,growing-spheres,1
36.0,10.0,5310.0,346.0,34,?,Married-AF-spouse,Handlers-cleaners,Black,Female,United-States,growing-spheres,1
40.0,6.0,44971.0,0.0,52,Never-worked,Married-civ-spouse,?,Black,Female,United-States,growing-spheres,1
56.0,5.0,35087.0,218.0,57,?,Married-AF-spouse,?,Black,Female,United-States,growing-spheres,1
51.0,9.0,25544.0,372.0,43,Local-gov,Widowed,Armed-Forces,Black,Female,United-States,growing-spheres,1
43.0,8.0,29796.0,216.0,33,Local-gov,Married-AF-spouse,Adm-clerical,Black,Female,United-States,growing-spheres,1
39.0,10.0,31427.0,707.0,38,?,Married-AF-spouse,?,Black,Female,United-States,growing-spheres,1
45.0,10.0,32716.0,0.0,38,Local-gov,Divorced,Armed-Forces,Black,Female,United-States,growing-spheres,1
29.0,13.0,22222.0,379.0,22,Self-emp-inc,Married-AF-spouse,Machine-op-inspct,Black,Female,United-States,growing-spheres,1
28.0,8.0,38648.0,406.0,66,Without-pay,Married-AF-spouse,Adm-clerical,Black,Female,United-States,growing-spheres,1
33.0,9.0,32595.0,1561.0,20,?,Married-civ-spouse,Craft-repair,Black,Female,United-States,growing-spheres,1
38.0,10.0,23772.0,544.0,39,Local-gov,Married-AF-spouse,Craft-repair,Black,Female,United-States,growing-spheres,1
48.0,10.0,29873.0,1941.0,36,Federal-gov,Married-AF-spouse,Craft-repair,Black,Female,United-States,growing-spheres,1
56.0,6.0,30288.0,1159.0,35,Federal-gov,Married-AF-spouse,Armed-Forces,Black,Female,United-States,growing-spheres,1
35.0,6.0,5640.0,202.0,36,Federal-gov,Married-AF-spouse,Adm-clerical,Black,Female,United-States,growing-spheres,1
25.0,11.0,23535.0,439.0,37,?,Divorced,Adm-clerical,Black,Female,United-States,growing-spheres,1
58.0,9.0,21813.0,0.0,61,?,Married-AF-spouse,Exec-managerial,Black,Female,United-States,growing-spheres,1
41.0,13.0,99999.0,0.0,59,Private,Separated,Prof-specialty,Black,Female,United-States,face,1
39.0,9.0,0.0,0.0,39,Private,Married-civ-spouse,Prof-specialty,Black,Female,United-States,face,1
39.0,9.0,5013.0,0.0,39,Private,Married-civ-spouse,Other-service,White,Female,United-States,face,1
32.0,12.0,25236.0,0.0,50,Private,Separated,Exec-managerial,White,Female,United-States,face,1
50.0,9.0,0.0,0.0,39,Private,Married-civ-spouse,Sales,Black,Female,United-States,face,1
34.0,9.0,0.0,0.0,39,Private,Married-civ-spouse,Exec-managerial,Black,Female,United-States,face,1
37.0,13.0,0.0,0.0,29,Private,Married-civ-spouse,Other-service,Asian-Pac-Islander,Female,United-States,face,1
49.0,13.0,27827.0,0.0,59,Private,Divorced,Exec-managerial,Black,Female,United-States,face,1
50.0,11.0,0.0,0.0,39,Private,Married-civ-spouse,Other-service,Black,Female,United-States,face,1
46.0,9.0,5013.0,0.0,39,Private,Married-civ-spouse,Other-service,Black,Female,United-States,face,1
