age,education.num,capital.gain,capital.loss,hours.per.week,workclass,marital.status,occupation,race,sex,native.country,explainer,income
28.0,3.0,8614.0,2827.0,40.0,Private,Never-married,Sales,White,Male,United-States,dice,0
28.0,9.0,8614.0,0.0,32.0,Private,Never-married,Sales,White,Male,United-States,dice,0
28.0,13.0,8614.0,0.0,12.0,Private,Never-married,Sales,White,Male,United-States,dice,0
28.0,6.0,8614.0,0.0,40.0,Private,Never-married,Sales,White,Male,United-States,dice,0
28.0,13.0,8614.0,3122.0,40.0,Private,Never-married,Priv-house-serv,White,Male,United-States,dice,0
28.0,13.0,8614.0,0.0,40.0,Without-pay,Never-married,Sales,White,Male,United-States,dice,0
28.0,13.0,8614.0,0.0,40.0,Private,Never-married,Priv-house-serv,White,Male,United-States,dice,0
28.0,2.0,8614.0,0.0,57.0,Private,Never-married,Sales,White,Male,United-States,dice,0
28.0,3.0,8614.0,1923.0,40.0,Private,Never-married,Sales,White,Male,United-States,dice,0
28.0,5.0,8614.0,0.0,40.0,Private,Never-married,Sales,White,Male,United-States,dice,0
28.0,13.0,1139.0,0.0,40.0,Private,Never-married,Sales,White,Male,United-States,dice,0
28.0,13.0,8614.0,0.0,75.0,Never-worked,Never-married,Sales,White,Male,United-States,dice,0
28.0,13.0,8614.0,0.0,24.0,Private,Never-married,Other-service,White,Male,United-States,dice,0
28.0,3.0,8614.0,0.0,40.0,Private,Never-married,Sales,White,Male,United-States,dice,0
34.0,13.0,8614.0,0.0,40.0,Without-pay,Never-married,Sales,White,Male,United-States,dice,0
28.0,7.0,531.0,0.0,40.0,Private,Never-married,Sales,White,Male,United-States,dice,0
28.0,7.0,8614.0,0.0,40.0,Self-emp-inc,Never-married,Sales,White,Male,United-States,dice,0
28.0,13.0,8614.0,0.0,40.0,?,Never-married,Sales,White,Male,United-States,dice,0
28.0,13.0,8614.0,0.0,40.0,Without-pay,Never-married,Protective-serv,White,Male,United-States,dice,0
28.0,8.0,8614.0,0.0,40.0,?,Never-married,Sales,White,Male,United-States,dice,0
19.0,11.0,0.0,0.0,34.0,Private,Married-civ-spouse,Handlers-cleaners,White,Male,United-States,fimap,0
20.0,11.0,0.0,0.0,34.0,Private,Married-civ-spouse,Exec-managerial,White,Male,United-States,fimap,0
20.0,11.0,0.0,0.0,35.0,Private,Divorced,Transport-moving,White,Male,United-States,fimap,0
24.0,12.0,3614.0,0.0,35.0,Private,Never-married,Sales,White,Male,United-States,cadex,0
24.0,12.0,3614.0,0.0,35.0,Private,Never-married,Sales,White,Male,United-States,cadex,0
24.0,12.0,3614.0,0.0,40.0,Private,Never-married,Sales,White,Male,United-States,cadex,0
24.0,13.0,3614.0,0.0,40.0,Private,Never-married,Sales,White,Male,United-States,cadex,0
25.0,11.0,1444.0,0.0,36.0,Private,Never-married,Prof-specialty,White,Male,United-States,fimap,0
25.0,11.0,946.0,0.0,36.0,Private,Never-married,Prof-specialty,White,Male,United-States,fimap,0
25.0,11.0,1556.0,0.0,36.0,Private,Married-civ-spouse,Farming-fishing,White,Male,United-States,fimap,0
28.0,13.0,3614.0,0.0,40.0,Private,Never-married,Sales,White,Male,United-States,cadex,0
28.0,12.0,4318.0,0.0,40.0,Private,Never-married,Sales,White,Male,United-States,wachter,0
27.0,12.0,4416.0,0.0,40.0,Private,Never-married,Sales,White,Male,United-States,wachter,0
28.0,12.0,4059.0,0.0,40.0,Private,Never-married,Sales,White,Male,United-States,wachter,0
27.0,12.0,4553.0,0.0,40.0,Private,Never-married,Sales,White,Male,United-States,wachter,0
27.0,12.0,4371.0,0.0,39.0,Private,Never-married,Sales,White,Male,United-States,wachter,0
27.0,12.0,4211.0,0.0,39.0,Private,Never-married,Sales,White,Male,United-States,wachter,0
28.0,12.0,4188.0,0.0,39.0,Private,Never-married,Sales,White,Male,United-States,wachter,0
27.0,13.0,4184.0,0.0,40.0,Private,Never-married,Sales,White,Male,United-States,wachter,0
27.0,12.0,4372.0,0.0,40.0,Private,Never-married,Sales,White,Male,United-States,wachter,0
28.0,13.0,4228.0,0.0,39.0,Private,Never-married,Sales,White,Male,United-States,wachter,0
17.0,13.0,8614.0,0.0,40.0,Private,Never-married,Sales,White,Male,United-States,cem,0
28.0,13.0,8614.0,0.0,40.0,Private,Never-married,Sales,White,Male,China,cfproto,0
26.0,12.0,211.0,0.0,39.0,Self-emp-not-inc,Never-married,Priv-house-serv,White,Male,Taiwan,cfproto,0
28.0,13.0,8614.0,0.0,40.0,Private,Never-married,Sales,White,Male,Germany,cfproto,0
28.0,13.0,8872.0,0.0,40.0,Private,Never-married,Sales,White,Male,India,cfproto,0
28.0,13.0,8614.0,0.0,40.0,Private,Never-married,Sales,White,Male,Germany,cfproto,0
28.0,13.0,8614.0,0.0,40.0,Private,Never-married,Other-service,White,Male,Cuba,cfproto,0
28.0,13.0,8614.0,0.0,40.0,Private,Never-married,Sales,White,Male,Germany,cfproto,0
28.0,13.0,8614.0,0.0,40.0,Private,Never-married,Sales,White,Male,Germany,cfproto,0
28.0,13.0,8614.0,0.0,40.0,Private,Never-married,Sales,White,Male,Germany,cfproto,0
28.0,13.0,8614.0,0.0,40.0,Private,Never-married,Sales,White,Male,Germany,cfproto,0
22.0,14.0,261.0,10.0,30.0,Private,Married-civ-spouse,Armed-Forces,White,Male,United-States,growing-spheres,0
31.0,11.0,7843.0,546.0,41.0,Federal-gov,Married-AF-spouse,Prof-specialty,White,Male,United-States,growing-spheres,1
27.0,12.0,9630.0,95.0,39.0,Federal-gov,Married-spouse-absent,Craft-repair,White,Male,United-States,growing-spheres,1
31.0,13.0,7023.0,0.0,38.0,Private,Never-married,Adm-clerical,White,Male,United-States,growing-spheres,1
23.0,12.0,15662.0,132.0,39.0,?,Married-AF-spouse,Handlers-cleaners,White,Male,United-States,growing-spheres,1
20.0,12.0,13401.0,0.0,42.0,Private,Married-civ-spouse,Farming-fishing,White,Male,United-States,growing-spheres,1
30.0,12.0,6611.0,0.0,41.0,Private,Divorced,Armed-Forces,White,Male,United-States,growing-spheres,0
25.0,13.0,5345.0,27.0,40.0,Private,Divorced,Adm-clerical,White,Male,United-States,growing-spheres,0
25.0,13.0,3556.0,0.0,42.0,?,Separated,Adm-clerical,White,Male,United-States,growing-spheres,0
28.0,12.0,6608.0,53.0,40.0,Private,Married-civ-spouse,Exec-managerial,White,Male,United-States,growing-spheres,1
27.0,13.0,8419.0,9.0,40.0,Local-gov,Never-married,Farming-fishing,White,Male,United-States,growing-spheres,0
20.0,13.0,0.0,20.0,33.0,Never-worked,Married-civ-spouse,Sales,White,Male,United-States,growing-spheres,0
18.0,14.0,13733.0,0.0,41.0,?,Married-civ-spouse,?,White,Male,United-States,growing-spheres,1
34.0,12.0,7186.0,0.0,25.0,Local-gov,Divorced,Armed-Forces,White,Male,United-States,growing-spheres,0
28.0,13.0,12402.0,95.0,41.0,Private,Never-married,Adm-clerical,White,Male,United-States,growing-spheres,1
18.0,11.0,14254.0,424.0,46.0,Local-gov,Married-AF-spouse,Craft-repair,White,Male,United-States,growing-spheres,1
21.0,14.0,3339.0,0.0,29.0,Private,Divorced,?,White,Male,United-States,growing-spheres,0
28.0,13.0,8326.0,0.0,40.0,?,Never-married,Adm-clerical,White,Male,United-States,growing-spheres,0
28.0,13.0,8642.0,0.0,38.0,Local-gov,Never-married,?,White,Male,United-States,growing-spheres,0
22.0,11.0,10368.0,0.0,40.0,Private,Divorced,Adm-clerical,White,Male,United-States,growing-spheres,0
28.0,13.0,8614.0,0.0,39.0,Private,Never-married,Sales,White,Male,United-States,actionable-recourse,1
27.0,13.0,0.0,0.0,39.0,Private,Never-married,Sales,White,Male,United-States,face,0
27.0,13.0,0.0,0.0,39.0,Private,Never-married,Sales,White,Male,United-States,face,0
27.0,14.0,0.0,0.0,39.0,Private,Never-married,Sales,White,Male,United-States,face,0
28.0,13.0,0.0,0.0,39.0,Private,Never-married,Sales,White,Male,United-States,face,0
26.0,13.0,0.0,0.0,39.0,Private,Never-married,Sales,White,Male,United-States,face,0
24.0,13.0,0.0,0.0,47.0,Private,Never-married,Sales,White,Male,United-States,face,0
27.0,13.0,0.0,0.0,39.0,Private,Never-married,Sales,White,Male,United-States,face,0
31.0,13.0,0.0,0.0,39.0,Private,Never-married,Sales,White,Male,United-States,face,0
30.0,13.0,0.0,0.0,39.0,Private,Never-married,Sales,White,Male,United-States,face,0
24.0,13.0,0.0,0.0,39.0,Private,Never-married,Sales,White,Male,United-States,face,0
