age,education.num,capital.gain,capital.loss,hours.per.week,workclass,marital.status,occupation,race,sex,native.country,explainer,income
41.0,15.0,0,0,50.0,Without-pay,Married-civ-spouse,Machine-op-inspct,White,Male,?,dice,0
41.0,2.0,0,0,50.0,Private,Married-civ-spouse,Protective-serv,White,Male,?,dice,0
41.0,12.0,0,0,50.0,Without-pay,Married-civ-spouse,Adm-clerical,White,Male,?,dice,0
41.0,15.0,0,0,50.0,Private,Separated,Farming-fishing,White,Male,?,dice,0
23.0,15.0,0,0,50.0,Private,Married-civ-spouse,Farming-fishing,White,Male,?,dice,0
49.0,1.0,0,0,50.0,Private,Married-civ-spouse,Adm-clerical,White,Male,?,dice,0
41.0,4.0,0,0,50.0,Private,Widowed,Adm-clerical,White,Male,?,dice,0
41.0,15.0,0,0,43.0,Private,Never-married,Adm-clerical,White,Male,?,dice,0
87.0,15.0,0,0,21.0,Private,Married-civ-spouse,Adm-clerical,White,Male,?,dice,0
41.0,15.0,0,0,8.0,Self-emp-not-inc,Married-civ-spouse,Adm-clerical,White,Male,?,dice,0
41.0,14.0,0,0,18.0,Private,Married-civ-spouse,Adm-clerical,White,Male,?,dice,0
41.0,15.0,0,0,50.0,Self-emp-inc,Separated,Adm-clerical,White,Male,?,dice,0
41.0,4.0,0,0,50.0,Private,Married-spouse-absent,Adm-clerical,White,Male,?,dice,0
41.0,11.0,0,0,50.0,Never-worked,Married-civ-spouse,Adm-clerical,White,Male,?,dice,0
41.0,5.0,0,0,50.0,Private,Married-spouse-absent,Adm-clerical,White,Male,?,dice,0
61.0,15.0,0,0,50.0,Never-worked,Married-civ-spouse,Adm-clerical,White,Male,?,dice,0
41.0,1.0,0,0,50.0,Private,Married-AF-spouse,Adm-clerical,White,Male,?,dice,0
41.0,15.0,0,0,50.0,Private,Married-spouse-absent,Adm-clerical,White,Male,?,dice,0
41.0,5.0,0,0,50.0,Private,Married-civ-spouse,Sales,White,Male,?,dice,0
18.0,15.0,0,0,50.0,Private,Widowed,Adm-clerical,White,Male,?,dice,0
34.0,13.0,0,0,45.0,Private,Married-civ-spouse,Prof-specialty,White,Male,?,fimap,0
36.0,13.0,0,0,45.0,Private,Married-civ-spouse,Craft-repair,White,Male,?,fimap,0
36.0,13.0,0,0,46.0,Private,Married-civ-spouse,Exec-managerial,White,Male,?,fimap,0
37.0,14.0,0,0,45.0,Private,Married-civ-spouse,Adm-clerical,White,Male,?,cadex,0
38.0,14.0,0,0,47.0,Private,Married-civ-spouse,Adm-clerical,White,Male,?,fimap,0
39.0,14.0,0,0,47.0,Private,Never-married,Exec-managerial,White,Male,?,fimap,0
39.0,14.0,0,0,47.0,Private,Never-married,Prof-specialty,White,Male,?,fimap,0
41.0,14.0,0,0,45.0,Private,Married-civ-spouse,Adm-clerical,White,Male,?,cadex,0
41.0,15.0,0,0,50.0,Private,Married-civ-spouse,Adm-clerical,White,Male,?,cadex,0
41.0,15.0,0,0,50.0,Private,Married-civ-spouse,Adm-clerical,White,Male,?,cadex,0
41.0,15.0,0,0,50.0,Private,Married-civ-spouse,Adm-clerical,White,Male,?,cadex,0
41.0,15.0,0,0,40.0,Private,Married-civ-spouse,Adm-clerical,White,Male,?,cadex,0
41.0,15.0,0,0,40.0,Private,Married-civ-spouse,Adm-clerical,White,Male,?,cadex,0
27.0,15.0,0,0,45.0,Private,Married-civ-spouse,Adm-clerical,White,Male,?,wachter,1
20.0,14.0,0,0,50.0,Private,Married-civ-spouse,Adm-clerical,White,Male,?,wachter,0
40.0,14.0,0,0,18.0,Private,Married-civ-spouse,Adm-clerical,White,Male,?,wachter,0
22.0,14.0,0,0,49.0,Private,Married-civ-spouse,Adm-clerical,White,Male,?,wachter,0
24.0,14.0,0,0,46.0,Private,Married-civ-spouse,Adm-clerical,White,Male,?,wachter,0
21.0,14.0,0,0,49.0,Private,Married-civ-spouse,Adm-clerical,White,Male,?,wachter,0
23.0,14.0,0,0,43.0,Private,Married-civ-spouse,Adm-clerical,White,Male,?,wachter,0
20.0,14.0,0,0,49.0,Private,Married-civ-spouse,Adm-clerical,White,Male,?,wachter,0
27.0,15.0,0,0,42.0,Private,Married-civ-spouse,Adm-clerical,White,Male,?,wachter,1
20.0,14.0,0,0,49.0,Private,Married-civ-spouse,Adm-clerical,White,Male,?,wachter,0
27.0,15.0,0,0,50.0,Private,Married-civ-spouse,Adm-clerical,White,Male,?,cem,1
41.0,14.0,0,0,50.0,Self-emp-inc,Married-civ-spouse,Priv-house-serv,White,Male,Laos,cfproto,0
41.0,15.0,0,0,50.0,State-gov,Married-civ-spouse,Priv-house-serv,White,Male,Taiwan,cfproto,0
41.0,15.0,0,0,50.0,State-gov,Married-civ-spouse,Priv-house-serv,White,Male,Taiwan,cfproto,0
41.0,15.0,0,23,49.0,Federal-gov,Married-AF-spouse,Adm-clerical,White,Male,?,growing-spheres,1
48.0,15.0,2487,133,49.0,?,Married-civ-spouse,?,White,Male,?,growing-spheres,1
41.0,15.0,417,52,48.0,?,Divorced,?,White,Male,?,growing-spheres,1
40.0,14.0,72,0,48.0,?,Married-spouse-absent,?,White,Male,?,growing-spheres,0
42.0,14.0,2774,0,47.0,Federal-gov,Married-civ-spouse,Adm-clerical,White,Male,?,growing-spheres,1
47.0,14.0,0,394,42.0,Private,Married-AF-spouse,Adm-clerical,White,Male,?,growing-spheres,0
52.0,15.0,0,52,51.0,Private,Married-civ-spouse,Adm-clerical,White,Male,?,growing-spheres,1
41.0,15.0,7422,383,48.0,Private,Married-civ-spouse,Adm-clerical,White,Male,?,growing-spheres,1
41.0,14.0,0,0,50.0,Private,Married-civ-spouse,Adm-clerical,White,Male,?,growing-spheres,1
50.0,14.0,8698,0,44.0,Never-worked,Married-civ-spouse,Adm-clerical,White,Male,?,growing-spheres,0
48.0,13.0,0,0,49.0,Never-worked,Married-civ-spouse,Adm-clerical,White,Male,?,growing-spheres,0
40.0,14.0,0,116,50.0,Private,Married-civ-spouse,Exec-managerial,White,Male,?,growing-spheres,1
32.0,15.0,1477,0,51.0,?,Married-civ-spouse,Adm-clerical,White,Male,?,growing-spheres,1
40.0,14.0,1291,0,49.0,Private,Married-civ-spouse,Adm-clerical,White,Male,?,growing-spheres,1
41.0,15.0,92,0,49.0,Federal-gov,Married-AF-spouse,Adm-clerical,White,Male,?,growing-spheres,1
38.0,16.0,3398,216,42.0,Never-worked,Divorced,Priv-house-serv,White,Male,?,growing-spheres,0
39.0,14.0,2194,36,50.0,Private,Married-civ-spouse,Craft-repair,White,Male,?,growing-spheres,1
40.0,15.0,1965,7,49.0,?,Divorced,?,White,Male,?,growing-spheres,1
42.0,14.0,1472,0,48.0,Federal-gov,Married-civ-spouse,Adm-clerical,White,Male,?,growing-spheres,1
40.0,15.0,6919,172,50.0,Private,Married-civ-spouse,Other-service,White,Male,?,growing-spheres,1
28.0,13.0,0,0,39.0,Private,Married-civ-spouse,Adm-clerical,White,Male,?,face,0
31.0,12.0,0,0,39.0,Private,Married-civ-spouse,Adm-clerical,White,Male,Italy,face,0
32.0,11.0,0,0,39.0,Private,Married-civ-spouse,Adm-clerical,White,Male,Italy,face,0
40.0,9.0,0,0,39.0,Private,Married-civ-spouse,Adm-clerical,White,Male,Mexico,face,0
39.0,13.0,0,0,39.0,Private,Married-civ-spouse,Machine-op-inspct,White,Male,?,face,0
40.0,13.0,0,0,39.0,Private,Married-civ-spouse,Adm-clerical,White,Male,Mexico,face,0
27.0,12.0,0,0,39.0,Private,Married-civ-spouse,Adm-clerical,White,Male,United-States,face,0
45.0,13.0,0,0,14.0,Private,Married-civ-spouse,Adm-clerical,White,Male,United-States,face,0
45.0,13.0,0,0,14.0,Private,Married-civ-spouse,Adm-clerical,White,Male,United-States,face,0
31.0,12.0,0,0,39.0,Private,Married-civ-spouse,Adm-clerical,White,Male,Italy,face,0
