age,education.num,capital.gain,capital.loss,hours.per.week,workclass,marital.status,occupation,race,sex,native.country,explainer,income
49.0,4.0,79218.0,0.0,38.0,Private,Married-civ-spouse,Machine-op-inspct,Other,Male,United-States,dice,1
49.0,15.0,0.0,3418.0,38.0,Private,Married-civ-spouse,Machine-op-inspct,Other,Male,United-States,dice,1
49.0,4.0,77421.0,0.0,38.0,Private,Married-civ-spouse,Machine-op-inspct,Other,Male,United-States,dice,1
49.0,4.0,39002.0,0.0,38.0,Private,Married-civ-spouse,Machine-op-inspct,Other,Male,United-States,dice,1
49.0,4.0,33196.0,0.0,38.0,Private,Married-civ-spouse,Machine-op-inspct,Other,Male,United-States,dice,1
49.0,4.0,77421.0,0.0,38.0,Private,Married-civ-spouse,Adm-clerical,Other,Male,United-States,dice,1
49.0,4.0,47056.0,0.0,38.0,Private,Never-married,Machine-op-inspct,Other,Male,United-States,dice,1
49.0,4.0,13348.0,0.0,38.0,Self-emp-inc,Married-civ-spouse,Machine-op-inspct,Other,Male,United-States,dice,1
49.0,4.0,0.0,4240.0,83.0,Private,Married-civ-spouse,Machine-op-inspct,Other,Male,United-States,dice,1
49.0,4.0,73031.0,0.0,38.0,Private,Married-civ-spouse,Machine-op-inspct,Other,Male,United-States,dice,1
96.0,4.0,56912.0,0.0,38.0,Private,Married-civ-spouse,Machine-op-inspct,Other,Male,United-States,dice,1
49.0,4.0,74883.0,578.0,38.0,Private,Married-civ-spouse,Machine-op-inspct,Other,Male,United-States,dice,1
49.0,4.0,66378.0,0.0,65.0,Private,Married-civ-spouse,Machine-op-inspct,Other,Male,United-States,dice,1
49.0,4.0,62375.0,0.0,65.0,Private,Married-civ-spouse,Machine-op-inspct,Other,Male,United-States,dice,1
49.0,4.0,0.0,0.0,84.0,Federal-gov,Married-civ-spouse,Machine-op-inspct,Other,Male,United-States,dice,1
49.0,14.0,0.0,0.0,38.0,Private,Married-civ-spouse,Machine-op-inspct,Other,Male,United-States,dice,1
97.0,4.0,85818.0,0.0,38.0,Private,Married-civ-spouse,Machine-op-inspct,Other,Male,United-States,dice,1
49.0,16.0,0.0,2913.0,38.0,Private,Married-civ-spouse,Machine-op-inspct,Other,Male,United-States,dice,1
49.0,4.0,60286.0,0.0,38.0,Local-gov,Married-civ-spouse,Machine-op-inspct,Other,Male,United-States,dice,1
49.0,16.0,0.0,1370.0,38.0,Private,Married-civ-spouse,Machine-op-inspct,Other,Male,United-States,dice,1
48.0,5.0,9261.0,64.0,41.0,Private,Married-civ-spouse,Prof-specialty,Other,Male,United-States,fimap,1
49.0,4.0,9917.0,0.0,38.0,Private,Married-civ-spouse,Machine-op-inspct,Other,Male,United-States,cadex,1
49.0,5.0,8770.0,410.0,46.0,Private,Married-civ-spouse,Machine-op-inspct,Other,Male,United-States,cadex,1
49.0,5.0,8813.0,0.0,46.0,Private,Married-civ-spouse,Machine-op-inspct,Other,Male,United-States,cadex,1
49.0,5.0,8876.0,0.0,46.0,Private,Married-civ-spouse,Machine-op-inspct,Other,Male,United-States,cadex,1
49.0,5.0,9240.0,0.0,46.0,Private,Married-civ-spouse,Machine-op-inspct,Other,Male,United-States,cadex,1
49.0,5.0,9787.0,0.0,47.0,Private,Married-civ-spouse,Machine-op-inspct,Other,Male,United-States,cadex,1
49.0,5.0,9855.0,0.0,38.0,Private,Married-civ-spouse,Machine-op-inspct,Other,Male,United-States,cadex,1
49.0,5.0,9485.0,67.0,41.0,Private,Married-civ-spouse,Farming-fishing,Other,Male,United-States,fimap,0
51.0,5.0,10168.0,73.0,42.0,Private,Married-civ-spouse,Sales,Other,Male,United-States,fimap,1
51.0,5.0,12133.0,80.0,42.0,Private,Married-civ-spouse,Machine-op-inspct,Other,Male,United-States,fimap,1
52.0,5.0,8808.0,412.0,46.0,Private,Married-civ-spouse,Machine-op-inspct,Other,Male,United-States,cadex,1
53.0,6.0,14176.0,106.0,43.0,Private,Married-civ-spouse,Craft-repair,Other,Male,United-States,fimap,1
54.0,6.0,15833.0,126.0,43.0,Private,Never-married,Craft-repair,Other,Male,United-States,fimap,1
48.0,4.0,4811.0,0.0,60.0,Private,Married-civ-spouse,Machine-op-inspct,Other,Male,United-States,wachter,1
48.0,4.0,5857.0,0.0,45.0,Private,Married-civ-spouse,Machine-op-inspct,Other,Male,United-States,wachter,0
49.0,4.0,9327.0,0.0,37.0,Private,Married-civ-spouse,Machine-op-inspct,Other,Male,United-States,wachter,1
49.0,3.0,7267.0,0.0,37.0,Private,Married-civ-spouse,Machine-op-inspct,Other,Male,United-States,wachter,0
49.0,4.0,7250.0,0.0,37.0,Private,Married-civ-spouse,Machine-op-inspct,Other,Male,United-States,wachter,1
49.0,4.0,7256.0,0.0,38.0,Private,Married-civ-spouse,Machine-op-inspct,Other,Male,United-States,wachter,1
48.0,4.0,11448.0,0.0,37.0,Private,Married-civ-spouse,Machine-op-inspct,Other,Male,United-States,wachter,1
57.0,4.0,7664.0,0.0,39.0,Private,Married-civ-spouse,Machine-op-inspct,Other,Male,United-States,wachter,1
49.0,3.0,13126.0,0.0,43.0,Private,Married-civ-spouse,Machine-op-inspct,Other,Male,United-States,wachter,1
48.0,3.0,7238.0,0.0,37.0,Private,Married-civ-spouse,Machine-op-inspct,Other,Male,United-States,wachter,0
49.0,4.0,8782.0,0.0,38.0,Private,Married-civ-spouse,Machine-op-inspct,Other,Male,United-States,cem,1
49.0,4.0,20740.0,0.0,38.0,Private,Married-civ-spouse,Other-service,Other,Male,Trinadad&Tobago,cfproto,1
49.0,4.0,15263.0,0.0,38.0,Self-emp-not-inc,Married-civ-spouse,Machine-op-inspct,Other,Male,Vietnam,cfproto,1
49.0,4.0,31446.0,0.0,38.0,Private,Married-civ-spouse,Other-service,Other,Male,Peru,cfproto,1
49.0,4.0,26702.0,0.0,38.0,Private,Married-civ-spouse,Other-service,Other,Male,United-States,cfproto,1
49.0,4.0,36773.0,0.0,38.0,Private,Married-civ-spouse,Protective-serv,Other,Male,Outlying-US(Guam-USVI-etc),cfproto,1
49.0,4.0,17119.0,0.0,38.0,Self-emp-inc,Married-civ-spouse,Machine-op-inspct,Other,Male,Philippines,cfproto,1
49.0,4.0,35138.0,0.0,38.0,Private,Married-civ-spouse,Protective-serv,Other,Male,Outlying-US(Guam-USVI-etc),cfproto,1
49.0,4.0,887.0,0.0,38.0,Private,Married-civ-spouse,Tech-support,Other,Male,Yugoslavia,cfproto,1
49.0,4.0,34805.0,0.0,38.0,Private,Married-civ-spouse,Prof-specialty,Other,Male,Outlying-US(Guam-USVI-etc),cfproto,1
49.0,4.0,887.0,0.0,38.0,Private,Married-civ-spouse,Tech-support,Other,Male,Yugoslavia,cfproto,1
49.0,3.0,47142.0,486.0,17.0,Private,Married-AF-spouse,?,Other,Male,United-States,growing-spheres,1
53.0,1.0,33188.0,0.0,55.0,Federal-gov,Married-civ-spouse,Adm-clerical,Other,Male,United-States,growing-spheres,1
46.0,4.0,42107.0,0.0,49.0,Local-gov,Married-AF-spouse,?,Other,Male,United-States,growing-spheres,1
20.0,5.0,38158.0,0.0,25.0,Federal-gov,Married-AF-spouse,?,Other,Male,United-States,growing-spheres,1
51.0,3.0,42187.0,0.0,28.0,Self-emp-not-inc,Divorced,Adm-clerical,Other,Male,United-States,growing-spheres,1
39.0,1.0,37521.0,543.0,66.0,Private,Married-civ-spouse,?,Other,Male,United-States,growing-spheres,1
53.0,5.0,16065.0,9.0,61.0,?,Married-AF-spouse,Craft-repair,Other,Male,United-States,growing-spheres,1
29.0,4.0,37005.0,128.0,48.0,?,Married-AF-spouse,?,Other,Male,United-States,growing-spheres,1
34.0,5.0,32527.0,901.0,45.0,Private,Married-AF-spouse,Handlers-cleaners,Other,Male,United-States,growing-spheres,1
48.0,8.0,44031.0,0.0,34.0,Local-gov,Divorced,Adm-clerical,Other,Male,United-States,growing-spheres,1
59.0,6.0,32870.0,409.0,39.0,?,Married-AF-spouse,Exec-managerial,Other,Male,United-States,growing-spheres,1
33.0,6.0,30913.0,1053.0,55.0,Without-pay,Divorced,?,Other,Male,United-States,growing-spheres,1
47.0,3.0,31266.0,425.0,49.0,?,Married-AF-spouse,?,Other,Male,United-States,growing-spheres,1
36.0,4.0,24646.0,0.0,38.0,Local-gov,Married-civ-spouse,Machine-op-inspct,Other,Male,United-States,growing-spheres,1
50.0,3.0,17104.0,344.0,45.0,?,Married-AF-spouse,?,Other,Male,United-States,growing-spheres,1
52.0,4.0,34832.0,142.0,70.0,?,Divorced,Exec-managerial,Other,Male,United-States,growing-spheres,1
48.0,4.0,29399.0,462.0,37.0,?,Divorced,Handlers-cleaners,Other,Male,United-States,growing-spheres,1
74.0,1.0,43065.0,0.0,43.0,?,Married-civ-spouse,Machine-op-inspct,Other,Male,United-States,growing-spheres,1
58.0,10.0,28046.0,0.0,36.0,?,Married-AF-spouse,?,Other,Male,United-States,growing-spheres,1
55.0,3.0,40495.0,0.0,52.0,Private,Divorced,?,Other,Male,United-States,growing-spheres,1
49.0,4.0,150.0,19.0,38.0,?,Married-civ-spouse,Machine-op-inspct,Other,Male,United-States,actionable-recourse,0
37.0,7.0,3103.0,0.0,43.0,Private,Married-civ-spouse,Machine-op-inspct,White,Male,United-States,face,1
48.0,9.0,0.0,0.0,39.0,Private,Married-civ-spouse,Machine-op-inspct,White,Male,United-States,face,1
49.0,9.0,0.0,0.0,39.0,Private,Married-civ-spouse,Machine-op-inspct,White,Male,United-States,face,0
50.0,9.0,3103.0,0.0,39.0,Private,Married-civ-spouse,Machine-op-inspct,White,Male,United-States,face,1
42.0,9.0,0.0,0.0,39.0,Private,Married-civ-spouse,Machine-op-inspct,White,Male,United-States,face,1
49.0,9.0,0.0,0.0,39.0,Private,Married-civ-spouse,Machine-op-inspct,White,Male,United-States,face,0
49.0,9.0,0.0,0.0,39.0,Private,Married-civ-spouse,Machine-op-inspct,White,Male,United-States,face,0
48.0,9.0,0.0,0.0,39.0,Private,Married-civ-spouse,Machine-op-inspct,White,Male,United-States,face,1
46.0,9.0,0.0,0.0,39.0,Private,Married-civ-spouse,Machine-op-inspct,White,Male,United-States,face,1
49.0,9.0,0.0,0.0,39.0,Private,Married-civ-spouse,Machine-op-inspct,White,Male,United-States,face,0
