age,education.num,capital.gain,capital.loss,hours.per.week,workclass,marital.status,occupation,race,sex,native.country,explainer,income
85.0,13.0,0,0.0,40.0,Private,Married-civ-spouse,Craft-repair,White,Male,United-States,dice,0
39.0,5.0,0,0.0,40.0,Private,Married-civ-spouse,Adm-clerical,White,Male,United-States,dice,0
39.0,9.0,0,0.0,40.0,Never-worked,Married-civ-spouse,Craft-repair,White,Male,United-States,dice,0
71.0,9.0,0,0.0,40.0,Private,Married-civ-spouse,Craft-repair,White,Male,United-States,dice,0
39.0,9.0,0,0.0,22.0,Private,Married-civ-spouse,Craft-repair,White,Male,United-States,dice,0
72.0,9.0,0,0.0,40.0,Private,Married-AF-spouse,Craft-repair,White,Male,United-States,dice,0
39.0,9.0,0,0.0,13.0,Private,Married-civ-spouse,Craft-repair,White,Male,United-States,dice,0
39.0,9.0,0,0.0,3.0,Private,Married-civ-spouse,Protective-serv,White,Male,United-States,dice,0
39.0,9.0,0,0.0,40.0,Private,Married-civ-spouse,Other-service,White,Male,United-States,dice,0
22.0,9.0,0,0.0,40.0,Private,Married-civ-spouse,Sales,White,Male,United-States,dice,0
39.0,9.0,0,0.0,40.0,?,Married-civ-spouse,Craft-repair,White,Male,United-States,dice,0
39.0,9.0,0,0.0,40.0,Private,Never-married,Adm-clerical,White,Male,United-States,dice,0
39.0,3.0,0,0.0,29.0,Private,Married-civ-spouse,Craft-repair,White,Male,United-States,dice,0
39.0,9.0,0,0.0,40.0,Never-worked,Married-civ-spouse,Machine-op-inspct,White,Male,United-States,dice,0
39.0,9.0,0,0.0,40.0,Private,Married-civ-spouse,Priv-house-serv,White,Male,United-States,dice,0
39.0,2.0,0,0.0,40.0,Private,Married-civ-spouse,Craft-repair,White,Male,United-States,dice,0
39.0,9.0,0,1347.0,40.0,Private,Married-spouse-absent,Craft-repair,White,Male,United-States,dice,0
45.0,9.0,0,0.0,40.0,Private,Married-civ-spouse,?,White,Male,United-States,dice,0
39.0,6.0,0,0.0,40.0,Private,Married-civ-spouse,Craft-repair,White,Male,United-States,dice,0
39.0,5.0,0,0.0,40.0,Private,Married-civ-spouse,Sales,White,Male,United-States,dice,0
35.0,8.0,0,0.0,35.0,Private,Married-civ-spouse,Craft-repair,White,Male,United-States,cadex,0
35.0,8.0,0,0.0,35.0,Private,Married-civ-spouse,Craft-repair,White,Male,United-States,cadex,0
35.0,9.0,0,0.0,35.0,Private,Married-civ-spouse,Craft-repair,White,Male,United-States,cadex,0
35.0,9.0,0,0.0,40.0,Private,Married-civ-spouse,Craft-repair,White,Male,United-States,cadex,0
39.0,9.0,0,0.0,40.0,Private,Married-civ-spouse,Craft-repair,White,Male,United-States,cadex,0
39.0,8.0,0,0.0,39.0,Private,Married-civ-spouse,Craft-repair,White,Male,United-States,fimap,0
39.0,8.0,0,0.0,39.0,Private,Married-civ-spouse,Prof-specialty,White,Male,United-States,fimap,1
39.0,8.0,179,2.0,39.0,Private,Married-civ-spouse,Sales,White,Male,United-States,fimap,1
40.0,8.0,428,2.0,38.0,Private,Married-civ-spouse,Farming-fishing,White,Male,United-States,fimap,0
40.0,8.0,0,7.0,39.0,Private,Married-civ-spouse,Transport-moving,White,Male,United-States,fimap,0
40.0,8.0,261,8.0,38.0,Private,Divorced,Other-service,White,Male,United-States,fimap,0
43.0,7.0,0,0.0,54.0,Private,Married-civ-spouse,Craft-repair,White,Male,United-States,wachter,1
38.0,8.0,0,0.0,37.0,Private,Married-civ-spouse,Craft-repair,White,Male,United-States,wachter,0
48.0,8.0,0,0.0,35.0,Private,Married-civ-spouse,Craft-repair,White,Male,United-States,wachter,0
41.0,9.0,0,0.0,33.0,Private,Married-civ-spouse,Craft-repair,White,Male,United-States,wachter,0
45.0,8.0,0,0.0,39.0,Private,Married-civ-spouse,Craft-repair,White,Male,United-States,wachter,1
36.0,8.0,0,0.0,39.0,Private,Married-civ-spouse,Craft-repair,White,Male,United-States,wachter,0
44.0,9.0,0,0.0,34.0,Private,Married-civ-spouse,Craft-repair,White,Male,United-States,wachter,1
36.0,8.0,0,0.0,39.0,Private,Married-civ-spouse,Craft-repair,White,Male,United-States,wachter,0
43.0,9.0,0,0.0,33.0,Private,Married-civ-spouse,Craft-repair,White,Male,United-States,wachter,0
36.0,8.0,0,0.0,39.0,Private,Married-civ-spouse,Craft-repair,White,Male,United-States,wachter,0
39.0,8.0,0,0.0,35.0,Private,Married-civ-spouse,Craft-repair,White,Male,United-States,cem,0
39.0,9.0,0,0.0,40.0,Private,Married-civ-spouse,Priv-house-serv,White,Male,Hong,cfproto,0
39.0,9.0,0,0.0,40.0,Private,Married-civ-spouse,Craft-repair,White,Male,Puerto-Rico,cfproto,0
39.0,9.0,0,0.0,40.0,Without-pay,Married-civ-spouse,Other-service,White,Male,Cambodia,cfproto,0
39.0,9.0,0,0.0,40.0,Private,Married-civ-spouse,Protective-serv,White,Male,Vietnam,cfproto,0
39.0,9.0,0,0.0,40.0,Private,Married-civ-spouse,Transport-moving,White,Male,Germany,cfproto,0
39.0,9.0,0,0.0,40.0,Private,Married-civ-spouse,Farming-fishing,White,Male,?,cfproto,0
37.0,8.0,0,0.0,38.0,Self-emp-inc,Married-civ-spouse,Priv-house-serv,Amer-Indian-Eskimo,Male,Hong,cfproto,0
39.0,9.0,0,0.0,40.0,Private,Married-civ-spouse,Craft-repair,White,Male,Mexico,cfproto,0
39.0,9.0,0,0.0,40.0,Private,Married-civ-spouse,Transport-moving,White,Male,Germany,cfproto,0
39.0,8.0,0,78.0,41.0,Federal-gov,Married-civ-spouse,Machine-op-inspct,White,Male,United-States,growing-spheres,1
39.0,8.0,0,11.0,39.0,Federal-gov,Divorced,Craft-repair,White,Male,United-States,growing-spheres,0
37.0,9.0,0,0.0,34.0,Private,Married-AF-spouse,Craft-repair,White,Male,United-States,growing-spheres,1
34.0,8.0,3552,0.0,39.0,Local-gov,Married-AF-spouse,Priv-house-serv,White,Male,United-States,growing-spheres,0
28.0,8.0,0,0.0,39.0,Federal-gov,Divorced,Craft-repair,White,Male,United-States,growing-spheres,0
37.0,10.0,4829,283.0,36.0,Federal-gov,Married-civ-spouse,Adm-clerical,White,Male,United-States,growing-spheres,1
40.0,9.0,0,0.0,48.0,Self-emp-inc,Married-civ-spouse,Craft-repair,White,Male,United-States,growing-spheres,0
39.0,8.0,876,137.0,40.0,Private,Married-civ-spouse,Armed-Forces,White,Male,United-States,growing-spheres,0
37.0,8.0,3827,47.0,36.0,Private,Married-civ-spouse,Adm-clerical,White,Male,United-States,growing-spheres,1
39.0,9.0,0,0.0,40.0,Never-worked,Married-civ-spouse,?,White,Male,United-States,growing-spheres,0
38.0,9.0,0,26.0,41.0,Federal-gov,Married-civ-spouse,?,White,Male,United-States,growing-spheres,0
41.0,8.0,0,0.0,40.0,?,Divorced,Adm-clerical,White,Male,United-States,growing-spheres,0
39.0,9.0,958,43.0,40.0,Private,Married-spouse-absent,Craft-repair,White,Male,United-States,growing-spheres,0
38.0,9.0,4654,32.0,33.0,?,Widowed,Adm-clerical,White,Male,United-States,growing-spheres,0
37.0,8.0,0,0.0,40.0,Local-gov,Married-civ-spouse,Craft-repair,White,Male,United-States,growing-spheres,0
37.0,9.0,0,0.0,44.0,Federal-gov,Married-civ-spouse,Craft-repair,White,Male,United-States,growing-spheres,0
35.0,8.0,2677,0.0,39.0,Private,Married-AF-spouse,?,White,Male,United-States,growing-spheres,0
37.0,10.0,6248,367.0,38.0,Local-gov,Married-civ-spouse,Sales,White,Male,United-States,growing-spheres,1
38.0,8.0,0,0.0,39.0,?,Divorced,Craft-repair,White,Male,United-States,growing-spheres,0
38.0,9.0,0,0.0,36.0,?,Married-civ-spouse,Armed-Forces,White,Male,United-States,growing-spheres,0
39.0,9.0,0,0.0,39.0,Private,Married-civ-spouse,Craft-repair,White,Male,United-States,actionable-recourse,1
34.0,9.0,0,0.0,39.0,Private,Married-civ-spouse,Craft-repair,White,Male,United-States,face,0
37.0,9.0,0,0.0,39.0,Private,Married-civ-spouse,Craft-repair,White,Male,United-States,face,0
37.0,9.0,0,0.0,39.0,Private,Married-civ-spouse,Craft-repair,White,Male,United-States,face,0
36.0,9.0,0,0.0,39.0,Private,Married-civ-spouse,Craft-repair,White,Male,United-States,face,0
37.0,9.0,0,0.0,39.0,Private,Married-civ-spouse,Craft-repair,White,Male,United-States,face,0
37.0,9.0,0,0.0,39.0,Private,Married-civ-spouse,Craft-repair,White,Male,United-States,face,0
36.0,9.0,0,0.0,39.0,Private,Married-civ-spouse,Craft-repair,White,Male,United-States,face,0
35.0,9.0,0,0.0,39.0,Private,Married-civ-spouse,Craft-repair,White,Male,United-States,face,0
37.0,9.0,0,0.0,39.0,Private,Married-civ-spouse,Craft-repair,White,Male,United-States,face,0
37.0,9.0,0,0.0,39.0,Private,Married-civ-spouse,Craft-repair,White,Male,United-States,face,0
