age,education.num,capital.gain,capital.loss,hours.per.week,workclass,marital.status,occupation,race,sex,native.country,explainer,income
25.0,9.0,91209.0,0.0,48.0,Private,Married-civ-spouse,Craft-repair,White,Male,United-States,dice,1
25.0,16.0,0.0,4250.0,48.0,Private,Married-civ-spouse,Craft-repair,White,Male,United-States,dice,1
25.0,15.0,0.0,0.0,48.0,Private,Married-civ-spouse,Tech-support,White,Male,United-States,dice,1
80.0,9.0,0.0,0.0,75.0,Private,Married-civ-spouse,Craft-repair,White,Male,United-States,dice,1
25.0,9.0,30429.0,0.0,55.0,Private,Married-civ-spouse,Craft-repair,White,Male,United-States,dice,1
25.0,9.0,0.0,0.0,48.0,Self-emp-inc,Married-civ-spouse,Protective-serv,White,Male,United-States,dice,1
25.0,9.0,0.0,2610.0,48.0,Private,Married-civ-spouse,Craft-repair,White,Male,United-States,dice,1
25.0,9.0,0.0,3504.0,54.0,Private,Married-civ-spouse,Craft-repair,White,Male,United-States,dice,1
25.0,9.0,0.0,3042.0,48.0,Private,Married-civ-spouse,Transport-moving,White,Male,United-States,dice,1
25.0,9.0,0.0,4055.0,48.0,Private,Married-civ-spouse,Craft-repair,White,Male,United-States,dice,1
25.0,9.0,43955.0,0.0,48.0,Federal-gov,Married-civ-spouse,Craft-repair,White,Male,United-States,dice,1
25.0,11.0,0.0,2246.0,48.0,Private,Married-civ-spouse,Craft-repair,White,Male,United-States,dice,1
25.0,7.0,16517.0,0.0,48.0,Private,Married-civ-spouse,Craft-repair,White,Male,United-States,dice,1
25.0,9.0,50201.0,0.0,48.0,Private,Separated,Craft-repair,White,Male,United-States,dice,1
25.0,9.0,45258.0,0.0,48.0,Private,Separated,Craft-repair,White,Male,United-States,dice,1
25.0,9.0,0.0,3420.0,48.0,Private,Married-civ-spouse,Craft-repair,White,Male,United-States,dice,1
25.0,9.0,90007.0,0.0,33.0,Private,Married-civ-spouse,Craft-repair,White,Male,United-States,dice,1
25.0,9.0,64881.0,0.0,48.0,Private,Never-married,Craft-repair,White,Male,United-States,dice,1
79.0,16.0,0.0,0.0,48.0,Private,Married-civ-spouse,Craft-repair,White,Male,United-States,dice,1
25.0,9.0,65359.0,1469.0,48.0,Private,Married-civ-spouse,Craft-repair,White,Male,United-States,dice,1
25.0,9.0,4999.0,0.0,48.0,Private,Married-civ-spouse,Craft-repair,White,Male,United-States,cadex,1
28.0,9.0,4999.0,0.0,48.0,Private,Married-civ-spouse,Craft-repair,White,Male,United-States,cadex,1
28.0,9.0,4999.0,0.0,48.0,Private,Married-civ-spouse,Craft-repair,White,Male,United-States,cadex,1
28.0,9.0,4999.0,0.0,52.0,Private,Married-civ-spouse,Craft-repair,White,Male,United-States,cadex,1
28.0,9.0,4999.0,217.0,52.0,Private,Married-civ-spouse,Craft-repair,White,Male,United-States,cadex,1
31.0,10.0,10682.0,117.0,52.0,Private,Married-civ-spouse,Handlers-cleaners,White,Male,United-States,fimap,1
31.0,9.0,5647.0,43.0,50.0,Private,Never-married,Protective-serv,White,Male,United-States,fimap,0
31.0,9.0,6231.0,49.0,50.0,Private,Married-civ-spouse,Prof-specialty,White,Male,United-States,fimap,1
31.0,9.0,6313.0,49.0,50.0,Private,Married-civ-spouse,Prof-specialty,White,Male,United-States,fimap,1
32.0,10.0,7856.0,68.0,51.0,Private,Married-civ-spouse,Tech-support,White,Male,United-States,fimap,1
32.0,10.0,10191.0,113.0,52.0,Private,Married-civ-spouse,Prof-specialty,White,Male,United-States,fimap,1
25.0,8.0,4185.0,0.0,47.0,Private,Married-civ-spouse,Craft-repair,White,Male,United-States,wachter,0
24.0,9.0,4084.0,0.0,49.0,Private,Married-civ-spouse,Craft-repair,White,Male,United-States,wachter,0
24.0,9.0,4275.0,0.0,48.0,Private,Married-civ-spouse,Craft-repair,White,Male,United-States,wachter,0
25.0,8.0,4191.0,0.0,48.0,Private,Married-civ-spouse,Craft-repair,White,Male,United-States,wachter,0
24.0,9.0,4221.0,0.0,48.0,Private,Married-civ-spouse,Craft-repair,White,Male,United-States,wachter,0
24.0,9.0,3897.0,0.0,49.0,Private,Married-civ-spouse,Craft-repair,White,Male,United-States,wachter,0
25.0,9.0,4082.0,0.0,48.0,Private,Married-civ-spouse,Craft-repair,White,Male,United-States,wachter,1
24.0,8.0,4225.0,0.0,48.0,Private,Married-civ-spouse,Craft-repair,White,Male,United-States,wachter,0
25.0,8.0,3980.0,0.0,48.0,Private,Married-civ-spouse,Craft-repair,White,Male,United-States,wachter,0
25.0,8.0,4225.0,0.0,48.0,Private,Married-civ-spouse,Craft-repair,White,Male,United-States,wachter,0
25.0,9.0,5905.0,0.0,48.0,Private,Married-civ-spouse,Craft-repair,White,Male,United-States,cem,1
25.0,9.0,252.0,0.0,48.0,Private,Married-civ-spouse,Craft-repair,White,Male,Cuba,cfproto,1
25.0,9.0,28158.0,0.0,48.0,Private,Married-civ-spouse,Transport-moving,White,Male,Vietnam,cfproto,1
25.0,9.0,303.0,0.0,48.0,Private,Married-civ-spouse,Craft-repair,White,Male,Cuba,cfproto,1
25.0,9.0,37853.0,0.0,48.0,Private,Married-civ-spouse,Other-service,White,Male,Cuba,cfproto,1
25.0,9.0,8623.0,0.0,48.0,Private,Married-civ-spouse,Craft-repair,White,Male,Thailand,cfproto,1
25.0,9.0,306.0,0.0,48.0,Private,Married-civ-spouse,Craft-repair,White,Male,Cuba,cfproto,1
25.0,9.0,29953.0,0.0,48.0,Private,Married-civ-spouse,Protective-serv,White,Male,Outlying-US(Guam-USVI-etc),cfproto,1
25.0,9.0,35778.0,0.0,48.0,Private,Married-civ-spouse,Tech-support,White,Male,Ireland,cfproto,1
25.0,9.0,16157.0,0.0,48.0,Private,Married-civ-spouse,Craft-repair,White,Male,Thailand,cfproto,1
25.0,9.0,0.0,0.0,48.0,Private,Married-civ-spouse,Craft-repair,White,Male,Cuba,cfproto,1
38.0,8.0,40579.0,0.0,63.0,?,Divorced,Armed-Forces,White,Male,United-States,growing-spheres,1
18.0,9.0,32005.0,221.0,55.0,Federal-gov,Divorced,Adm-clerical,White,Male,United-States,growing-spheres,1
30.0,10.0,28239.0,516.0,48.0,?,Divorced,Armed-Forces,White,Male,United-States,growing-spheres,1
17.0,10.0,16727.0,0.0,54.0,Private,Divorced,Tech-support,White,Male,United-States,growing-spheres,1
32.0,6.0,29663.0,2040.0,39.0,Federal-gov,Divorced,Exec-managerial,White,Male,United-States,growing-spheres,1
40.0,8.0,44211.0,0.0,21.0,?,Divorced,?,White,Male,United-States,growing-spheres,1
38.0,9.0,30458.0,0.0,57.0,Never-worked,Married-civ-spouse,?,White,Male,United-States,growing-spheres,1
25.0,11.0,47463.0,0.0,39.0,?,Married-AF-spouse,Adm-clerical,White,Male,United-States,growing-spheres,1
20.0,6.0,32166.0,0.0,30.0,?,Married-AF-spouse,Prof-specialty,White,Male,United-States,growing-spheres,1
17.0,11.0,47107.0,0.0,56.0,Private,Married-civ-spouse,Craft-repair,White,Male,United-States,growing-spheres,1
34.0,10.0,23685.0,0.0,49.0,Self-emp-inc,Married-civ-spouse,Machine-op-inspct,White,Male,United-States,growing-spheres,1
25.0,9.0,28187.0,166.0,21.0,Private,Married-AF-spouse,Armed-Forces,White,Male,United-States,growing-spheres,1
20.0,11.0,33006.0,0.0,45.0,Federal-gov,Married-AF-spouse,Adm-clerical,White,Male,United-States,growing-spheres,1
17.0,6.0,49319.0,0.0,49.0,?,Married-civ-spouse,?,White,Male,United-States,growing-spheres,1
31.0,9.0,11374.0,168.0,58.0,Private,Married-civ-spouse,Craft-repair,White,Male,United-States,growing-spheres,1
18.0,9.0,34300.0,0.0,51.0,?,Divorced,Craft-repair,White,Male,United-States,growing-spheres,1
41.0,11.0,42513.0,255.0,68.0,Federal-gov,Married-civ-spouse,?,White,Male,United-States,growing-spheres,1
47.0,9.0,33601.0,0.0,39.0,?,Married-AF-spouse,?,White,Male,United-States,growing-spheres,1
32.0,12.0,24794.0,585.0,28.0,Local-gov,Married-AF-spouse,Handlers-cleaners,White,Male,United-States,growing-spheres,1
51.0,6.0,33052.0,0.0,70.0,?,Married-AF-spouse,Adm-clerical,White,Male,United-States,growing-spheres,1
25.0,9.0,0.0,0.0,48.0,Private,Married-AF-spouse,Craft-repair,White,Male,United-States,actionable-recourse,1
36.0,9.0,0.0,0.0,43.0,Private,Married-civ-spouse,Craft-repair,White,Male,United-States,face,1
36.0,9.0,0.0,0.0,44.0,Private,Married-civ-spouse,Craft-repair,White,Male,United-States,face,1
33.0,9.0,3411.0,0.0,39.0,Private,Married-civ-spouse,Craft-repair,White,Male,United-States,face,1
34.0,9.0,0.0,0.0,50.0,Private,Married-civ-spouse,Craft-repair,White,Male,United-States,face,1
36.0,9.0,0.0,0.0,51.0,Private,Married-civ-spouse,Craft-repair,White,Male,United-States,face,1
32.0,9.0,5178.0,0.0,48.0,Private,Married-civ-spouse,Craft-repair,White,Male,United-States,face,1
34.0,9.0,0.0,0.0,54.0,Private,Married-civ-spouse,Craft-repair,White,Male,United-States,face,1
32.0,9.0,3781.0,0.0,39.0,Private,Married-civ-spouse,Craft-repair,White,Male,United-States,face,1
34.0,9.0,0.0,0.0,54.0,Private,Married-civ-spouse,Craft-repair,White,Male,United-States,face,1
34.0,9.0,0.0,0.0,50.0,Private,Married-civ-spouse,Craft-repair,White,Male,United-States,face,1
