age,education.num,capital.gain,capital.loss,hours.per.week,workclass,marital.status,occupation,race,sex,native.country,explainer,income
33.0,10.0,0,0,55.0,Self-emp-not-inc,Married-civ-spouse,Exec-managerial,White,Male,United-States,dice,0
57.0,10.0,0,0,28.0,Self-emp-not-inc,Widowed,Exec-managerial,White,Male,United-States,dice,0
57.0,10.0,0,0,55.0,Self-emp-not-inc,Divorced,Exec-managerial,White,Male,United-States,dice,0
57.0,10.0,0,0,55.0,Self-emp-not-inc,Married-civ-spouse,Farming-fishing,White,Male,United-States,dice,0
57.0,10.0,0,0,55.0,Self-emp-not-inc,Married-AF-spouse,Craft-repair,White,Male,United-States,dice,0
57.0,4.0,0,0,92.0,Self-emp-not-inc,Married-civ-spouse,Exec-managerial,White,Male,United-States,dice,0
93.0,10.0,0,0,55.0,Self-emp-not-inc,Married-civ-spouse,Protective-serv,White,Male,United-States,dice,0
57.0,10.0,0,0,55.0,Never-worked,Never-married,Exec-managerial,White,Male,United-States,dice,0
80.0,10.0,0,0,55.0,Self-emp-not-inc,Separated,Exec-managerial,White,Male,United-States,dice,0
57.0,10.0,0,0,48.0,Without-pay,Married-civ-spouse,Exec-managerial,White,Male,United-States,dice,0
30.0,10.0,0,0,76.0,Self-emp-not-inc,Married-civ-spouse,Exec-managerial,White,Male,United-States,dice,0
57.0,10.0,0,0,55.0,Self-emp-not-inc,Married-civ-spouse,Armed-Forces,White,Male,United-States,dice,0
57.0,1.0,0,0,2.0,Self-emp-not-inc,Married-civ-spouse,Exec-managerial,White,Male,United-States,dice,0
17.0,10.0,0,0,55.0,Self-emp-not-inc,Married-civ-spouse,Exec-managerial,White,Male,United-States,dice,0
57.0,10.0,0,0,55.0,Self-emp-not-inc,Separated,Exec-managerial,White,Male,United-States,dice,0
26.0,10.0,0,0,55.0,Self-emp-not-inc,Married-civ-spouse,Exec-managerial,White,Male,United-States,dice,0
57.0,10.0,0,0,71.0,Self-emp-not-inc,Never-married,Exec-managerial,White,Male,United-States,dice,0
57.0,7.0,0,0,24.0,Self-emp-not-inc,Married-civ-spouse,Exec-managerial,White,Male,United-States,dice,0
57.0,10.0,0,0,7.0,Private,Married-civ-spouse,Exec-managerial,White,Male,United-States,dice,0
57.0,10.0,0,0,12.0,Self-emp-not-inc,Married-civ-spouse,Transport-moving,White,Male,United-States,dice,0
51.0,8.0,0,0,50.0,Private,Divorced,Exec-managerial,White,Male,United-States,fimap,0
51.0,8.0,0,0,50.0,Private,Divorced,Exec-managerial,White,Male,United-States,fimap,0
53.0,9.0,0,0,50.0,Self-emp-not-inc,Married-civ-spouse,Exec-managerial,White,Male,United-States,cadex,0
53.0,9.0,0,0,54.0,Self-emp-not-inc,Married-civ-spouse,Exec-managerial,White,Male,United-States,cadex,0
54.0,9.0,0,0,52.0,Private,Married-civ-spouse,Adm-clerical,White,Male,United-States,fimap,1
55.0,9.0,0,0,53.0,Private,Married-civ-spouse,Prof-specialty,White,Male,United-States,fimap,1
55.0,9.0,0,0,53.0,Private,Married-civ-spouse,Other-service,White,Male,United-States,fimap,0
56.0,9.0,0,0,53.0,Private,Never-married,Exec-managerial,White,Male,United-States,fimap,0
57.0,9.0,0,0,54.0,Self-emp-not-inc,Married-civ-spouse,Exec-managerial,White,Male,United-States,cadex,0
57.0,10.0,0,0,54.0,Self-emp-not-inc,Married-civ-spouse,Exec-managerial,White,Male,United-States,cadex,0
57.0,10.0,0,0,54.0,Self-emp-not-inc,Married-civ-spouse,Exec-managerial,White,Male,United-States,cadex,0
55.0,9.0,0,0,53.0,Self-emp-not-inc,Married-civ-spouse,Exec-managerial,White,Male,United-States,wachter,1
55.0,9.0,0,0,53.0,Self-emp-not-inc,Married-civ-spouse,Exec-managerial,White,Male,United-States,wachter,1
57.0,9.0,0,0,54.0,Self-emp-not-inc,Married-civ-spouse,Exec-managerial,White,Male,United-States,wachter,1
55.0,9.0,0,0,55.0,Self-emp-not-inc,Married-civ-spouse,Exec-managerial,White,Male,United-States,wachter,1
57.0,9.0,0,0,57.0,Self-emp-not-inc,Married-civ-spouse,Exec-managerial,White,Male,United-States,wachter,1
57.0,9.0,0,0,53.0,Self-emp-not-inc,Married-civ-spouse,Exec-managerial,White,Male,United-States,wachter,1
57.0,9.0,0,0,54.0,Self-emp-not-inc,Married-civ-spouse,Exec-managerial,White,Male,United-States,wachter,1
57.0,9.0,0,0,54.0,Self-emp-not-inc,Married-civ-spouse,Exec-managerial,White,Male,United-States,wachter,1
57.0,9.0,0,0,53.0,Self-emp-not-inc,Married-civ-spouse,Exec-managerial,White,Male,United-States,wachter,1
57.0,9.0,0,0,54.0,Self-emp-not-inc,Married-civ-spouse,Exec-managerial,White,Male,United-States,wachter,1
57.0,9.0,0,0,54.0,Self-emp-not-inc,Married-civ-spouse,Exec-managerial,White,Male,United-States,cem,1
57.0,10.0,0,0,54.0,Self-emp-not-inc,Married-civ-spouse,Exec-managerial,White,Male,Haiti,cfproto,0
57.0,9.0,0,0,54.0,Self-emp-inc,Married-civ-spouse,Other-service,White,Male,Haiti,cfproto,0
57.0,10.0,0,0,54.0,Self-emp-not-inc,Married-civ-spouse,Exec-managerial,White,Male,Haiti,cfproto,0
56.0,9.0,686,4,55.0,Local-gov,Married-civ-spouse,Armed-Forces,White,Male,United-States,growing-spheres,0
57.0,10.0,161,26,50.0,Self-emp-inc,Married-civ-spouse,?,White,Male,United-States,growing-spheres,1
59.0,9.0,0,241,58.0,Federal-gov,Divorced,Armed-Forces,White,Male,United-States,growing-spheres,0
60.0,9.0,0,0,57.0,Local-gov,Divorced,Adm-clerical,White,Male,United-States,growing-spheres,0
56.0,10.0,0,0,55.0,Self-emp-not-inc,Married-civ-spouse,Adm-clerical,White,Male,United-States,growing-spheres,0
55.0,10.0,958,114,53.0,?,Divorced,?,White,Male,United-States,growing-spheres,0
58.0,10.0,551,0,56.0,?,Divorced,Armed-Forces,White,Male,United-States,growing-spheres,0
54.0,10.0,0,0,51.0,Never-worked,Divorced,Other-service,White,Male,United-States,growing-spheres,0
55.0,10.0,917,40,53.0,Never-worked,Divorced,Adm-clerical,White,Male,United-States,growing-spheres,0
62.0,9.0,0,208,52.0,Private,Married-spouse-absent,Adm-clerical,White,Male,United-States,growing-spheres,0
62.0,10.0,2054,0,50.0,?,Married-civ-spouse,?,White,Male,United-States,growing-spheres,1
49.0,10.0,12533,107,44.0,Local-gov,Divorced,Armed-Forces,White,Male,United-States,growing-spheres,1
57.0,9.0,0,30,54.0,Never-worked,Married-AF-spouse,Armed-Forces,White,Male,United-States,growing-spheres,0
53.0,9.0,0,0,58.0,Federal-gov,Married-civ-spouse,Exec-managerial,White,Male,United-States,growing-spheres,1
58.0,10.0,0,73,61.0,Local-gov,Married-spouse-absent,Adm-clerical,White,Male,United-States,growing-spheres,0
55.0,10.0,0,3,56.0,?,Married-civ-spouse,Priv-house-serv,White,Male,United-States,growing-spheres,0
59.0,9.0,0,0,54.0,Federal-gov,Divorced,Prof-specialty,White,Male,United-States,growing-spheres,0
57.0,10.0,7174,30,63.0,?,Married-civ-spouse,Craft-repair,White,Male,United-States,growing-spheres,1
54.0,10.0,0,0,63.0,Local-gov,Married-AF-spouse,Adm-clerical,White,Male,United-States,growing-spheres,0
57.0,10.0,210,1,55.0,Federal-gov,Married-civ-spouse,Exec-managerial,White,Male,United-States,growing-spheres,1
57.0,10.0,0,0,54.0,Self-emp-not-inc,Married-civ-spouse,Exec-managerial,White,Male,United-States,actionable-recourse,1
33.0,10.0,0,0,44.0,Self-emp-not-inc,Married-civ-spouse,Exec-managerial,White,Male,United-States,face,0
52.0,6.0,0,0,59.0,Self-emp-not-inc,Married-civ-spouse,Exec-managerial,White,Male,United-States,face,0
58.0,9.0,0,0,39.0,Self-emp-not-inc,Married-civ-spouse,Exec-managerial,White,Male,United-States,face,0
74.0,7.0,0,0,29.0,Self-emp-not-inc,Married-civ-spouse,Exec-managerial,White,Male,United-States,face,0
50.0,9.0,0,0,29.0,Self-emp-not-inc,Married-civ-spouse,Exec-managerial,White,Male,United-States,face,0
41.0,9.0,0,0,39.0,Self-emp-not-inc,Married-civ-spouse,Exec-managerial,White,Male,United-States,face,0
58.0,9.0,0,0,39.0,Self-emp-not-inc,Married-civ-spouse,Exec-managerial,White,Male,United-States,face,0
70.0,10.0,0,0,34.0,Self-emp-not-inc,Married-civ-spouse,Exec-managerial,White,Male,United-States,face,0
45.0,9.0,0,0,39.0,Self-emp-not-inc,Married-civ-spouse,Exec-managerial,White,Male,United-States,face,0
61.0,9.0,0,0,39.0,Self-emp-not-inc,Married-civ-spouse,Exec-managerial,White,Male,United-States,face,0
