age,education.num,capital.gain,capital.loss,hours.per.week,workclass,marital.status,occupation,race,sex,native.country,explainer,income
37.0,12.0,0,0.0,86.0,Private,Widowed,Prof-specialty,White,Female,United-States,dice,0
37.0,12.0,0,0.0,13.0,State-gov,Never-married,Prof-specialty,White,Female,United-States,dice,0
90.0,12.0,0,0.0,13.0,State-gov,Married-civ-spouse,Prof-specialty,White,Female,United-States,dice,0
37.0,3.0,0,0.0,24.0,Private,Married-civ-spouse,Prof-specialty,White,Female,United-States,dice,0
85.0,12.0,0,0.0,13.0,Private,Married-civ-spouse,Prof-specialty,White,Female,United-States,dice,0
37.0,12.0,0,0.0,72.0,Private,Widowed,Prof-specialty,White,Female,United-States,dice,0
85.0,12.0,0,0.0,13.0,Private,Married-civ-spouse,Prof-specialty,White,Female,United-States,dice,0
37.0,8.0,0,0.0,13.0,Without-pay,Married-civ-spouse,Prof-specialty,White,Female,United-States,dice,0
19.0,12.0,0,0.0,13.0,Private,Married-civ-spouse,Prof-specialty,White,Female,United-States,dice,0
85.0,12.0,0,0.0,13.0,Private,Married-civ-spouse,Sales,White,Female,United-States,dice,0
37.0,12.0,0,0.0,13.0,Private,Married-civ-spouse,Armed-Forces,White,Female,United-States,dice,0
37.0,12.0,0,1499.0,13.0,Private,Widowed,Prof-specialty,White,Female,United-States,dice,0
37.0,1.0,0,0.0,46.0,Private,Married-civ-spouse,Prof-specialty,White,Female,United-States,dice,0
90.0,12.0,0,0.0,2.0,Private,Married-civ-spouse,Prof-specialty,White,Female,United-States,dice,0
37.0,7.0,0,0.0,13.0,Self-emp-not-inc,Married-civ-spouse,Prof-specialty,White,Female,United-States,dice,0
71.0,12.0,0,0.0,13.0,Private,Married-civ-spouse,Prof-specialty,White,Female,United-States,dice,0
37.0,3.0,0,0.0,13.0,Private,Married-civ-spouse,Sales,White,Female,United-States,dice,0
37.0,4.0,0,0.0,13.0,Private,Married-civ-spouse,Prof-specialty,White,Female,United-States,dice,0
37.0,12.0,0,0.0,13.0,Private,Married-civ-spouse,Machine-op-inspct,White,Female,United-States,dice,0
20.0,7.0,0,0.0,13.0,Private,Married-civ-spouse,Prof-specialty,White,Female,United-States,dice,0
33.0,11.0,0,0.0,8.0,Private,Married-civ-spouse,Prof-specialty,White,Female,United-States,cadex,0
33.0,11.0,0,0.0,13.0,Private,Married-civ-spouse,Prof-specialty,White,Female,United-States,cadex,0
33.0,11.0,0,0.0,13.0,Private,Married-civ-spouse,Prof-specialty,White,Female,United-States,cadex,0
36.0,11.0,0,0.0,11.0,Private,Married-civ-spouse,Other-service,White,Female,United-States,fimap,0
36.0,11.0,0,0.0,12.0,Private,Married-civ-spouse,Protective-serv,White,Female,United-States,fimap,0
36.0,11.0,0,0.0,10.0,Private,Married-civ-spouse,Other-service,White,Female,United-States,fimap,0
36.0,11.0,0,0.0,12.0,Private,Married-civ-spouse,Handlers-cleaners,White,Female,United-States,fimap,0
36.0,11.0,0,0.0,12.0,Private,Married-civ-spouse,Handlers-cleaners,White,Female,United-States,fimap,0
37.0,11.0,0,0.0,13.0,Private,Married-civ-spouse,Prof-specialty,White,Female,United-States,cadex,0
37.0,12.0,0,0.0,13.0,Private,Married-civ-spouse,Prof-specialty,White,Female,United-States,cadex,0
37.0,11.0,0,0.0,10.0,Private,Divorced,Sales,White,Female,United-States,fimap,0
53.0,10.0,0,0.0,11.0,Private,Married-civ-spouse,Prof-specialty,White,Female,United-States,wachter,0
37.0,9.0,0,0.0,12.0,Private,Married-civ-spouse,Prof-specialty,White,Female,United-States,wachter,0
49.0,10.0,0,0.0,30.0,Private,Married-civ-spouse,Prof-specialty,White,Female,United-States,wachter,1
57.0,11.0,0,0.0,13.0,Private,Married-civ-spouse,Prof-specialty,White,Female,United-States,wachter,1
36.0,9.0,0,0.0,12.0,Private,Married-civ-spouse,Prof-specialty,White,Female,United-States,wachter,0
37.0,11.0,0,0.0,12.0,Private,Married-civ-spouse,Prof-specialty,White,Female,United-States,wachter,1
52.0,11.0,0,0.0,13.0,Private,Married-civ-spouse,Prof-specialty,White,Female,United-States,wachter,1
32.0,10.0,0,0.0,12.0,Private,Married-civ-spouse,Prof-specialty,White,Female,United-States,wachter,0
59.0,11.0,0,0.0,26.0,Private,Married-civ-spouse,Prof-specialty,White,Female,United-States,wachter,1
37.0,11.0,0,0.0,13.0,Private,Married-civ-spouse,Prof-specialty,White,Female,United-States,wachter,1
27.0,12.0,0,0.0,13.0,Private,Married-civ-spouse,Prof-specialty,White,Female,United-States,cem,0
37.0,12.0,0,0.0,13.0,Private,Married-civ-spouse,Handlers-cleaners,White,Female,United-States,cfproto,0
37.0,12.0,0,0.0,13.0,Private,Married-civ-spouse,Protective-serv,White,Female,United-States,cfproto,0
37.0,12.0,0,0.0,13.0,Private,Married-civ-spouse,Prof-specialty,White,Female,El-Salvador,cfproto,0
36.0,11.0,0,0.0,13.0,Self-emp-inc,Married-civ-spouse,Priv-house-serv,White,Female,South,cfproto,0
37.0,12.0,0,0.0,13.0,Private,Married-civ-spouse,Protective-serv,White,Female,South,cfproto,0
37.0,12.0,0,0.0,13.0,Private,Married-civ-spouse,Handlers-cleaners,White,Female,United-States,cfproto,0
37.0,12.0,0,0.0,13.0,Private,Married-civ-spouse,Handlers-cleaners,White,Female,United-States,cfproto,0
37.0,12.0,0,0.0,13.0,Private,Married-civ-spouse,Handlers-cleaners,White,Female,United-States,cfproto,0
37.0,12.0,0,0.0,13.0,Private,Married-civ-spouse,Handlers-cleaners,White,Female,United-States,cfproto,0
37.0,12.0,0,0.0,13.0,Private,Married-civ-spouse,Handlers-cleaners,White,Female,United-States,cfproto,0
37.0,12.0,0,0.0,12.0,?,Divorced,Machine-op-inspct,White,Female,United-States,growing-spheres,0
36.0,11.0,275,0.0,13.0,Federal-gov,Separated,?,White,Female,United-States,growing-spheres,0
33.0,12.0,2514,60.0,12.0,Local-gov,Married-AF-spouse,Machine-op-inspct,White,Female,United-States,growing-spheres,0
36.0,12.0,206,0.0,11.0,Never-worked,Married-civ-spouse,Machine-op-inspct,White,Female,United-States,growing-spheres,0
37.0,12.0,0,30.0,15.0,Federal-gov,Divorced,Craft-repair,White,Female,United-States,growing-spheres,0
38.0,11.0,3094,166.0,7.0,Local-gov,Married-civ-spouse,Machine-op-inspct,White,Female,United-States,growing-spheres,0
34.0,11.0,0,75.0,14.0,Never-worked,Never-married,Craft-repair,White,Female,United-States,growing-spheres,0
34.0,12.0,0,0.0,10.0,Federal-gov,Married-civ-spouse,Farming-fishing,White,Female,United-States,growing-spheres,0
37.0,12.0,48,0.0,13.0,Local-gov,Divorced,Handlers-cleaners,White,Female,United-States,growing-spheres,0
37.0,11.0,0,0.0,10.0,Federal-gov,Married-civ-spouse,Armed-Forces,White,Female,United-States,growing-spheres,0
33.0,12.0,0,609.0,13.0,Private,Married-AF-spouse,Adm-clerical,White,Female,United-States,growing-spheres,0
37.0,12.0,0,0.0,18.0,Private,Never-married,?,White,Female,United-States,growing-spheres,0
36.0,11.0,1003,19.0,12.0,Private,Widowed,Handlers-cleaners,White,Female,United-States,growing-spheres,0
36.0,11.0,0,0.0,13.0,?,Married-civ-spouse,?,White,Female,United-States,growing-spheres,0
46.0,11.0,2365,14.0,20.0,Private,Married-AF-spouse,Exec-managerial,White,Female,United-States,growing-spheres,1
37.0,12.0,0,46.0,12.0,?,Married-civ-spouse,?,White,Female,United-States,growing-spheres,0
38.0,11.0,10345,0.0,10.0,Local-gov,Married-civ-spouse,Adm-clerical,White,Female,United-States,growing-spheres,1
42.0,10.0,0,49.0,8.0,Local-gov,Married-AF-spouse,Farming-fishing,White,Female,United-States,growing-spheres,0
44.0,11.0,0,0.0,9.0,Private,Married-civ-spouse,Machine-op-inspct,White,Female,United-States,growing-spheres,0
36.0,12.0,0,35.0,10.0,Local-gov,Divorced,Farming-fishing,White,Female,United-States,growing-spheres,0
34.0,10.0,0,0.0,12.0,Private,Never-married,Prof-specialty,White,Female,United-States,face,0
28.0,13.0,0,0.0,14.0,Private,Never-married,Prof-specialty,White,Female,United-States,face,0
34.0,11.0,1639,0.0,19.0,Private,Never-married,Prof-specialty,White,Female,United-States,face,0
90.0,14.0,0,0.0,39.0,Private,Married-civ-spouse,Prof-specialty,White,Female,United-States,face,0
25.0,13.0,0,0.0,14.0,Private,Never-married,Prof-specialty,White,Female,United-States,face,0
62.0,10.0,0,0.0,12.0,Private,Married-civ-spouse,Prof-specialty,White,Female,United-States,face,0
90.0,14.0,0,0.0,39.0,Private,Married-civ-spouse,Prof-specialty,White,Female,United-States,face,0
24.0,12.0,0,0.0,19.0,Private,Married-civ-spouse,Sales,White,Female,United-States,face,0
50.0,9.0,0,0.0,15.0,Private,Married-civ-spouse,Prof-specialty,White,Female,United-States,face,0
40.0,11.0,0,0.0,19.0,Private,Divorced,Prof-specialty,White,Female,United-States,face,0
