age,education.num,capital.gain,capital.loss,hours.per.week,workclass,marital.status,occupation,race,sex,native.country,explainer,income
44.0,9.0,0.0,0.0,27.0,Federal-gov,Married-civ-spouse,Craft-repair,White,Male,United-States,dice,0
28.0,9.0,0.0,0.0,40.0,Federal-gov,Married-civ-spouse,Craft-repair,White,Male,United-States,dice,0
44.0,1.0,0.0,0.0,40.0,Federal-gov,Never-married,Craft-repair,White,Male,United-States,dice,0
44.0,9.0,2926.0,0.0,40.0,Federal-gov,Married-civ-spouse,Other-service,White,Male,United-States,dice,0
44.0,9.0,0.0,3884.0,40.0,Without-pay,Married-civ-spouse,Craft-repair,White,Male,United-States,dice,0
44.0,9.0,0.0,0.0,40.0,Federal-gov,Married-civ-spouse,Handlers-cleaners,White,Male,United-States,dice,0
44.0,3.0,0.0,712.0,40.0,Federal-gov,Married-civ-spouse,Craft-repair,White,Male,United-States,dice,0
44.0,9.0,0.0,0.0,40.0,Federal-gov,Married-civ-spouse,Armed-Forces,White,Male,United-States,dice,0
72.0,9.0,0.0,0.0,40.0,Federal-gov,Married-civ-spouse,Craft-repair,White,Male,United-States,dice,0
44.0,9.0,0.0,221.0,40.0,Federal-gov,Widowed,Craft-repair,White,Male,United-States,dice,0
44.0,9.0,0.0,1090.0,40.0,Federal-gov,Divorced,Craft-repair,White,Male,United-States,dice,0
69.0,9.0,0.0,0.0,40.0,Federal-gov,Divorced,Craft-repair,White,Male,United-States,dice,0
94.0,9.0,0.0,0.0,40.0,Federal-gov,Divorced,Craft-repair,White,Male,United-States,dice,0
44.0,2.0,0.0,0.0,40.0,Federal-gov,Married-civ-spouse,Armed-Forces,White,Male,United-States,dice,0
44.0,9.0,0.0,0.0,4.0,Federal-gov,Married-civ-spouse,Craft-repair,White,Male,United-States,dice,0
44.0,9.0,0.0,0.0,40.0,Private,Married-civ-spouse,Farming-fishing,White,Male,United-States,dice,0
44.0,9.0,0.0,0.0,40.0,Never-worked,Married-spouse-absent,Craft-repair,White,Male,United-States,dice,0
44.0,9.0,0.0,0.0,40.0,Federal-gov,Never-married,?,White,Male,United-States,dice,0
78.0,9.0,0.0,0.0,40.0,Federal-gov,Married-AF-spouse,Craft-repair,White,Male,United-States,dice,0
97.0,9.0,0.0,0.0,40.0,Federal-gov,Married-civ-spouse,?,White,Male,United-States,dice,0
40.0,8.0,0.0,0.0,35.0,Federal-gov,Married-civ-spouse,Craft-repair,White,Male,United-States,cadex,0
40.0,8.0,0.0,0.0,35.0,Federal-gov,Married-civ-spouse,Craft-repair,White,Male,United-States,cadex,0
42.0,8.0,0.0,0.0,36.0,Private,Married-civ-spouse,Prof-specialty,White,Male,United-States,fimap,0
43.0,8.0,0.0,0.0,38.0,Private,Divorced,Exec-managerial,White,Male,United-States,fimap,0
43.0,8.0,0.0,0.0,38.0,Private,Never-married,Tech-support,White,Male,United-States,fimap,0
43.0,8.0,0.0,0.0,38.0,Private,Married-civ-spouse,Other-service,White,Male,United-States,fimap,0
43.0,8.0,0.0,0.0,39.0,Private,Married-civ-spouse,Farming-fishing,White,Male,United-States,fimap,0
44.0,8.0,0.0,0.0,35.0,Federal-gov,Married-civ-spouse,Craft-repair,White,Male,United-States,cadex,0
44.0,8.0,0.0,0.0,40.0,Federal-gov,Married-civ-spouse,Craft-repair,White,Male,United-States,cadex,0
44.0,9.0,0.0,0.0,40.0,Federal-gov,Married-civ-spouse,Craft-repair,White,Male,United-States,cadex,0
44.0,8.0,0.0,0.0,37.0,Private,Married-civ-spouse,Machine-op-inspct,White,Male,United-States,fimap,0
42.0,8.0,0.0,0.0,40.0,Federal-gov,Married-civ-spouse,Craft-repair,White,Male,United-States,wachter,0
41.0,8.0,0.0,0.0,36.0,Federal-gov,Married-civ-spouse,Craft-repair,White,Male,United-States,wachter,0
40.0,8.0,0.0,0.0,36.0,Federal-gov,Married-civ-spouse,Craft-repair,White,Male,United-States,wachter,0
39.0,8.0,0.0,0.0,35.0,Federal-gov,Married-civ-spouse,Craft-repair,White,Male,United-States,wachter,0
41.0,8.0,0.0,0.0,39.0,Federal-gov,Married-civ-spouse,Craft-repair,White,Male,United-States,wachter,0
42.0,8.0,0.0,0.0,36.0,Federal-gov,Married-civ-spouse,Craft-repair,White,Male,United-States,wachter,0
43.0,8.0,0.0,0.0,40.0,Federal-gov,Married-civ-spouse,Craft-repair,White,Male,United-States,wachter,1
43.0,8.0,0.0,0.0,38.0,Federal-gov,Married-civ-spouse,Craft-repair,White,Male,United-States,wachter,0
43.0,8.0,0.0,0.0,40.0,Federal-gov,Married-civ-spouse,Craft-repair,White,Male,United-States,wachter,1
43.0,8.0,0.0,0.0,40.0,Federal-gov,Married-civ-spouse,Craft-repair,White,Male,United-States,wachter,1
44.0,7.0,0.0,0.0,40.0,Federal-gov,Married-civ-spouse,Craft-repair,White,Male,United-States,cem,0
44.0,9.0,0.0,0.0,40.0,Self-emp-not-inc,Married-civ-spouse,Craft-repair,White,Male,Dominican-Republic,cfproto,0
44.0,9.0,0.0,0.0,40.0,State-gov,Married-civ-spouse,Craft-repair,White,Male,Taiwan,cfproto,0
44.0,9.0,0.0,0.0,40.0,Without-pay,Married-civ-spouse,Protective-serv,White,Male,Japan,cfproto,0
44.0,9.0,0.0,0.0,40.0,Without-pay,Married-civ-spouse,Craft-repair,White,Male,Scotland,cfproto,0
44.0,9.0,0.0,0.0,40.0,Private,Married-civ-spouse,Other-service,White,Male,Trinadad&Tobago,cfproto,0
43.0,8.0,0.0,0.0,39.0,Self-emp-inc,Married-spouse-absent,Priv-house-serv,White,Male,Cambodia,cfproto,0
44.0,9.0,0.0,0.0,40.0,Federal-gov,Married-civ-spouse,Farming-fishing,White,Male,Vietnam,cfproto,0
44.0,9.0,0.0,0.0,40.0,Self-emp-not-inc,Married-civ-spouse,Sales,White,Male,Columbia,cfproto,0
44.0,9.0,0.0,0.0,40.0,Federal-gov,Married-civ-spouse,Craft-repair,White,Male,Mexico,cfproto,0
44.0,9.0,0.0,0.0,40.0,Federal-gov,Married-civ-spouse,Craft-repair,White,Male,Mexico,cfproto,0
47.0,8.0,0.0,0.0,33.0,Federal-gov,Divorced,Adm-clerical,White,Male,United-States,growing-spheres,0
44.0,9.0,0.0,12.0,39.0,Federal-gov,Never-married,Craft-repair,White,Male,United-States,growing-spheres,0
43.0,8.0,0.0,38.0,39.0,Self-emp-inc,Divorced,Craft-repair,White,Male,United-States,growing-spheres,0
44.0,9.0,260.0,5.0,40.0,?,Married-civ-spouse,Armed-Forces,White,Male,United-States,growing-spheres,0
43.0,9.0,229.0,0.0,40.0,Federal-gov,Divorced,?,White,Male,United-States,growing-spheres,0
40.0,8.0,0.0,512.0,45.0,?,Divorced,Craft-repair,White,Male,United-States,growing-spheres,0
43.0,9.0,1499.0,0.0,40.0,Self-emp-inc,Divorced,Craft-repair,White,Male,United-States,growing-spheres,0
36.0,9.0,8521.0,0.0,40.0,Federal-gov,Married-civ-spouse,Craft-repair,White,Male,United-States,growing-spheres,1
45.0,8.0,0.0,298.0,52.0,Private,Divorced,Adm-clerical,White,Male,United-States,growing-spheres,0
44.0,8.0,2060.0,68.0,35.0,?,Married-AF-spouse,Adm-clerical,White,Male,United-States,growing-spheres,0
44.0,8.0,0.0,14.0,38.0,?,Married-AF-spouse,Adm-clerical,White,Male,United-States,growing-spheres,0
43.0,7.0,0.0,156.0,42.0,Federal-gov,Married-civ-spouse,?,White,Male,United-States,growing-spheres,0
44.0,8.0,53.0,0.0,39.0,Federal-gov,Married-AF-spouse,Adm-clerical,White,Male,United-States,growing-spheres,1
41.0,9.0,2756.0,0.0,38.0,Federal-gov,Married-AF-spouse,Craft-repair,White,Male,United-States,growing-spheres,1
44.0,8.0,4505.0,0.0,40.0,Federal-gov,Married-civ-spouse,Craft-repair,White,Male,United-States,growing-spheres,1
43.0,9.0,0.0,130.0,41.0,Federal-gov,Married-AF-spouse,Craft-repair,White,Male,United-States,growing-spheres,1
39.0,9.0,0.0,0.0,34.0,?,Divorced,Craft-repair,White,Male,United-States,growing-spheres,0
44.0,9.0,2798.0,0.0,40.0,?,Married-spouse-absent,Protective-serv,White,Male,United-States,growing-spheres,0
50.0,8.0,0.0,0.0,51.0,Federal-gov,Married-civ-spouse,Craft-repair,White,Male,United-States,growing-spheres,1
41.0,9.0,0.0,0.0,44.0,?,Married-civ-spouse,Craft-repair,White,Male,United-States,growing-spheres,0
37.0,9.0,0.0,0.0,39.0,Private,Married-civ-spouse,Craft-repair,White,Male,United-States,face,0
42.0,10.0,0.0,0.0,44.0,Self-emp-not-inc,Married-civ-spouse,Craft-repair,White,Male,United-States,face,0
42.0,9.0,0.0,0.0,43.0,Local-gov,Married-civ-spouse,Craft-repair,White,Male,United-States,face,0
44.0,9.0,0.0,0.0,39.0,Federal-gov,Divorced,Craft-repair,White,Male,United-States,face,0
45.0,9.0,0.0,0.0,39.0,Self-emp-not-inc,Married-civ-spouse,Craft-repair,White,Male,United-States,face,0
90.0,9.0,0.0,0.0,29.0,Federal-gov,Married-civ-spouse,Craft-repair,White,Male,United-States,face,0
48.0,9.0,0.0,0.0,39.0,Local-gov,Married-civ-spouse,Craft-repair,White,Male,United-States,face,0
42.0,9.0,0.0,0.0,39.0,Local-gov,Married-civ-spouse,Craft-repair,White,Male,United-States,face,0
48.0,9.0,0.0,0.0,39.0,Self-emp-not-inc,Married-civ-spouse,Craft-repair,White,Male,United-States,face,0
42.0,9.0,0.0,0.0,39.0,Self-emp-not-inc,Married-civ-spouse,Craft-repair,White,Male,United-States,face,0
