age,education.num,capital.gain,capital.loss,hours.per.week,workclass,marital.status,occupation,race,sex,native.country,explainer,income
27.0,10.0,0,0.0,40.0,State-gov,Married-civ-spouse,Prof-specialty,White,Male,United-States,dice,0
48.0,10.0,0,0.0,12.0,Private,Married-civ-spouse,Prof-specialty,White,Male,United-States,dice,0
26.0,10.0,0,0.0,40.0,Private,Never-married,Prof-specialty,White,Male,United-States,dice,0
48.0,10.0,0,0.0,36.0,Private,Married-spouse-absent,Prof-specialty,White,Male,United-States,dice,0
48.0,10.0,0,4337.0,40.0,Without-pay,Married-civ-spouse,Prof-specialty,White,Male,United-States,dice,0
48.0,10.0,0,0.0,33.0,Private,Widowed,Prof-specialty,White,Male,United-States,dice,0
48.0,10.0,0,0.0,40.0,Self-emp-not-inc,Divorced,Prof-specialty,White,Male,United-States,dice,0
48.0,10.0,0,0.0,14.0,Private,Married-spouse-absent,Prof-specialty,White,Male,United-States,dice,0
18.0,10.0,0,0.0,50.0,Private,Married-civ-spouse,Prof-specialty,White,Male,United-States,dice,0
48.0,10.0,0,0.0,61.0,Without-pay,Married-civ-spouse,Prof-specialty,White,Male,United-States,dice,0
48.0,10.0,0,0.0,40.0,Without-pay,Married-spouse-absent,Prof-specialty,White,Male,United-States,dice,0
48.0,10.0,0,0.0,40.0,Private,Separated,Farming-fishing,White,Male,United-States,dice,0
48.0,10.0,0,0.0,40.0,Private,Never-married,Prof-specialty,White,Male,United-States,dice,0
79.0,10.0,0,0.0,40.0,Private,Married-civ-spouse,Handlers-cleaners,White,Male,United-States,dice,0
48.0,10.0,0,0.0,8.0,Private,Married-civ-spouse,Prof-specialty,White,Male,United-States,dice,0
48.0,10.0,0,0.0,99.0,Never-worked,Married-civ-spouse,Prof-specialty,White,Male,United-States,dice,0
48.0,10.0,0,0.0,40.0,State-gov,Separated,Prof-specialty,White,Male,United-States,dice,0
48.0,1.0,0,0.0,40.0,Private,Married-civ-spouse,Prof-specialty,White,Male,United-States,dice,0
39.0,10.0,0,0.0,40.0,Private,Married-civ-spouse,Handlers-cleaners,White,Male,United-States,dice,0
48.0,10.0,0,0.0,40.0,Private,Divorced,Prof-specialty,White,Male,United-States,dice,0
42.0,8.0,0,0.0,35.0,Private,Married-civ-spouse,Machine-op-inspct,White,Male,United-States,fimap,0
42.0,8.0,0,0.0,35.0,Private,Married-civ-spouse,Farming-fishing,White,Male,United-States,fimap,0
45.0,9.0,0,0.0,38.0,Private,Never-married,Transport-moving,White,Male,United-States,fimap,0
47.0,9.0,0,0.0,38.0,Private,Married-civ-spouse,Handlers-cleaners,White,Male,United-States,fimap,0
47.0,9.0,0,0.0,38.0,Private,Married-civ-spouse,Adm-clerical,White,Male,United-States,fimap,0
47.0,9.0,0,0.0,38.0,Private,Never-married,Prof-specialty,White,Male,United-States,fimap,0
48.0,9.0,0,0.0,35.0,Private,Married-civ-spouse,Prof-specialty,White,Male,United-States,cadex,0
48.0,9.0,0,0.0,35.0,Private,Married-civ-spouse,Prof-specialty,White,Male,United-States,cadex,0
48.0,9.0,0,0.0,40.0,Private,Married-civ-spouse,Prof-specialty,White,Male,United-States,cadex,0
48.0,10.0,0,0.0,40.0,Private,Married-civ-spouse,Prof-specialty,White,Male,United-States,cadex,0
48.0,10.0,0,0.0,40.0,Private,Married-civ-spouse,Prof-specialty,White,Male,United-States,cadex,0
51.0,9.0,0,0.0,35.0,Private,Married-civ-spouse,Prof-specialty,White,Male,United-States,cadex,0
50.0,9.0,0,0.0,38.0,Private,Married-civ-spouse,Prof-specialty,White,Male,United-States,wachter,1
48.0,9.0,0,0.0,39.0,Private,Married-civ-spouse,Prof-specialty,White,Male,United-States,wachter,1
48.0,6.0,0,0.0,34.0,Private,Married-civ-spouse,Prof-specialty,White,Male,United-States,wachter,0
48.0,9.0,0,0.0,38.0,Private,Married-civ-spouse,Prof-specialty,White,Male,United-States,wachter,1
48.0,9.0,0,0.0,37.0,Private,Married-civ-spouse,Prof-specialty,White,Male,United-States,wachter,1
50.0,9.0,0,0.0,39.0,Private,Married-civ-spouse,Prof-specialty,White,Male,United-States,wachter,1
48.0,9.0,0,0.0,38.0,Private,Married-civ-spouse,Prof-specialty,White,Male,United-States,wachter,1
48.0,9.0,0,0.0,39.0,Private,Married-civ-spouse,Prof-specialty,White,Male,United-States,wachter,1
49.0,9.0,0,0.0,39.0,Private,Married-civ-spouse,Prof-specialty,White,Male,United-States,wachter,1
48.0,9.0,0,0.0,39.0,Private,Married-civ-spouse,Prof-specialty,White,Male,United-States,wachter,1
48.0,8.0,0,0.0,36.0,Private,Married-civ-spouse,Prof-specialty,White,Male,United-States,cem,1
48.0,10.0,0,0.0,40.0,Private,Married-civ-spouse,Machine-op-inspct,White,Male,China,cfproto,0
48.0,10.0,0,0.0,40.0,Private,Married-civ-spouse,Prof-specialty,White,Male,Vietnam,cfproto,0
48.0,10.0,0,0.0,40.0,Private,Married-civ-spouse,Prof-specialty,White,Male,Greece,cfproto,0
48.0,10.0,0,0.0,40.0,Private,Married-civ-spouse,Prof-specialty,White,Male,Greece,cfproto,0
48.0,9.0,0,0.0,39.0,Local-gov,Married-civ-spouse,Other-service,White,Male,China,cfproto,0
48.0,10.0,0,0.0,40.0,Private,Married-civ-spouse,Prof-specialty,White,Male,Greece,cfproto,0
48.0,10.0,0,0.0,40.0,Private,Married-civ-spouse,Prof-specialty,White,Male,Greece,cfproto,0
48.0,10.0,0,0.0,40.0,Private,Married-civ-spouse,Adm-clerical,White,Male,Trinadad&Tobago,cfproto,0
48.0,10.0,0,0.0,40.0,Private,Married-civ-spouse,Prof-specialty,White,Male,Greece,cfproto,0
45.0,8.0,725,215.0,28.0,Private,Divorced,Armed-Forces,White,Male,United-States,growing-spheres,0
47.0,9.0,3994,143.0,40.0,Never-worked,Divorced,Exec-managerial,White,Male,United-States,growing-spheres,0
47.0,10.0,0,31.0,40.0,Private,Married-AF-spouse,Adm-clerical,White,Male,United-States,growing-spheres,0
48.0,8.0,0,119.0,48.0,Private,Divorced,Prof-specialty,White,Male,United-States,growing-spheres,0
47.0,9.0,0,0.0,42.0,Private,Married-AF-spouse,Priv-house-serv,White,Male,United-States,growing-spheres,0
47.0,10.0,0,0.0,45.0,Local-gov,Widowed,Handlers-cleaners,White,Male,United-States,growing-spheres,0
42.0,10.0,3518,57.0,42.0,Private,Married-civ-spouse,?,White,Male,United-States,growing-spheres,1
54.0,10.0,0,202.0,32.0,Never-worked,Married-AF-spouse,Handlers-cleaners,White,Male,United-States,growing-spheres,0
50.0,9.0,5467,0.0,36.0,?,Divorced,Other-service,White,Male,United-States,growing-spheres,0
48.0,10.0,0,176.0,33.0,?,Married-AF-spouse,Machine-op-inspct,White,Male,United-States,growing-spheres,0
47.0,9.0,0,0.0,39.0,?,Divorced,Adm-clerical,White,Male,United-States,growing-spheres,0
47.0,9.0,0,95.0,33.0,Federal-gov,Married-AF-spouse,Adm-clerical,White,Male,United-States,growing-spheres,1
47.0,9.0,0,52.0,43.0,Private,Married-spouse-absent,Craft-repair,White,Male,United-States,growing-spheres,0
50.0,10.0,139,132.0,37.0,Federal-gov,Married-civ-spouse,?,White,Male,United-States,growing-spheres,1
49.0,10.0,3455,0.0,38.0,?,Never-married,Adm-clerical,White,Male,United-States,growing-spheres,0
50.0,9.0,0,57.0,40.0,Federal-gov,Divorced,Adm-clerical,White,Male,United-States,growing-spheres,0
47.0,10.0,8548,43.0,28.0,Federal-gov,Married-civ-spouse,Other-service,White,Male,United-States,growing-spheres,1
47.0,10.0,0,1.0,39.0,Federal-gov,Divorced,?,White,Male,United-States,growing-spheres,0
40.0,10.0,2639,0.0,49.0,Federal-gov,Married-civ-spouse,Adm-clerical,White,Male,United-States,growing-spheres,1
55.0,8.0,2815,0.0,40.0,Private,Widowed,Armed-Forces,White,Male,United-States,growing-spheres,0
73.0,13.0,0,0.0,14.0,Private,Married-civ-spouse,Prof-specialty,White,Male,United-States,face,0
30.0,9.0,0,0.0,34.0,Private,Married-civ-spouse,Prof-specialty,White,Male,United-States,face,0
61.0,9.0,0,0.0,29.0,Private,Married-civ-spouse,Prof-specialty,White,Male,United-States,face,0
49.0,4.0,0,0.0,31.0,Private,Married-civ-spouse,Prof-specialty,White,Male,United-States,face,0
29.0,9.0,0,0.0,39.0,Private,Married-civ-spouse,Prof-specialty,White,Male,United-States,face,0
36.0,10.0,0,0.0,19.0,Private,Married-civ-spouse,Prof-specialty,White,Male,United-States,face,0
49.0,10.0,0,0.0,44.0,Private,Divorced,Prof-specialty,White,Male,United-States,face,0
42.0,10.0,0,0.0,39.0,Private,Divorced,Prof-specialty,White,Male,United-States,face,0
49.0,4.0,0,0.0,31.0,Private,Married-civ-spouse,Prof-specialty,White,Male,United-States,face,0
50.0,9.0,0,0.0,34.0,Private,Married-civ-spouse,Farming-fishing,White,Male,United-States,face,0
