age,education.num,capital.gain,capital.loss,hours.per.week,workclass,marital.status,occupation,race,sex,native.country,explainer,income
36.0,9.0,5178,0.0,22.0,Private,Never-married,Machine-op-inspct,Black,Male,United-States,dice,0
36.0,9.0,5178,0.0,40.0,Private,Divorced,Armed-Forces,Black,Male,United-States,dice,0
36.0,9.0,5178,3897.0,40.0,Without-pay,Married-civ-spouse,Machine-op-inspct,Black,Male,United-States,dice,0
98.0,9.0,5178,0.0,40.0,Private,Married-civ-spouse,Machine-op-inspct,Black,Male,United-States,dice,0
36.0,6.0,5178,0.0,40.0,Private,Never-married,Machine-op-inspct,Black,Male,United-States,dice,0
24.0,9.0,5178,0.0,40.0,Private,Married-civ-spouse,Machine-op-inspct,Black,Male,United-States,dice,0
22.0,9.0,5178,0.0,40.0,Private,Married-civ-spouse,Machine-op-inspct,Black,Male,United-States,dice,0
36.0,9.0,5178,0.0,79.0,Private,Married-civ-spouse,Priv-house-serv,Black,Male,United-States,dice,0
36.0,1.0,5178,0.0,40.0,Federal-gov,Married-civ-spouse,Machine-op-inspct,Black,Male,United-States,dice,0
36.0,9.0,5178,0.0,57.0,Private,Married-civ-spouse,Armed-Forces,Black,Male,United-States,dice,0
94.0,1.0,5178,0.0,40.0,Private,Married-civ-spouse,Machine-op-inspct,Black,Male,United-States,dice,0
36.0,9.0,5178,0.0,40.0,Self-emp-not-inc,Married-civ-spouse,Other-service,Black,Male,United-States,dice,0
81.0,9.0,5178,0.0,40.0,Private,Married-AF-spouse,Machine-op-inspct,Black,Male,United-States,dice,0
36.0,9.0,5178,3556.0,40.0,Without-pay,Married-civ-spouse,Machine-op-inspct,Black,Male,United-States,dice,0
78.0,9.0,5178,0.0,40.0,Private,Married-civ-spouse,Machine-op-inspct,Black,Male,United-States,dice,0
36.0,9.0,5178,0.0,40.0,Private,Widowed,Sales,Black,Male,United-States,dice,0
36.0,9.0,5178,0.0,3.0,Private,Married-civ-spouse,Machine-op-inspct,Black,Male,United-States,dice,0
94.0,2.0,5178,0.0,40.0,Private,Married-civ-spouse,Machine-op-inspct,Black,Male,United-States,dice,0
78.0,9.0,5178,0.0,40.0,Private,Widowed,Machine-op-inspct,Black,Male,United-States,dice,0
36.0,2.0,5178,0.0,40.0,Never-worked,Married-civ-spouse,Machine-op-inspct,Black,Male,United-States,dice,0
31.0,7.0,0,0.0,35.0,Private,Married-civ-spouse,Adm-clerical,Black,Male,United-States,fimap,0
31.0,7.0,0,0.0,35.0,Private,Married-civ-spouse,Handlers-cleaners,Black,Male,United-States,fimap,0
32.0,8.0,178,0.0,35.0,Private,Married-civ-spouse,Machine-op-inspct,Black,Male,United-States,cadex,0
32.0,8.0,178,0.0,35.0,Private,Married-civ-spouse,Machine-op-inspct,Black,Male,United-States,cadex,0
32.0,9.0,178,0.0,35.0,Private,Married-civ-spouse,Machine-op-inspct,Black,Male,United-States,cadex,0
32.0,9.0,178,0.0,40.0,Private,Married-civ-spouse,Machine-op-inspct,Black,Male,United-States,cadex,0
33.0,8.0,1302,0.0,37.0,Private,Never-married,Farming-fishing,Black,Male,United-States,fimap,0
34.0,8.0,2280,0.0,38.0,Private,Divorced,Transport-moving,Black,Male,United-States,fimap,0
34.0,8.0,2352,0.0,38.0,Private,Married-civ-spouse,Tech-support,Black,Male,United-States,fimap,0
35.0,8.0,2330,0.0,38.0,Private,Married-civ-spouse,Farming-fishing,Black,Male,United-States,fimap,0
36.0,9.0,178,0.0,40.0,Private,Married-civ-spouse,Machine-op-inspct,Black,Male,United-States,cadex,0
45.0,9.0,1062,0.0,40.0,Private,Married-civ-spouse,Machine-op-inspct,Black,Male,United-States,wachter,0
35.0,9.0,3145,0.0,40.0,Private,Married-civ-spouse,Machine-op-inspct,Black,Male,United-States,wachter,0
41.0,8.0,683,0.0,45.0,Private,Married-civ-spouse,Machine-op-inspct,Black,Male,United-States,wachter,0
36.0,8.0,3135,0.0,40.0,Private,Married-civ-spouse,Machine-op-inspct,Black,Male,United-States,wachter,0
35.0,9.0,3140,0.0,39.0,Private,Married-civ-spouse,Machine-op-inspct,Black,Male,United-States,wachter,0
41.0,8.0,641,0.0,46.0,Private,Married-civ-spouse,Machine-op-inspct,Black,Male,United-States,wachter,0
58.0,8.0,0,0.0,52.0,Private,Married-civ-spouse,Machine-op-inspct,Black,Male,United-States,wachter,0
35.0,8.0,3139,0.0,40.0,Private,Married-civ-spouse,Machine-op-inspct,Black,Male,United-States,wachter,0
51.0,9.0,66,0.0,43.0,Private,Married-civ-spouse,Machine-op-inspct,Black,Male,United-States,wachter,0
36.0,8.0,3140,0.0,39.0,Private,Married-civ-spouse,Machine-op-inspct,Black,Male,United-States,wachter,0
28.0,8.0,5178,0.0,37.0,Private,Married-civ-spouse,Machine-op-inspct,Black,Male,United-States,cem,0
36.0,9.0,5178,0.0,40.0,Private,Married-civ-spouse,Machine-op-inspct,Black,Male,Canada,cfproto,0
36.0,9.0,5178,0.0,40.0,Self-emp-inc,Married-civ-spouse,Machine-op-inspct,Black,Male,Germany,cfproto,0
36.0,9.0,5178,0.0,40.0,Private,Married-civ-spouse,Machine-op-inspct,Black,Male,Dominican-Republic,cfproto,0
34.0,8.0,0,0.0,38.0,Self-emp-inc,Married-civ-spouse,?,Other,Male,Laos,cfproto,0
37.0,9.0,5178,0.0,40.0,Self-emp-inc,Married-civ-spouse,?,Black,Male,Philippines,cfproto,0
36.0,9.0,5178,0.0,40.0,Self-emp-inc,Married-civ-spouse,Other-service,Black,Male,Cuba,cfproto,0
36.0,9.0,5178,0.0,40.0,Private,Married-civ-spouse,Machine-op-inspct,Black,Male,Italy,cfproto,0
36.0,9.0,5178,0.0,40.0,Without-pay,Married-civ-spouse,Machine-op-inspct,Black,Male,Greece,cfproto,0
36.0,9.0,5178,0.0,40.0,Private,Married-civ-spouse,Machine-op-inspct,Black,Male,Puerto-Rico,cfproto,0
36.0,9.0,5178,0.0,40.0,Private,Married-civ-spouse,Machine-op-inspct,Black,Male,Canada,cfproto,0
34.0,9.0,5677,0.0,37.0,Local-gov,Married-AF-spouse,Armed-Forces,Black,Male,United-States,growing-spheres,0
40.0,9.0,10670,64.0,27.0,Private,Divorced,Craft-repair,Black,Male,United-States,growing-spheres,1
35.0,8.0,5103,0.0,40.0,?,Married-civ-spouse,Adm-clerical,Black,Male,United-States,growing-spheres,1
33.0,9.0,4807,159.0,43.0,?,Divorced,Other-service,Black,Male,United-States,growing-spheres,0
38.0,8.0,1699,0.0,35.0,?,Married-civ-spouse,Adm-clerical,Black,Male,United-States,growing-spheres,0
35.0,9.0,5675,0.0,43.0,?,Married-AF-spouse,Armed-Forces,Black,Male,United-States,growing-spheres,0
34.0,8.0,354,62.0,46.0,Federal-gov,Married-civ-spouse,Adm-clerical,Black,Male,United-States,growing-spheres,1
26.0,9.0,9822,0.0,41.0,?,Married-civ-spouse,Armed-Forces,Black,Male,United-States,growing-spheres,0
35.0,9.0,3472,0.0,41.0,Private,Divorced,Farming-fishing,Black,Male,United-States,growing-spheres,0
31.0,9.0,8222,0.0,43.0,Self-emp-not-inc,Married-civ-spouse,Adm-clerical,Black,Male,United-States,growing-spheres,1
36.0,8.0,3392,8.0,40.0,Private,Married-civ-spouse,?,Black,Male,United-States,growing-spheres,0
36.0,9.0,5036,0.0,40.0,Federal-gov,Divorced,Armed-Forces,Black,Male,United-States,growing-spheres,0
35.0,8.0,4354,0.0,39.0,Private,Married-civ-spouse,Farming-fishing,Black,Male,United-States,growing-spheres,0
35.0,8.0,492,47.0,43.0,Federal-gov,Married-spouse-absent,Machine-op-inspct,Black,Male,United-States,growing-spheres,0
32.0,9.0,12065,0.0,43.0,Private,Married-civ-spouse,Priv-house-serv,Black,Male,United-States,growing-spheres,0
41.0,7.0,15860,0.0,40.0,?,Married-civ-spouse,Farming-fishing,Black,Male,United-States,growing-spheres,1
35.0,8.0,5618,0.0,38.0,?,Divorced,?,Black,Male,United-States,growing-spheres,0
35.0,9.0,4856,88.0,37.0,Private,Married-civ-spouse,?,Black,Male,United-States,growing-spheres,0
36.0,9.0,5776,0.0,41.0,Private,Divorced,Craft-repair,Black,Male,United-States,growing-spheres,0
28.0,7.0,12139,0.0,36.0,Never-worked,Married-civ-spouse,Other-service,Black,Male,United-States,growing-spheres,0
36.0,9.0,5178,0.0,39.0,Private,Married-civ-spouse,Machine-op-inspct,Black,Male,United-States,actionable-recourse,1
35.0,9.0,0,0.0,39.0,Private,Married-civ-spouse,Machine-op-inspct,Black,Male,United-States,face,0
35.0,9.0,0,0.0,39.0,Private,Married-civ-spouse,Machine-op-inspct,White,Male,United-States,face,0
55.0,4.0,0,0.0,48.0,Private,Married-civ-spouse,Machine-op-inspct,Black,Male,United-States,face,0
36.0,9.0,0,0.0,39.0,Private,Married-civ-spouse,Machine-op-inspct,White,Male,United-States,face,0
45.0,9.0,0,0.0,39.0,Private,Married-civ-spouse,Machine-op-inspct,Black,Male,United-States,face,0
50.0,7.0,0,0.0,39.0,Private,Married-civ-spouse,Machine-op-inspct,Black,Male,United-States,face,0
34.0,9.0,0,0.0,39.0,Private,Married-civ-spouse,Machine-op-inspct,Black,Male,United-States,face,0
28.0,9.0,0,0.0,39.0,Private,Married-civ-spouse,Machine-op-inspct,Black,Male,United-States,face,0
36.0,9.0,0,0.0,39.0,Private,Married-civ-spouse,Machine-op-inspct,White,Male,United-States,face,0
44.0,9.0,0,0.0,39.0,Private,Married-civ-spouse,Machine-op-inspct,Black,Male,United-States,face,0
