age,education.num,capital.gain,capital.loss,hours.per.week,workclass,marital.status,occupation,race,sex,native.country,explainer,income
53.0,14.0,0,0.0,40.0,Self-emp-inc,Separated,Adm-clerical,White,Male,United-States,dice,0
53.0,14.0,0,0.0,3.0,State-gov,Married-civ-spouse,Adm-clerical,White,Male,United-States,dice,0
53.0,14.0,0,0.0,40.0,Federal-gov,Never-married,Adm-clerical,White,Male,United-States,dice,0
53.0,14.0,0,0.0,40.0,Federal-gov,Married-spouse-absent,Handlers-cleaners,White,Male,United-States,dice,0
47.0,14.0,0,0.0,40.0,Without-pay,Married-civ-spouse,Adm-clerical,White,Male,United-States,dice,0
53.0,14.0,0,0.0,9.0,Never-worked,Married-civ-spouse,Adm-clerical,White,Male,United-States,dice,0
53.0,14.0,0,708.0,40.0,Federal-gov,Never-married,Adm-clerical,White,Male,United-States,dice,0
53.0,14.0,0,0.0,40.0,Federal-gov,Widowed,?,White,Male,United-States,dice,0
53.0,3.0,0,0.0,40.0,Federal-gov,Married-civ-spouse,?,White,Male,United-States,dice,0
53.0,14.0,0,0.0,40.0,Without-pay,Married-civ-spouse,Protective-serv,White,Male,United-States,dice,0
35.0,14.0,0,0.0,40.0,Federal-gov,Never-married,Adm-clerical,White,Male,United-States,dice,0
53.0,14.0,0,0.0,68.0,Never-worked,Married-civ-spouse,Adm-clerical,White,Male,United-States,dice,0
94.0,14.0,0,0.0,40.0,Federal-gov,Married-spouse-absent,Adm-clerical,White,Male,United-States,dice,0
53.0,14.0,0,0.0,40.0,Without-pay,Widowed,Adm-clerical,White,Male,United-States,dice,0
53.0,14.0,0,0.0,40.0,Without-pay,Married-civ-spouse,Adm-clerical,White,Male,United-States,dice,0
53.0,4.0,0,0.0,40.0,Federal-gov,Married-civ-spouse,Adm-clerical,White,Male,United-States,dice,0
53.0,14.0,0,0.0,40.0,Never-worked,Married-civ-spouse,Exec-managerial,White,Male,United-States,dice,0
53.0,14.0,0,0.0,40.0,Without-pay,Married-civ-spouse,Other-service,White,Male,United-States,dice,0
82.0,7.0,0,0.0,40.0,Federal-gov,Married-civ-spouse,Adm-clerical,White,Male,United-States,dice,0
53.0,14.0,0,1527.0,40.0,Never-worked,Married-civ-spouse,Adm-clerical,White,Male,United-States,dice,0
44.0,12.0,0,0.0,34.0,Private,Never-married,Tech-support,White,Male,United-States,fimap,0
45.0,12.0,0,0.0,34.0,Private,Divorced,Protective-serv,White,Male,United-States,fimap,0
47.0,12.0,0,0.0,36.0,Private,Married-civ-spouse,Prof-specialty,White,Male,United-States,fimap,1
51.0,13.0,0,0.0,37.0,Private,Married-civ-spouse,Craft-repair,White,Male,United-States,fimap,1
51.0,13.0,0,0.0,37.0,Private,Married-civ-spouse,Sales,White,Male,United-States,fimap,1
51.0,13.0,0,0.0,37.0,Private,Never-married,Sales,White,Male,United-States,fimap,0
53.0,11.0,0,0.0,40.0,Federal-gov,Married-civ-spouse,Adm-clerical,White,Male,United-States,cadex,0
53.0,11.0,0,0.0,40.0,Federal-gov,Married-civ-spouse,Adm-clerical,White,Male,United-States,cadex,0
53.0,11.0,0,0.0,40.0,Federal-gov,Married-civ-spouse,Adm-clerical,White,Male,United-States,cadex,0
53.0,12.0,0,0.0,30.0,Federal-gov,Married-civ-spouse,Adm-clerical,White,Male,United-States,cadex,0
53.0,12.0,0,0.0,30.0,Federal-gov,Married-civ-spouse,Adm-clerical,White,Male,United-States,cadex,0
53.0,14.0,0,0.0,40.0,Federal-gov,Married-civ-spouse,Adm-clerical,White,Male,United-States,cadex,0
60.0,12.0,0,0.0,30.0,Federal-gov,Married-civ-spouse,Adm-clerical,White,Male,United-States,cadex,0
60.0,12.0,0,0.0,30.0,Federal-gov,Married-civ-spouse,Adm-clerical,White,Male,United-States,cadex,0
53.0,13.0,0,0.0,39.0,Federal-gov,Married-civ-spouse,Adm-clerical,White,Male,United-States,wachter,1
53.0,13.0,0,0.0,1.0,Federal-gov,Married-civ-spouse,Adm-clerical,White,Male,United-States,wachter,1
53.0,14.0,0,0.0,39.0,Federal-gov,Married-civ-spouse,Adm-clerical,White,Male,United-States,wachter,1
52.0,13.0,0,0.0,1.0,Federal-gov,Married-civ-spouse,Adm-clerical,White,Male,United-States,wachter,1
51.0,13.0,0,0.0,39.0,Federal-gov,Married-civ-spouse,Adm-clerical,White,Male,United-States,wachter,1
53.0,13.0,0,0.0,38.0,Federal-gov,Married-civ-spouse,Adm-clerical,White,Male,United-States,wachter,1
52.0,13.0,0,0.0,39.0,Federal-gov,Married-civ-spouse,Adm-clerical,White,Male,United-States,wachter,1
53.0,8.0,0,0.0,38.0,Federal-gov,Married-civ-spouse,Adm-clerical,White,Male,United-States,wachter,1
53.0,13.0,0,0.0,1.0,Federal-gov,Married-civ-spouse,Adm-clerical,White,Male,United-States,wachter,1
52.0,14.0,0,0.0,40.0,Federal-gov,Married-civ-spouse,Adm-clerical,White,Male,United-States,wachter,1
53.0,14.0,0,0.0,13.0,Federal-gov,Married-civ-spouse,Adm-clerical,White,Male,United-States,cem,1
53.0,14.0,0,0.0,40.0,Federal-gov,Married-civ-spouse,Other-service,White,Male,Dominican-Republic,cfproto,0
53.0,14.0,0,0.0,40.0,Federal-gov,Married-civ-spouse,Other-service,White,Male,Haiti,cfproto,0
53.0,14.0,0,0.0,40.0,Federal-gov,Married-civ-spouse,Other-service,White,Male,Dominican-Republic,cfproto,0
53.0,13.0,24,2.0,39.0,Federal-gov,Married-AF-spouse,Adm-clerical,White,Male,United-States,growing-spheres,1
51.0,14.0,2711,0.0,41.0,?,Married-civ-spouse,?,White,Male,United-States,growing-spheres,1
62.0,13.0,0,197.0,44.0,Federal-gov,Married-civ-spouse,?,White,Male,United-States,growing-spheres,1
52.0,13.0,908,0.0,42.0,Federal-gov,Married-civ-spouse,Adm-clerical,White,Male,United-States,growing-spheres,1
53.0,14.0,2405,0.0,38.0,Federal-gov,Divorced,Adm-clerical,White,Male,United-States,growing-spheres,1
53.0,14.0,2516,365.0,45.0,Federal-gov,Married-civ-spouse,Adm-clerical,White,Male,United-States,growing-spheres,1
53.0,14.0,1115,64.0,39.0,?,Married-AF-spouse,?,White,Male,United-States,growing-spheres,1
54.0,13.0,283,0.0,41.0,Federal-gov,Married-civ-spouse,Priv-house-serv,White,Male,United-States,growing-spheres,0
51.0,14.0,2401,0.0,43.0,?,Divorced,?,White,Male,United-States,growing-spheres,1
54.0,14.0,349,0.0,41.0,?,Married-civ-spouse,Armed-Forces,White,Male,United-States,growing-spheres,1
51.0,14.0,4837,0.0,44.0,Federal-gov,Married-civ-spouse,Priv-house-serv,White,Male,United-States,growing-spheres,0
52.0,13.0,1973,0.0,40.0,Federal-gov,Married-civ-spouse,?,White,Male,United-States,growing-spheres,1
46.0,14.0,6525,0.0,45.0,Federal-gov,Married-spouse-absent,Adm-clerical,White,Male,United-States,growing-spheres,1
51.0,14.0,0,85.0,41.0,Federal-gov,Married-civ-spouse,Adm-clerical,White,Male,United-States,growing-spheres,1
53.0,13.0,0,0.0,37.0,Federal-gov,Married-AF-spouse,Machine-op-inspct,White,Male,United-States,growing-spheres,1
54.0,14.0,6957,86.0,40.0,Federal-gov,Married-civ-spouse,?,White,Male,United-States,growing-spheres,1
53.0,13.0,148,0.0,40.0,Federal-gov,Divorced,Craft-repair,White,Male,United-States,growing-spheres,1
57.0,16.0,0,191.0,27.0,Federal-gov,Married-civ-spouse,Adm-clerical,White,Male,United-States,growing-spheres,1
55.0,14.0,1768,0.0,35.0,Federal-gov,Divorced,Adm-clerical,White,Male,United-States,growing-spheres,1
53.0,14.0,88,17.0,40.0,?,Married-civ-spouse,Adm-clerical,White,Male,United-States,growing-spheres,1
53.0,9.0,0,0.0,39.0,Local-gov,Married-civ-spouse,Adm-clerical,White,Male,United-States,face,0
41.0,9.0,0,0.0,39.0,Federal-gov,Married-civ-spouse,Other-service,White,Male,United-States,face,0
39.0,13.0,0,0.0,44.0,Federal-gov,Never-married,Adm-clerical,White,Male,United-States,face,0
54.0,10.0,0,0.0,39.0,Federal-gov,Never-married,Adm-clerical,White,Male,United-States,face,0
61.0,9.0,0,0.0,39.0,Private,Married-civ-spouse,Adm-clerical,White,Male,United-States,face,0
61.0,9.0,0,0.0,39.0,Private,Married-civ-spouse,Adm-clerical,White,Male,United-States,face,0
30.0,10.0,0,0.0,39.0,Private,Married-civ-spouse,Adm-clerical,White,Male,United-States,face,0
53.0,10.0,0,0.0,44.0,Federal-gov,Divorced,Adm-clerical,White,Male,United-States,face,0
37.0,10.0,0,0.0,39.0,Federal-gov,Never-married,Adm-clerical,White,Male,United-States,face,0
77.0,13.0,3818,0.0,13.0,Local-gov,Married-civ-spouse,Adm-clerical,White,Male,United-States,face,0
