age,education.num,capital.gain,capital.loss,hours.per.week,workclass,marital.status,occupation,race,sex,native.country,explainer,income
30.0,10.0,0.0,0.0,54.0,Private,Married-civ-spouse,Adm-clerical,White,Male,United-States,dice,1
49.0,10.0,0.0,0.0,40.0,Private,Married-civ-spouse,Exec-managerial,White,Male,United-States,dice,1
30.0,10.0,75196.0,0.0,40.0,Private,Married-civ-spouse,Adm-clerical,White,Male,United-States,dice,1
30.0,10.0,26643.0,0.0,40.0,Private,Married-civ-spouse,Adm-clerical,White,Male,United-States,dice,1
30.0,8.0,15622.0,0.0,40.0,Private,Married-civ-spouse,Adm-clerical,White,Male,United-States,dice,1
30.0,10.0,0.0,3916.0,40.0,Private,Married-AF-spouse,Adm-clerical,White,Male,United-States,dice,1
30.0,10.0,0.0,4127.0,40.0,Private,Married-civ-spouse,Adm-clerical,White,Male,United-States,dice,1
30.0,10.0,0.0,0.0,51.0,Private,Married-civ-spouse,Adm-clerical,White,Male,United-States,dice,1
30.0,10.0,29228.0,2587.0,40.0,Private,Married-civ-spouse,Adm-clerical,White,Male,United-States,dice,1
30.0,10.0,0.0,0.0,95.0,Private,Married-civ-spouse,Adm-clerical,White,Male,United-States,dice,1
20.0,10.0,61668.0,0.0,40.0,Private,Married-civ-spouse,Adm-clerical,White,Male,United-States,dice,1
30.0,10.0,49249.0,0.0,64.0,Private,Married-civ-spouse,Adm-clerical,White,Male,United-States,dice,1
30.0,10.0,0.0,3161.0,40.0,Private,Married-civ-spouse,Adm-clerical,White,Male,United-States,dice,1
77.0,10.0,0.0,3342.0,40.0,Private,Married-civ-spouse,Adm-clerical,White,Male,United-States,dice,1
30.0,10.0,0.0,0.0,90.0,Private,Married-civ-spouse,Adm-clerical,White,Male,United-States,dice,1
30.0,10.0,85105.0,0.0,40.0,Private,Married-civ-spouse,Adm-clerical,White,Male,United-States,dice,1
30.0,10.0,64225.0,0.0,40.0,State-gov,Married-civ-spouse,Adm-clerical,White,Male,United-States,dice,1
30.0,10.0,0.0,3094.0,40.0,Private,Married-civ-spouse,Adm-clerical,White,Male,United-States,dice,1
30.0,10.0,0.0,0.0,58.0,Private,Married-civ-spouse,Adm-clerical,White,Male,United-States,dice,1
30.0,10.0,0.0,3401.0,61.0,Private,Married-civ-spouse,Adm-clerical,White,Male,United-States,dice,1
30.0,10.0,4999.0,0.0,40.0,Private,Married-civ-spouse,Adm-clerical,White,Male,United-States,cadex,1
33.0,10.0,4999.0,0.0,40.0,Private,Married-civ-spouse,Adm-clerical,White,Male,United-States,cadex,1
33.0,10.0,4999.0,0.0,44.0,Private,Married-civ-spouse,Adm-clerical,White,Male,United-States,cadex,1
33.0,10.0,4999.0,0.0,44.0,Private,Married-civ-spouse,Adm-clerical,White,Male,United-States,cadex,1
33.0,10.0,4999.0,217.0,44.0,Private,Married-civ-spouse,Adm-clerical,White,Male,United-States,cadex,1
33.0,10.0,6319.0,72.0,42.0,Private,Married-civ-spouse,Transport-moving,White,Male,United-States,fimap,1
34.0,10.0,5569.0,65.0,41.0,Private,Divorced,Farming-fishing,White,Male,United-States,fimap,0
34.0,10.0,5677.0,53.0,42.0,Private,Married-civ-spouse,Exec-managerial,White,Male,United-States,fimap,1
34.0,10.0,4891.0,39.0,41.0,Private,Married-civ-spouse,Prof-specialty,White,Male,United-States,fimap,1
35.0,10.0,4735.0,37.0,41.0,Private,Married-civ-spouse,Sales,White,Male,United-States,fimap,1
35.0,10.0,5092.0,40.0,42.0,Private,Divorced,Sales,White,Male,United-States,fimap,0
30.0,10.0,1565.0,2.0,40.0,Private,Married-civ-spouse,Adm-clerical,White,Male,United-States,wachter,1
30.0,9.0,1460.0,0.0,40.0,Private,Married-civ-spouse,Adm-clerical,White,Male,United-States,wachter,0
29.0,9.0,2020.0,14.0,40.0,Private,Married-civ-spouse,Adm-clerical,White,Male,United-States,wachter,0
30.0,9.0,1883.0,0.0,40.0,Private,Married-civ-spouse,Adm-clerical,White,Male,United-States,wachter,0
29.0,9.0,976.0,0.0,45.0,Private,Married-civ-spouse,Adm-clerical,White,Male,United-States,wachter,0
30.0,10.0,1197.0,0.0,40.0,Private,Married-civ-spouse,Adm-clerical,White,Male,United-States,wachter,0
29.0,10.0,1695.0,0.0,40.0,Private,Married-civ-spouse,Adm-clerical,White,Male,United-States,wachter,0
30.0,10.0,1686.0,0.0,39.0,Private,Married-civ-spouse,Adm-clerical,White,Male,United-States,wachter,0
29.0,10.0,1765.0,0.0,40.0,Private,Married-civ-spouse,Adm-clerical,White,Male,United-States,wachter,0
29.0,10.0,1719.0,0.0,40.0,Private,Married-civ-spouse,Adm-clerical,White,Male,United-States,wachter,0
30.0,10.0,4005.0,0.0,40.0,Private,Married-civ-spouse,Adm-clerical,White,Male,United-States,cem,1
30.0,10.0,28768.0,0.0,40.0,Self-emp-inc,Married-civ-spouse,Adm-clerical,White,Male,Philippines,cfproto,1
30.0,10.0,13016.0,0.0,40.0,Self-emp-not-inc,Married-civ-spouse,Adm-clerical,White,Male,Greece,cfproto,1
30.0,10.0,45059.0,0.0,40.0,Without-pay,Married-civ-spouse,Other-service,White,Male,Ireland,cfproto,1
30.0,10.0,4327.0,0.0,40.0,Private,Married-civ-spouse,Adm-clerical,White,Male,?,cfproto,1
30.0,10.0,1645.0,0.0,40.0,Private,Married-civ-spouse,Adm-clerical,White,Male,Germany,cfproto,1
30.0,10.0,1527.0,0.0,40.0,Private,Married-civ-spouse,Adm-clerical,White,Male,?,cfproto,1
30.0,10.0,2371.0,0.0,40.0,Federal-gov,Married-civ-spouse,Adm-clerical,White,Male,United-States,cfproto,1
30.0,10.0,35405.0,0.0,40.0,Self-emp-not-inc,Married-civ-spouse,Adm-clerical,White,Male,Philippines,cfproto,1
30.0,10.0,36839.0,0.0,40.0,Without-pay,Married-civ-spouse,Protective-serv,White,Male,Outlying-US(Guam-USVI-etc),cfproto,1
30.0,10.0,1645.0,0.0,40.0,Private,Married-civ-spouse,Adm-clerical,White,Male,Germany,cfproto,1
42.0,10.0,27924.0,0.0,34.0,?,Married-civ-spouse,Adm-clerical,White,Male,United-States,growing-spheres,1
36.0,13.0,35334.0,712.0,38.0,Federal-gov,Divorced,Craft-repair,White,Male,United-States,growing-spheres,1
31.0,10.0,33240.0,0.0,39.0,Federal-gov,Divorced,?,White,Male,United-States,growing-spheres,1
49.0,9.0,21979.0,0.0,53.0,Private,Divorced,Craft-repair,White,Male,United-States,growing-spheres,1
40.0,7.0,17785.0,0.0,55.0,Local-gov,Married-AF-spouse,Craft-repair,White,Male,United-States,growing-spheres,1
40.0,8.0,27671.0,46.0,34.0,Local-gov,Divorced,?,White,Male,United-States,growing-spheres,1
33.0,10.0,44515.0,0.0,46.0,Federal-gov,Married-AF-spouse,Armed-Forces,White,Male,United-States,growing-spheres,1
30.0,9.0,25083.0,0.0,40.0,?,Never-married,Machine-op-inspct,White,Male,United-States,growing-spheres,1
30.0,11.0,26874.0,129.0,65.0,Federal-gov,Divorced,?,White,Male,United-States,growing-spheres,1
34.0,12.0,42966.0,645.0,44.0,Local-gov,Married-AF-spouse,Adm-clerical,White,Male,United-States,growing-spheres,1
29.0,12.0,32573.0,174.0,85.0,Local-gov,Divorced,Adm-clerical,White,Male,United-States,growing-spheres,1
41.0,8.0,47261.0,498.0,11.0,?,Married-civ-spouse,Adm-clerical,White,Male,United-States,growing-spheres,1
49.0,13.0,23355.0,272.0,48.0,?,Married-AF-spouse,Exec-managerial,White,Male,United-States,growing-spheres,1
58.0,13.0,24025.0,1293.0,39.0,Local-gov,Divorced,?,White,Male,United-States,growing-spheres,1
37.0,5.0,41844.0,169.0,33.0,?,Divorced,Adm-clerical,White,Male,United-States,growing-spheres,1
21.0,9.0,42652.0,1151.0,48.0,?,Married-civ-spouse,?,White,Male,United-States,growing-spheres,1
43.0,9.0,48108.0,0.0,56.0,?,Married-AF-spouse,Adm-clerical,White,Male,United-States,growing-spheres,1
30.0,12.0,45385.0,1293.0,39.0,?,Divorced,Adm-clerical,White,Male,United-States,growing-spheres,1
37.0,11.0,27080.0,554.0,33.0,Private,Divorced,Adm-clerical,White,Male,United-States,growing-spheres,1
34.0,9.0,36530.0,1144.0,47.0,Local-gov,Married-AF-spouse,Adm-clerical,White,Male,United-States,growing-spheres,1
30.0,10.0,0.0,0.0,39.0,Private,Married-AF-spouse,Adm-clerical,White,Male,United-States,actionable-recourse,0
38.0,12.0,0.0,0.0,39.0,Private,Married-civ-spouse,Adm-clerical,White,Male,United-States,face,1
37.0,9.0,0.0,0.0,39.0,Private,Married-civ-spouse,Adm-clerical,White,Male,United-States,face,0
37.0,10.0,0.0,0.0,37.0,Private,Married-civ-spouse,Adm-clerical,White,Male,United-States,face,1
36.0,9.0,0.0,0.0,44.0,Private,Married-civ-spouse,Adm-clerical,White,Male,United-States,face,1
35.0,10.0,0.0,0.0,38.0,Private,Married-civ-spouse,Adm-clerical,White,Male,United-States,face,1
35.0,10.0,0.0,0.0,38.0,Private,Married-civ-spouse,Adm-clerical,White,Male,United-States,face,1
35.0,10.0,0.0,0.0,50.0,Private,Married-civ-spouse,Adm-clerical,White,Male,United-States,face,1
36.0,10.0,0.0,0.0,39.0,Private,Married-civ-spouse,Adm-clerical,White,Male,United-States,face,1
41.0,10.0,0.0,0.0,45.0,Private,Married-civ-spouse,Adm-clerical,White,Male,United-States,face,1
37.0,10.0,0.0,0.0,39.0,Private,Married-civ-spouse,Adm-clerical,White,Male,United-States,face,1
