age,education.num,capital.gain,capital.loss,hours.per.week,workclass,marital.status,occupation,race,sex,native.country,explainer,income
29.0,9.0,15024.0,0.0,40.0,Self-emp-inc,Married-civ-spouse,Priv-house-serv,White,Male,United-States,dice,0
33.0,9.0,15024.0,0.0,40.0,Never-worked,Married-civ-spouse,Farming-fishing,White,Male,United-States,dice,0
47.0,9.0,15024.0,0.0,40.0,Without-pay,Married-civ-spouse,Adm-clerical,White,Male,United-States,dice,0
47.0,9.0,15024.0,186.0,40.0,Without-pay,Married-civ-spouse,Farming-fishing,White,Male,United-States,dice,0
19.0,9.0,15024.0,0.0,40.0,Without-pay,Married-civ-spouse,Farming-fishing,White,Male,United-States,dice,0
21.0,9.0,15024.0,0.0,40.0,Self-emp-inc,Married-spouse-absent,Farming-fishing,White,Male,United-States,dice,0
47.0,9.0,7655.0,0.0,40.0,Self-emp-inc,Divorced,Farming-fishing,White,Male,United-States,dice,0
47.0,9.0,15024.0,0.0,40.0,Self-emp-inc,Married-civ-spouse,Priv-house-serv,White,Male,United-States,dice,0
47.0,9.0,7740.0,0.0,40.0,Never-worked,Married-civ-spouse,Farming-fishing,White,Male,United-States,dice,0
47.0,9.0,15024.0,0.0,40.0,Private,Married-civ-spouse,Priv-house-serv,White,Male,United-States,dice,0
47.0,9.0,15024.0,0.0,87.0,Without-pay,Married-civ-spouse,Farming-fishing,White,Male,United-States,dice,0
47.0,9.0,15024.0,0.0,62.0,Without-pay,Married-civ-spouse,Farming-fishing,White,Male,United-States,dice,0
47.0,9.0,15024.0,0.0,40.0,Never-worked,Separated,Farming-fishing,White,Male,United-States,dice,0
47.0,6.0,15024.0,0.0,40.0,Never-worked,Married-civ-spouse,Farming-fishing,White,Male,United-States,dice,0
47.0,9.0,15024.0,0.0,40.0,Never-worked,Married-spouse-absent,Farming-fishing,White,Male,United-States,dice,0
47.0,9.0,15024.0,0.0,40.0,Without-pay,Married-civ-spouse,Farming-fishing,White,Male,United-States,dice,0
93.0,9.0,15024.0,0.0,40.0,Without-pay,Married-civ-spouse,Farming-fishing,White,Male,United-States,dice,0
47.0,9.0,15024.0,0.0,40.0,Never-worked,Never-married,Farming-fishing,White,Male,United-States,dice,0
47.0,9.0,15024.0,0.0,40.0,Never-worked,Married-civ-spouse,Farming-fishing,White,Male,United-States,dice,0
47.0,9.0,15024.0,1599.0,40.0,Without-pay,Married-civ-spouse,Farming-fishing,White,Male,United-States,dice,0
33.0,6.0,0.0,0.0,32.0,Private,Divorced,Prof-specialty,White,Male,United-States,fimap,0
33.0,6.0,0.0,0.0,32.0,Private,Never-married,Craft-repair,White,Male,United-States,fimap,0
36.0,7.0,3134.0,0.0,34.0,Private,Married-civ-spouse,?,White,Male,United-States,fimap,0
40.0,7.0,5300.0,0.0,30.0,Self-emp-inc,Married-civ-spouse,Farming-fishing,White,Male,United-States,cadex,0
42.0,7.0,3897.0,0.0,34.0,Private,Married-civ-spouse,Protective-serv,White,Male,United-States,fimap,0
43.0,7.0,4177.0,0.0,35.0,Private,Married-civ-spouse,Transport-moving,White,Male,United-States,fimap,1
43.0,7.0,4927.0,0.0,35.0,Private,Married-civ-spouse,Protective-serv,White,Male,United-States,fimap,1
47.0,7.0,5093.0,0.0,40.0,Self-emp-inc,Married-civ-spouse,Farming-fishing,White,Male,United-States,cadex,0
47.0,7.0,5136.0,0.0,40.0,Self-emp-inc,Married-civ-spouse,Farming-fishing,White,Male,United-States,cadex,0
47.0,7.0,5269.0,0.0,30.0,Self-emp-inc,Married-civ-spouse,Farming-fishing,White,Male,United-States,cadex,0
47.0,7.0,5238.0,0.0,40.0,Self-emp-inc,Married-civ-spouse,Farming-fishing,White,Male,United-States,cadex,0
47.0,9.0,20.0,0.0,40.0,Self-emp-inc,Married-civ-spouse,Farming-fishing,White,Male,United-States,cadex,0
47.0,9.0,421.0,0.0,40.0,Self-emp-inc,Married-civ-spouse,Farming-fishing,White,Male,United-States,cadex,0
47.0,9.0,682.0,0.0,40.0,Self-emp-inc,Married-civ-spouse,Farming-fishing,White,Male,United-States,cadex,0
47.0,8.0,1814.0,0.0,39.0,Self-emp-inc,Married-civ-spouse,Farming-fishing,White,Male,United-States,wachter,0
46.0,8.0,1919.0,0.0,40.0,Self-emp-inc,Married-civ-spouse,Farming-fishing,White,Male,United-States,wachter,0
47.0,8.0,1881.0,0.0,39.0,Self-emp-inc,Married-civ-spouse,Farming-fishing,White,Male,United-States,wachter,0
46.0,9.0,1877.0,0.0,39.0,Self-emp-inc,Married-civ-spouse,Farming-fishing,White,Male,United-States,wachter,0
46.0,9.0,1891.0,0.0,39.0,Self-emp-inc,Married-civ-spouse,Farming-fishing,White,Male,United-States,wachter,0
49.0,8.0,2275.0,0.0,42.0,Self-emp-inc,Married-civ-spouse,Farming-fishing,White,Male,United-States,wachter,0
46.0,8.0,1882.0,0.0,40.0,Self-emp-inc,Married-civ-spouse,Farming-fishing,White,Male,United-States,wachter,0
47.0,9.0,1824.0,0.0,40.0,Self-emp-inc,Married-civ-spouse,Farming-fishing,White,Male,United-States,wachter,0
47.0,8.0,1890.0,0.0,39.0,Self-emp-inc,Married-civ-spouse,Farming-fishing,White,Male,United-States,wachter,0
46.0,8.0,1882.0,0.0,40.0,Self-emp-inc,Married-civ-spouse,Farming-fishing,White,Male,United-States,wachter,0
47.0,6.0,15024.0,0.0,40.0,Self-emp-inc,Married-civ-spouse,Farming-fishing,White,Male,United-States,cem,1
47.0,9.0,15024.0,0.0,40.0,Self-emp-inc,Married-civ-spouse,Farming-fishing,White,Male,Peru,cfproto,0
47.0,9.0,6069.0,0.0,40.0,Self-emp-inc,Married-civ-spouse,Other-service,White,Male,India,cfproto,0
46.0,8.0,273.0,0.0,40.0,Self-emp-inc,Married-spouse-absent,Priv-house-serv,White,Male,Hong,cfproto,0
47.0,9.0,13904.0,0.0,40.0,Self-emp-inc,Married-civ-spouse,Farming-fishing,White,Male,Guatemala,cfproto,0
47.0,9.0,15024.0,0.0,40.0,Self-emp-inc,Married-civ-spouse,Farming-fishing,White,Male,Peru,cfproto,0
53.0,8.0,13059.0,0.0,41.0,Federal-gov,Married-civ-spouse,?,White,Male,United-States,growing-spheres,1
48.0,9.0,11151.0,0.0,39.0,Never-worked,Divorced,Armed-Forces,White,Male,United-States,growing-spheres,0
47.0,9.0,11095.0,12.0,37.0,Self-emp-inc,Married-civ-spouse,Adm-clerical,White,Male,United-States,growing-spheres,1
47.0,8.0,13922.0,19.0,38.0,Never-worked,Divorced,Adm-clerical,White,Male,United-States,growing-spheres,0
47.0,9.0,15283.0,10.0,39.0,Self-emp-not-inc,Married-civ-spouse,Armed-Forces,White,Male,United-States,growing-spheres,1
45.0,8.0,8015.0,550.0,29.0,?,Divorced,Farming-fishing,White,Male,United-States,growing-spheres,0
45.0,9.0,13596.0,0.0,39.0,Local-gov,Married-AF-spouse,Craft-repair,White,Male,United-States,growing-spheres,1
49.0,9.0,22861.0,0.0,38.0,Never-worked,Married-spouse-absent,Exec-managerial,White,Male,United-States,growing-spheres,1
53.0,8.0,14161.0,0.0,42.0,Local-gov,Divorced,?,White,Male,United-States,growing-spheres,1
51.0,9.0,21019.0,0.0,50.0,Private,Married-civ-spouse,?,White,Male,United-States,growing-spheres,1
46.0,8.0,14891.0,11.0,39.0,?,Married-civ-spouse,Farming-fishing,White,Male,United-States,growing-spheres,1
45.0,9.0,16636.0,110.0,30.0,?,Married-civ-spouse,?,White,Male,United-States,growing-spheres,1
45.0,9.0,14548.0,0.0,37.0,Self-emp-inc,Married-civ-spouse,Armed-Forces,White,Male,United-States,growing-spheres,1
47.0,9.0,16022.0,51.0,37.0,?,Married-civ-spouse,Armed-Forces,White,Male,United-States,growing-spheres,1
48.0,9.0,13747.0,65.0,39.0,Self-emp-inc,Divorced,Farming-fishing,White,Male,United-States,growing-spheres,1
39.0,9.0,12871.0,0.0,41.0,Never-worked,Married-civ-spouse,Craft-repair,White,Male,United-States,growing-spheres,1
48.0,8.0,15012.0,0.0,40.0,Private,Married-civ-spouse,Armed-Forces,White,Male,United-States,growing-spheres,1
47.0,8.0,20473.0,167.0,44.0,Local-gov,Married-civ-spouse,Exec-managerial,White,Male,United-States,growing-spheres,1
47.0,8.0,12856.0,360.0,42.0,Self-emp-inc,Married-AF-spouse,Adm-clerical,White,Male,United-States,growing-spheres,1
46.0,9.0,15119.0,0.0,40.0,Local-gov,Divorced,?,White,Male,United-States,growing-spheres,1
44.0,9.0,0.0,0.0,39.0,Self-emp-not-inc,Married-civ-spouse,Farming-fishing,White,Male,United-States,face,0
42.0,9.0,0.0,0.0,44.0,Self-emp-inc,Married-civ-spouse,Farming-fishing,White,Male,United-States,face,0
36.0,9.0,0.0,0.0,44.0,Self-emp-inc,Married-civ-spouse,Farming-fishing,White,Male,United-States,face,0
49.0,9.0,0.0,0.0,39.0,Private,Married-civ-spouse,Farming-fishing,White,Male,United-States,face,0
48.0,9.0,0.0,0.0,39.0,Self-emp-inc,Married-civ-spouse,Farming-fishing,White,Male,United-States,face,0
41.0,9.0,0.0,0.0,39.0,Private,Married-civ-spouse,Farming-fishing,White,Male,United-States,face,0
49.0,10.0,0.0,0.0,59.0,Self-emp-inc,Married-civ-spouse,Farming-fishing,White,Male,United-States,face,0
49.0,10.0,0.0,0.0,39.0,State-gov,Married-civ-spouse,Farming-fishing,White,Male,United-States,face,0
49.0,9.0,0.0,0.0,39.0,Private,Married-civ-spouse,Farming-fishing,White,Male,United-States,face,0
49.0,10.0,0.0,0.0,59.0,Self-emp-inc,Married-civ-spouse,Farming-fishing,White,Male,United-States,face,0
