age,education.num,capital.gain,capital.loss,hours.per.week,workclass,marital.status,occupation,race,sex,native.country,explainer,income
27.0,9.0,77655.0,0.0,19.0,?,Married-civ-spouse,?,White,Female,United-States,dice,1
27.0,9.0,0.0,3023.0,40.0,?,Married-civ-spouse,?,White,Female,United-States,dice,1
27.0,9.0,74227.0,0.0,40.0,?,Married-civ-spouse,Handlers-cleaners,White,Female,United-States,dice,1
27.0,9.0,28416.0,0.0,40.0,Federal-gov,Married-civ-spouse,?,White,Female,United-States,dice,1
27.0,9.0,0.0,3531.0,29.0,?,Married-civ-spouse,?,White,Female,United-States,dice,1
27.0,9.0,0.0,0.0,65.0,?,Married-civ-spouse,Machine-op-inspct,White,Female,United-States,dice,1
27.0,9.0,0.0,4093.0,40.0,?,Married-civ-spouse,?,White,Female,United-States,dice,1
27.0,9.0,85005.0,0.0,40.0,?,Married-civ-spouse,Prof-specialty,White,Female,United-States,dice,1
61.0,9.0,23990.0,0.0,40.0,?,Married-civ-spouse,?,White,Female,United-States,dice,1
27.0,9.0,0.0,0.0,86.0,Self-emp-inc,Married-civ-spouse,?,White,Female,United-States,dice,1
96.0,9.0,32671.0,0.0,40.0,?,Married-civ-spouse,?,White,Female,United-States,dice,1
27.0,14.0,0.0,0.0,40.0,Local-gov,Married-civ-spouse,?,White,Female,United-States,dice,1
27.0,16.0,0.0,540.0,40.0,?,Married-civ-spouse,?,White,Female,United-States,dice,1
27.0,9.0,29257.0,0.0,40.0,?,Married-civ-spouse,Priv-house-serv,White,Female,United-States,dice,1
27.0,9.0,0.0,0.0,50.0,?,Married-civ-spouse,Adm-clerical,White,Female,United-States,dice,1
75.0,9.0,0.0,0.0,95.0,?,Married-civ-spouse,?,White,Female,United-States,dice,1
27.0,7.0,50290.0,0.0,40.0,?,Married-civ-spouse,?,White,Female,United-States,dice,1
27.0,12.0,4468.0,0.0,40.0,?,Married-civ-spouse,?,White,Female,United-States,dice,1
27.0,9.0,30913.0,0.0,40.0,?,Married-civ-spouse,?,White,Female,United-States,dice,1
27.0,10.0,0.0,2353.0,40.0,?,Married-civ-spouse,?,White,Female,United-States,dice,1
27.0,9.0,4999.0,0.0,40.0,?,Married-civ-spouse,?,White,Female,United-States,cadex,1
30.0,9.0,4999.0,0.0,40.0,?,Married-civ-spouse,?,White,Female,United-States,cadex,1
30.0,9.0,4999.0,0.0,40.0,?,Married-civ-spouse,?,White,Female,United-States,cadex,1
30.0,9.0,4999.0,0.0,44.0,?,Married-civ-spouse,?,White,Female,United-States,cadex,1
30.0,9.0,4999.0,217.0,44.0,?,Married-civ-spouse,?,White,Female,United-States,cadex,1
32.0,10.0,9067.0,90.0,43.0,Private,Married-civ-spouse,Sales,White,Female,United-States,fimap,1
32.0,9.0,6020.0,44.0,42.0,Private,Married-civ-spouse,Machine-op-inspct,White,Female,United-States,fimap,1
32.0,9.0,6444.0,47.0,42.0,Private,Married-civ-spouse,Protective-serv,White,Female,United-States,fimap,1
33.0,9.0,6496.0,47.0,42.0,Private,Married-civ-spouse,Exec-managerial,White,Female,United-States,fimap,1
33.0,10.0,7366.0,60.0,42.0,Private,Never-married,Exec-managerial,White,Female,United-States,fimap,1
34.0,10.0,9237.0,97.0,43.0,Private,Married-civ-spouse,Transport-moving,White,Female,United-States,fimap,1
27.0,9.0,5090.0,0.0,39.0,?,Married-civ-spouse,?,White,Female,United-States,wachter,1
26.0,8.0,5095.0,0.0,39.0,?,Married-civ-spouse,?,White,Female,United-States,wachter,0
26.0,9.0,5114.0,0.0,40.0,?,Married-civ-spouse,?,White,Female,United-States,wachter,0
26.0,8.0,5094.0,0.0,40.0,?,Married-civ-spouse,?,White,Female,United-States,wachter,0
26.0,8.0,5702.0,0.0,37.0,?,Married-civ-spouse,?,White,Female,United-States,wachter,0
27.0,9.0,4998.0,0.0,39.0,?,Married-civ-spouse,?,White,Female,United-States,wachter,1
27.0,8.0,5098.0,0.0,39.0,?,Married-civ-spouse,?,White,Female,United-States,wachter,0
27.0,8.0,5120.0,0.0,40.0,?,Married-civ-spouse,?,White,Female,United-States,wachter,0
26.0,8.0,5263.0,0.0,40.0,?,Married-civ-spouse,?,White,Female,United-States,wachter,0
26.0,8.0,5075.0,0.0,40.0,?,Married-civ-spouse,?,White,Female,United-States,wachter,0
27.0,9.0,6564.0,0.0,40.0,?,Married-civ-spouse,?,White,Female,United-States,cem,1
27.0,9.0,6508.0,0.0,40.0,?,Married-civ-spouse,?,White,Female,France,cfproto,1
27.0,9.0,32132.0,0.0,40.0,?,Married-civ-spouse,Other-service,White,Female,Outlying-US(Guam-USVI-etc),cfproto,1
28.0,9.0,28294.0,0.0,40.0,?,Never-married,Protective-serv,White,Female,Outlying-US(Guam-USVI-etc),cfproto,1
27.0,9.0,35167.0,0.0,40.0,?,Married-civ-spouse,Machine-op-inspct,White,Female,Outlying-US(Guam-USVI-etc),cfproto,1
27.0,9.0,27218.0,0.0,40.0,?,Married-civ-spouse,?,White,Female,?,cfproto,1
27.0,9.0,2198.0,0.0,40.0,?,Married-civ-spouse,?,White,Female,France,cfproto,1
27.0,9.0,16863.0,0.0,40.0,?,Married-civ-spouse,?,White,Female,United-States,cfproto,1
27.0,9.0,2198.0,0.0,40.0,?,Married-civ-spouse,?,White,Female,France,cfproto,1
55.0,7.0,27404.0,0.0,40.0,?,Divorced,Adm-clerical,White,Female,United-States,growing-spheres,1
47.0,6.0,40549.0,0.0,33.0,Private,Divorced,Adm-clerical,White,Female,United-States,growing-spheres,1
17.0,9.0,32572.0,171.0,38.0,Federal-gov,Married-AF-spouse,Adm-clerical,White,Female,United-States,growing-spheres,1
17.0,8.0,43721.0,0.0,44.0,Local-gov,Married-civ-spouse,?,White,Female,United-States,growing-spheres,1
44.0,11.0,34589.0,0.0,56.0,?,Divorced,Farming-fishing,White,Female,United-States,growing-spheres,1
20.0,8.0,40663.0,0.0,45.0,?,Divorced,Armed-Forces,White,Female,United-States,growing-spheres,1
39.0,14.0,22550.0,904.0,51.0,Self-emp-not-inc,Married-civ-spouse,Adm-clerical,White,Female,United-States,growing-spheres,1
17.0,8.0,35240.0,488.0,39.0,?,Divorced,Handlers-cleaners,White,Female,United-States,growing-spheres,1
20.0,11.0,31300.0,294.0,49.0,Private,Divorced,Craft-repair,White,Female,United-States,growing-spheres,1
17.0,6.0,53341.0,173.0,43.0,?,Married-AF-spouse,Armed-Forces,White,Female,United-States,growing-spheres,1
22.0,11.0,31432.0,0.0,45.0,?,Married-AF-spouse,Craft-repair,White,Female,United-States,growing-spheres,1
36.0,11.0,30074.0,49.0,70.0,?,Divorced,Armed-Forces,White,Female,United-States,growing-spheres,1
26.0,13.0,24309.0,316.0,57.0,?,Divorced,?,White,Female,United-States,growing-spheres,1
36.0,11.0,17695.0,0.0,51.0,?,Married-AF-spouse,Craft-repair,White,Female,United-States,growing-spheres,1
39.0,12.0,10712.0,0.0,36.0,?,Married-AF-spouse,Craft-repair,White,Female,United-States,growing-spheres,1
28.0,11.0,26200.0,0.0,42.0,Local-gov,Married-AF-spouse,?,White,Female,United-States,growing-spheres,1
37.0,4.0,43057.0,0.0,32.0,?,Married-AF-spouse,Adm-clerical,White,Female,United-States,growing-spheres,1
30.0,9.0,33029.0,544.0,30.0,?,Married-AF-spouse,?,White,Female,United-States,growing-spheres,1
20.0,11.0,30639.0,699.0,43.0,?,Divorced,Other-service,White,Female,United-States,growing-spheres,1
25.0,10.0,25105.0,0.0,56.0,Federal-gov,Divorced,Armed-Forces,White,Female,United-States,growing-spheres,1
27.0,9.0,0.0,0.0,39.0,?,Married-AF-spouse,?,White,Female,United-States,actionable-recourse,0
63.0,11.0,0.0,0.0,14.0,?,Married-civ-spouse,?,White,Female,United-States,face,1
19.0,8.0,15024.0,0.0,39.0,?,Married-civ-spouse,?,White,Female,United-States,face,1
41.0,13.0,0.0,0.0,29.0,?,Married-civ-spouse,?,White,Female,United-States,face,1
19.0,8.0,15024.0,0.0,39.0,?,Married-civ-spouse,?,White,Female,United-States,face,1
28.0,10.0,0.0,1887.0,39.0,?,Married-civ-spouse,?,White,Female,United-States,face,1
33.0,11.0,7687.0,0.0,50.0,?,Married-civ-spouse,?,White,Female,United-States,face,1
41.0,13.0,0.0,0.0,29.0,?,Married-civ-spouse,?,White,Female,United-States,face,1
31.0,13.0,0.0,0.0,25.0,?,Married-civ-spouse,?,White,Female,United-States,face,1
59.0,9.0,0.0,0.0,39.0,?,Married-civ-spouse,?,White,Male,United-States,face,1
36.0,11.0,3908.0,0.0,8.0,?,Married-civ-spouse,?,White,Female,United-States,face,1
