age,education.num,capital.gain,capital.loss,hours.per.week,workclass,marital.status,occupation,race,sex,native.country,explainer,income
34.0,9.0,18627.0,0.0,40.0,Private,Never-married,Adm-clerical,White,Female,United-States,dice,1
34.0,9.0,53731.0,0.0,40.0,Private,Never-married,?,White,Female,United-States,dice,1
34.0,9.0,58108.0,0.0,40.0,Private,Never-married,Adm-clerical,White,Female,United-States,dice,1
34.0,9.0,78396.0,0.0,40.0,Private,Never-married,Adm-clerical,White,Female,United-States,dice,1
34.0,9.0,4865.0,2491.0,40.0,Private,Never-married,Other-service,White,Female,United-States,dice,1
34.0,9.0,39247.0,0.0,40.0,Private,Never-married,Adm-clerical,White,Female,United-States,dice,1
34.0,9.0,44841.0,0.0,40.0,Private,Never-married,Adm-clerical,White,Female,United-States,dice,1
34.0,12.0,59474.0,0.0,40.0,Private,Never-married,Adm-clerical,White,Female,United-States,dice,1
34.0,9.0,54521.0,1455.0,40.0,Private,Never-married,Adm-clerical,White,Female,United-States,dice,1
72.0,9.0,33635.0,0.0,40.0,Private,Never-married,Adm-clerical,White,Female,United-States,dice,1
34.0,6.0,45688.0,0.0,40.0,Private,Never-married,Adm-clerical,White,Female,United-States,dice,1
53.0,9.0,4865.0,4330.0,40.0,Private,Never-married,Adm-clerical,White,Female,United-States,dice,1
34.0,9.0,64952.0,0.0,84.0,Private,Never-married,Adm-clerical,White,Female,United-States,dice,1
34.0,13.0,61840.0,0.0,40.0,Private,Never-married,Adm-clerical,White,Female,United-States,dice,1
34.0,6.0,56989.0,0.0,40.0,Private,Never-married,Adm-clerical,White,Female,United-States,dice,1
91.0,9.0,4865.0,4312.0,40.0,Private,Never-married,Adm-clerical,White,Female,United-States,dice,1
60.0,9.0,4865.0,0.0,40.0,Private,Never-married,Tech-support,White,Female,United-States,dice,1
34.0,9.0,4865.0,4216.0,40.0,Private,Never-married,Adm-clerical,White,Female,United-States,dice,1
34.0,9.0,36290.0,0.0,40.0,Private,Never-married,Craft-repair,White,Female,United-States,dice,1
34.0,9.0,93982.0,0.0,40.0,Private,Never-married,Farming-fishing,White,Female,United-States,dice,1
34.0,9.0,14586.0,0.0,40.0,Private,Never-married,Adm-clerical,White,Female,United-States,cadex,1
36.0,9.0,8866.0,29.0,41.0,Private,Married-civ-spouse,Farming-fishing,White,Female,United-States,fimap,1
36.0,9.0,8695.0,28.0,41.0,Private,Married-civ-spouse,Farming-fishing,White,Female,United-States,fimap,1
36.0,9.0,9104.0,40.0,41.0,Private,Divorced,Protective-serv,White,Female,United-States,fimap,0
36.0,9.0,8902.0,29.0,41.0,Private,Married-civ-spouse,Exec-managerial,White,Female,United-States,fimap,1
37.0,9.0,9308.0,38.0,41.0,Private,Married-civ-spouse,Transport-moving,White,Female,United-States,fimap,1
37.0,9.0,9864.0,0.0,40.0,Private,Never-married,Adm-clerical,White,Female,United-States,cadex,1
37.0,9.0,9864.0,0.0,44.0,Private,Never-married,Adm-clerical,White,Female,United-States,cadex,1
37.0,9.0,9864.0,0.0,44.0,Private,Never-married,Adm-clerical,White,Female,United-States,cadex,1
37.0,9.0,9864.0,217.0,44.0,Private,Never-married,Adm-clerical,White,Female,United-States,cadex,1
37.0,9.0,9173.0,45.0,41.0,Private,Married-civ-spouse,Exec-managerial,White,Female,United-States,fimap,1
56.0,8.0,6056.0,0.0,70.0,Private,Never-married,Adm-clerical,White,Female,United-States,wachter,1
46.0,9.0,6353.0,0.0,58.0,Private,Never-married,Adm-clerical,White,Female,United-States,wachter,1
37.0,9.0,9377.0,3.0,40.0,Private,Never-married,Adm-clerical,White,Female,United-States,wachter,1
39.0,9.0,7218.0,0.0,58.0,Private,Never-married,Adm-clerical,White,Female,United-States,wachter,1
42.0,9.0,7063.0,0.0,55.0,Private,Never-married,Adm-clerical,White,Female,United-States,wachter,1
43.0,8.0,7362.0,0.0,50.0,Private,Never-married,Adm-clerical,White,Female,United-States,wachter,0
34.0,9.0,10112.0,0.0,40.0,Private,Never-married,Adm-clerical,White,Female,United-States,wachter,1
42.0,9.0,8630.0,0.0,40.0,Private,Never-married,Adm-clerical,White,Female,United-States,wachter,1
45.0,9.0,7427.0,0.0,47.0,Private,Never-married,Adm-clerical,White,Female,United-States,wachter,1
34.0,9.0,10106.0,0.0,40.0,Private,Never-married,Adm-clerical,White,Female,United-States,wachter,1
34.0,9.0,11336.0,0.0,40.0,Private,Never-married,Adm-clerical,White,Female,United-States,cem,1
34.0,9.0,38551.0,0.0,40.0,Local-gov,Never-married,Adm-clerical,White,Female,India,cfproto,1
34.0,9.0,51595.0,0.0,40.0,Without-pay,Never-married,Other-service,White,Female,Peru,cfproto,1
34.0,9.0,31474.0,0.0,40.0,State-gov,Never-married,Adm-clerical,White,Female,China,cfproto,1
34.0,9.0,17552.0,0.0,40.0,Private,Never-married,Adm-clerical,White,Female,United-States,cfproto,1
34.0,9.0,14942.0,0.0,40.0,Private,Never-married,Adm-clerical,White,Female,Vietnam,cfproto,1
34.0,9.0,43055.0,0.0,40.0,Without-pay,Never-married,Protective-serv,White,Female,Outlying-US(Guam-USVI-etc),cfproto,1
34.0,9.0,23574.0,0.0,40.0,Private,Never-married,Adm-clerical,White,Female,China,cfproto,1
34.0,9.0,44400.0,0.0,40.0,Local-gov,Never-married,Other-service,White,Female,Greece,cfproto,1
34.0,9.0,10481.0,0.0,40.0,Private,Never-married,Adm-clerical,White,Female,United-States,cfproto,1
34.0,9.0,10481.0,0.0,40.0,Private,Never-married,Adm-clerical,White,Female,United-States,cfproto,1
19.0,9.0,32816.0,0.0,42.0,Federal-gov,Divorced,Adm-clerical,White,Female,United-States,growing-spheres,1
45.0,8.0,27982.0,180.0,55.0,Federal-gov,Married-civ-spouse,?,White,Female,United-States,growing-spheres,1
28.0,9.0,43411.0,720.0,10.0,?,Married-AF-spouse,?,White,Female,United-States,growing-spheres,1
29.0,7.0,41855.0,0.0,39.0,Private,Married-civ-spouse,Machine-op-inspct,White,Female,United-States,growing-spheres,1
41.0,8.0,15508.0,0.0,40.0,Federal-gov,Divorced,Sales,White,Female,United-States,growing-spheres,1
24.0,9.0,29875.0,327.0,41.0,?,Married-civ-spouse,Adm-clerical,White,Female,United-States,growing-spheres,1
31.0,9.0,31433.0,0.0,32.0,Federal-gov,Married-AF-spouse,Craft-repair,White,Female,United-States,growing-spheres,1
37.0,9.0,4298.0,185.0,42.0,Federal-gov,Divorced,Craft-repair,White,Female,United-States,growing-spheres,0
40.0,8.0,34820.0,513.0,30.0,Federal-gov,Married-AF-spouse,Craft-repair,White,Female,United-States,growing-spheres,1
24.0,8.0,30273.0,474.0,40.0,Self-emp-inc,Married-AF-spouse,?,White,Female,United-States,growing-spheres,1
29.0,9.0,21438.0,723.0,55.0,?,Married-civ-spouse,Adm-clerical,White,Female,United-States,growing-spheres,1
42.0,11.0,10286.0,34.0,46.0,?,Divorced,Craft-repair,White,Female,United-States,growing-spheres,1
32.0,8.0,30235.0,0.0,15.0,?,Married-AF-spouse,Adm-clerical,White,Female,United-States,growing-spheres,1
42.0,12.0,27007.0,0.0,41.0,?,Married-AF-spouse,?,White,Female,United-States,growing-spheres,1
44.0,9.0,36154.0,0.0,43.0,?,Married-AF-spouse,Armed-Forces,White,Female,United-States,growing-spheres,1
32.0,9.0,26237.0,0.0,47.0,Federal-gov,Married-AF-spouse,?,White,Female,United-States,growing-spheres,1
22.0,7.0,33866.0,0.0,34.0,Federal-gov,Married-AF-spouse,Adm-clerical,White,Female,United-States,growing-spheres,1
33.0,11.0,7265.0,0.0,41.0,Federal-gov,Divorced,Handlers-cleaners,White,Female,United-States,growing-spheres,0
37.0,8.0,37943.0,0.0,41.0,?,Married-AF-spouse,Armed-Forces,White,Female,United-States,growing-spheres,1
30.0,7.0,32082.0,1034.0,48.0,Private,Married-spouse-absent,Exec-managerial,White,Female,United-States,growing-spheres,1
34.0,9.0,4865.0,0.0,39.0,Private,Married-AF-spouse,Adm-clerical,White,Female,United-States,actionable-recourse,1
31.0,9.0,0.0,0.0,39.0,Private,Married-civ-spouse,Adm-clerical,White,Female,United-States,face,1
28.0,10.0,0.0,0.0,39.0,Private,Married-civ-spouse,Adm-clerical,White,Female,United-States,face,1
28.0,10.0,0.0,0.0,39.0,Private,Married-civ-spouse,Adm-clerical,White,Female,United-States,face,1
37.0,9.0,0.0,0.0,39.0,Private,Married-civ-spouse,Adm-clerical,White,Female,United-States,face,1
29.0,9.0,2829.0,0.0,39.0,Private,Married-civ-spouse,Adm-clerical,White,Female,United-States,face,1
39.0,9.0,0.0,0.0,39.0,Private,Married-civ-spouse,Adm-clerical,White,Female,United-States,face,1
35.0,9.0,4386.0,0.0,34.0,Private,Married-civ-spouse,Adm-clerical,White,Female,United-States,face,1
33.0,10.0,99999.0,0.0,29.0,Private,Never-married,Adm-clerical,White,Female,United-States,face,1
31.0,9.0,0.0,0.0,39.0,Private,Married-civ-spouse,Adm-clerical,White,Female,United-States,face,1
30.0,9.0,7298.0,0.0,39.0,Private,Married-civ-spouse,Adm-clerical,White,Female,United-States,face,1
