age,education.num,capital.gain,capital.loss,hours.per.week,workclass,marital.status,occupation,race,sex,native.country,explainer,income
34.0,10.0,0,1977.0,60.0,Federal-gov,Married-spouse-absent,Handlers-cleaners,White,Male,United-States,dice,0
39.0,2.0,0,1977.0,60.0,Federal-gov,Married-civ-spouse,Handlers-cleaners,White,Male,United-States,dice,0
39.0,10.0,0,1977.0,60.0,Never-worked,Married-civ-spouse,Handlers-cleaners,White,Male,United-States,dice,0
27.0,10.0,0,1977.0,60.0,Federal-gov,Widowed,Handlers-cleaners,White,Male,United-States,dice,0
39.0,10.0,0,1977.0,13.0,Federal-gov,Widowed,Handlers-cleaners,White,Male,United-States,dice,0
39.0,4.0,0,1977.0,60.0,Federal-gov,Separated,Handlers-cleaners,White,Male,United-States,dice,0
39.0,10.0,0,1977.0,33.0,Never-worked,Married-civ-spouse,Handlers-cleaners,White,Male,United-States,dice,0
39.0,10.0,0,1977.0,60.0,Federal-gov,Divorced,Protective-serv,White,Male,United-States,dice,0
39.0,10.0,0,3216.0,60.0,Federal-gov,Never-married,Handlers-cleaners,White,Male,United-States,dice,0
39.0,4.0,0,2362.0,60.0,Federal-gov,Married-civ-spouse,Handlers-cleaners,White,Male,United-States,dice,0
39.0,10.0,0,1977.0,60.0,Never-worked,Divorced,Handlers-cleaners,White,Male,United-States,dice,0
39.0,10.0,0,1977.0,67.0,Federal-gov,Separated,Handlers-cleaners,White,Male,United-States,dice,0
19.0,10.0,0,1977.0,60.0,?,Married-civ-spouse,Handlers-cleaners,White,Male,United-States,dice,0
39.0,4.0,0,2384.0,60.0,Federal-gov,Married-civ-spouse,Handlers-cleaners,White,Male,United-States,dice,0
39.0,10.0,0,3237.0,60.0,Federal-gov,Married-spouse-absent,Handlers-cleaners,White,Male,United-States,dice,0
39.0,2.0,0,1977.0,60.0,Federal-gov,Married-civ-spouse,Transport-moving,White,Male,United-States,dice,0
81.0,5.0,0,1977.0,60.0,Federal-gov,Married-civ-spouse,Handlers-cleaners,White,Male,United-States,dice,0
39.0,10.0,0,1977.0,39.0,Federal-gov,Separated,Handlers-cleaners,White,Male,United-States,dice,0
39.0,10.0,0,1977.0,60.0,Federal-gov,Married-spouse-absent,Priv-house-serv,White,Male,United-States,dice,0
39.0,5.0,0,1977.0,60.0,Federal-gov,Never-married,Handlers-cleaners,White,Male,United-States,dice,0
32.0,8.0,0,1907.0,54.0,Private,Divorced,Machine-op-inspct,White,Male,United-States,fimap,0
32.0,8.0,0,1918.0,54.0,Private,Never-married,Craft-repair,White,Male,United-States,fimap,0
33.0,8.0,0,1935.0,56.0,Private,Married-civ-spouse,Craft-repair,White,Male,United-States,fimap,0
35.0,9.0,0,1759.0,55.0,Federal-gov,Married-civ-spouse,Handlers-cleaners,White,Male,United-States,cadex,0
35.0,9.0,0,1759.0,60.0,Federal-gov,Married-civ-spouse,Handlers-cleaners,White,Male,United-States,cadex,0
35.0,9.0,0,1977.0,60.0,Federal-gov,Married-civ-spouse,Handlers-cleaners,White,Male,United-States,cadex,0
36.0,9.0,0,1938.0,57.0,Private,Married-civ-spouse,Other-service,White,Male,United-States,fimap,0
36.0,9.0,0,1938.0,57.0,Private,Married-civ-spouse,Prof-specialty,White,Male,United-States,fimap,1
37.0,9.0,0,1938.0,57.0,Private,Married-civ-spouse,Sales,White,Male,United-States,fimap,1
39.0,9.0,0,1977.0,60.0,Federal-gov,Married-civ-spouse,Handlers-cleaners,White,Male,United-States,cadex,0
39.0,10.0,0,1977.0,60.0,Federal-gov,Married-civ-spouse,Handlers-cleaners,White,Male,United-States,cadex,0
67.0,12.0,2398,740.0,99.0,Self-emp-inc,Married-civ-spouse,Transport-moving,White,Male,United-States,wachter,1
79.0,11.0,119,0.0,98.0,Self-emp-not-inc,Married-civ-spouse,Transport-moving,White,Male,United-States,wachter,1
67.0,12.0,2448,208.0,98.0,Private,Married-civ-spouse,Transport-moving,White,Male,United-States,wachter,1
67.0,12.0,2399,740.0,99.0,Self-emp-inc,Married-civ-spouse,Transport-moving,White,Male,United-States,wachter,1
62.0,11.0,1222,30.0,98.0,Private,Married-civ-spouse,Sales,White,Male,United-States,wachter,1
79.0,11.0,127,0.0,98.0,Self-emp-not-inc,Married-civ-spouse,Transport-moving,White,Male,United-States,wachter,1
70.0,10.0,5150,1.0,98.0,Private,Married-civ-spouse,Transport-moving,White,Male,United-States,wachter,1
69.0,11.0,0,148.0,99.0,Self-emp-not-inc,Married-civ-spouse,Transport-moving,White,Male,United-States,wachter,1
41.0,11.0,1035,318.0,98.0,Private,Married-civ-spouse,Transport-moving,White,Male,United-States,wachter,1
66.0,10.0,2001,199.0,99.0,State-gov,Married-civ-spouse,Handlers-cleaners,White,Male,United-States,wachter,1
34.0,8.0,0,1977.0,60.0,Federal-gov,Married-civ-spouse,Handlers-cleaners,White,Male,United-States,cem,1
39.0,10.0,0,1977.0,60.0,Federal-gov,Married-civ-spouse,Other-service,White,Male,India,cfproto,0
39.0,10.0,0,1977.0,60.0,Federal-gov,Married-civ-spouse,Handlers-cleaners,White,Male,Hungary,cfproto,0
39.0,10.0,0,1977.0,60.0,Federal-gov,Married-civ-spouse,Handlers-cleaners,White,Male,Hungary,cfproto,0
39.0,10.0,0,1969.0,59.0,?,Married-civ-spouse,?,White,Male,United-States,growing-spheres,1
41.0,9.0,0,1564.0,62.0,Federal-gov,Married-civ-spouse,Priv-house-serv,White,Male,United-States,growing-spheres,0
41.0,10.0,3019,2321.0,44.0,Private,Married-civ-spouse,Armed-Forces,White,Male,United-States,growing-spheres,1
38.0,10.0,4862,2039.0,59.0,?,Married-AF-spouse,?,White,Male,United-States,growing-spheres,1
34.0,9.0,0,1932.0,57.0,Federal-gov,Divorced,Handlers-cleaners,White,Male,United-States,growing-spheres,0
42.0,8.0,0,1831.0,59.0,Federal-gov,Married-civ-spouse,?,White,Male,United-States,growing-spheres,0
38.0,8.0,0,1432.0,63.0,?,Married-AF-spouse,Farming-fishing,White,Male,United-States,growing-spheres,0
41.0,9.0,0,1882.0,55.0,Federal-gov,Divorced,Adm-clerical,White,Male,United-States,growing-spheres,0
39.0,9.0,381,2025.0,59.0,Local-gov,Divorced,Armed-Forces,White,Male,United-States,growing-spheres,0
37.0,9.0,1284,1778.0,68.0,Federal-gov,Never-married,Exec-managerial,White,Male,United-States,growing-spheres,1
40.0,10.0,5228,1523.0,66.0,?,Married-civ-spouse,Handlers-cleaners,White,Male,United-States,growing-spheres,1
39.0,11.0,6162,2223.0,68.0,Federal-gov,Married-AF-spouse,?,White,Male,United-States,growing-spheres,1
29.0,9.0,8848,1902.0,60.0,?,Married-civ-spouse,Adm-clerical,White,Male,United-States,growing-spheres,1
39.0,10.0,4001,1977.0,59.0,Federal-gov,Divorced,Adm-clerical,White,Male,United-States,growing-spheres,1
38.0,9.0,0,1906.0,60.0,Federal-gov,Married-civ-spouse,?,White,Male,United-States,growing-spheres,1
41.0,9.0,0,2025.0,60.0,Federal-gov,Married-AF-spouse,Exec-managerial,White,Male,United-States,growing-spheres,1
38.0,9.0,0,1943.0,60.0,Federal-gov,Married-spouse-absent,?,White,Male,United-States,growing-spheres,0
38.0,11.0,10802,2138.0,53.0,?,Divorced,Exec-managerial,White,Male,United-States,growing-spheres,1
37.0,9.0,3882,1612.0,55.0,?,Married-AF-spouse,Adm-clerical,White,Male,United-States,growing-spheres,1
38.0,10.0,1361,1985.0,58.0,Federal-gov,Divorced,Handlers-cleaners,White,Male,United-States,growing-spheres,0
39.0,9.0,0,0.0,39.0,Private,Married-civ-spouse,Handlers-cleaners,White,Male,United-States,face,0
39.0,9.0,0,0.0,48.0,Private,Married-civ-spouse,Handlers-cleaners,White,Male,United-States,face,0
31.0,9.0,0,0.0,54.0,Private,Married-civ-spouse,Handlers-cleaners,White,Male,United-States,face,0
30.0,11.0,0,0.0,52.0,Private,Married-civ-spouse,Handlers-cleaners,White,Male,United-States,face,0
29.0,10.0,0,0.0,59.0,Private,Married-civ-spouse,Handlers-cleaners,White,Male,United-States,face,0
23.0,11.0,0,0.0,25.0,Federal-gov,Married-civ-spouse,Handlers-cleaners,White,Male,United-States,face,0
30.0,11.0,0,0.0,52.0,Private,Married-civ-spouse,Handlers-cleaners,White,Male,United-States,face,0
30.0,9.0,0,0.0,50.0,Private,Married-civ-spouse,Handlers-cleaners,White,Male,United-States,face,0
29.0,10.0,0,0.0,59.0,Private,Married-civ-spouse,Handlers-cleaners,White,Male,United-States,face,0
34.0,9.0,0,0.0,69.0,Private,Married-civ-spouse,Handlers-cleaners,White,Male,United-States,face,0
