age,education.num,capital.gain,capital.loss,hours.per.week,workclass,marital.status,occupation,race,sex,native.country,explainer,income
36,13.0,35418.0,0.0,35.0,Local-gov,Divorced,Adm-clerical,White,Female,Honduras,dice,1
36,13.0,60438.0,0.0,35.0,Local-gov,Divorced,Transport-moving,White,Female,Honduras,dice,1
36,13.0,33993.0,2882.0,35.0,Local-gov,Divorced,Adm-clerical,White,Female,Honduras,dice,1
36,13.0,64039.0,0.0,35.0,Local-gov,Divorced,Adm-clerical,White,Female,Honduras,dice,1
36,13.0,73412.0,0.0,35.0,Local-gov,Separated,Adm-clerical,White,Female,Honduras,dice,1
36,13.0,72966.0,0.0,63.0,Local-gov,Divorced,Adm-clerical,White,Female,Honduras,dice,1
36,13.0,64620.0,0.0,35.0,Local-gov,Divorced,Adm-clerical,White,Female,Honduras,dice,1
36,13.0,96084.0,0.0,35.0,Local-gov,Divorced,Transport-moving,White,Female,Honduras,dice,1
36,13.0,52724.0,0.0,35.0,Local-gov,Divorced,Adm-clerical,White,Female,Honduras,dice,1
36,15.0,28678.0,0.0,35.0,Local-gov,Divorced,Adm-clerical,White,Female,Honduras,dice,1
36,13.0,64558.0,229.0,35.0,Local-gov,Divorced,Adm-clerical,White,Female,Honduras,dice,1
36,13.0,31901.0,0.0,35.0,Without-pay,Divorced,Adm-clerical,White,Female,Honduras,dice,1
36,4.0,60695.0,0.0,35.0,Local-gov,Divorced,Adm-clerical,White,Female,Honduras,dice,1
36,13.0,52444.0,0.0,35.0,Local-gov,Divorced,Adm-clerical,White,Female,Honduras,dice,1
36,13.0,64978.0,0.0,35.0,Local-gov,Divorced,Armed-Forces,White,Female,Honduras,dice,1
36,13.0,81177.0,0.0,35.0,Local-gov,Married-spouse-absent,Adm-clerical,White,Female,Honduras,dice,1
36,13.0,65782.0,0.0,35.0,Local-gov,Divorced,Prof-specialty,White,Female,Honduras,dice,1
36,13.0,42470.0,0.0,35.0,Self-emp-not-inc,Divorced,Adm-clerical,White,Female,Honduras,dice,1
36,5.0,44101.0,0.0,35.0,Local-gov,Divorced,Adm-clerical,White,Female,Honduras,dice,1
36,13.0,40969.0,588.0,35.0,Local-gov,Divorced,Adm-clerical,White,Female,Honduras,dice,1
36,13.0,14981.0,0.0,49.0,Local-gov,Divorced,Adm-clerical,White,Female,Honduras,cadex,1
36,13.0,19799.0,0.0,35.0,Local-gov,Divorced,Adm-clerical,White,Female,Honduras,cadex,1
44,15.0,20307.0,170.0,42.0,Private,Married-civ-spouse,Tech-support,White,Female,Honduras,fimap,1
45,14.0,13785.0,94.0,40.0,Private,Married-civ-spouse,Prof-specialty,White,Female,Honduras,fimap,1
45,15.0,16261.0,116.0,41.0,Private,Married-civ-spouse,Other-service,White,Female,Honduras,fimap,1
45,15.0,13398.0,595.0,47.0,Local-gov,Divorced,Adm-clerical,White,Female,Honduras,cadex,1
45,15.0,13403.0,0.0,47.0,Local-gov,Divorced,Adm-clerical,White,Female,Honduras,cadex,1
45,14.0,13122.0,90.0,40.0,Private,Married-civ-spouse,Handlers-cleaners,White,Female,Honduras,fimap,1
45,15.0,13746.0,0.0,48.0,Local-gov,Divorced,Adm-clerical,White,Female,Honduras,cadex,1
45,13.0,13780.0,0.0,48.0,Local-gov,Divorced,Adm-clerical,White,Female,Honduras,cadex,1
46,13.0,14425.0,0.0,48.0,Local-gov,Divorced,Adm-clerical,White,Female,Honduras,cadex,1
46,13.0,14964.0,0.0,49.0,Local-gov,Divorced,Adm-clerical,White,Female,Honduras,cadex,1
47,16.0,24848.0,213.0,44.0,Private,Married-civ-spouse,Exec-managerial,White,Female,Honduras,fimap,1
49,15.0,17118.0,121.0,41.0,Private,Married-civ-spouse,Prof-specialty,White,Female,Honduras,fimap,1
36,13.0,16756.0,0.0,35.0,Local-gov,Divorced,Adm-clerical,White,Female,Honduras,cem,1
37,12.0,41132.0,2699.0,54.0,Self-emp-inc,Married-spouse-absent,Other-service,Other,Female,Ecuador,cfproto,1
30,13.0,64559.0,3545.0,72.0,Without-pay,Married-spouse-absent,Other-service,Other,Female,Honduras,cfproto,1
36,13.0,34399.0,0.0,35.0,Self-emp-inc,Divorced,Adm-clerical,White,Female,Dominican-Republic,cfproto,1
17,16.0,99999.0,3265.0,99.0,?,Married-spouse-absent,Protective-serv,Other,Female,Outlying-US(Guam-USVI-etc),cfproto,1
20,15.0,91600.0,4227.0,92.0,?,Married-spouse-absent,Protective-serv,Other,Female,Outlying-US(Guam-USVI-etc),cfproto,1
36,13.0,18050.0,0.0,35.0,Self-emp-inc,Divorced,Adm-clerical,White,Female,Guatemala,cfproto,1
40,14.0,60318.0,0.0,35.0,Self-emp-inc,Divorced,Other-service,White,Female,Cuba,cfproto,1
37,13.0,47835.0,0.0,35.0,Self-emp-inc,Divorced,Adm-clerical,White,Female,Dominican-Republic,cfproto,1
39,12.0,28704.0,2204.0,45.0,Self-emp-inc,Married-spouse-absent,Adm-clerical,Other,Female,Scotland,cfproto,1
36,13.0,17567.0,0.0,36.0,Local-gov,Divorced,Adm-clerical,White,Female,Honduras,cfproto,1
36,11.0,45140.0,70.0,66.0,?,Married-AF-spouse,Adm-clerical,White,Female,Honduras,growing-spheres,1
28,14.0,44122.0,0.0,49.0,Federal-gov,Divorced,Adm-clerical,White,Female,Honduras,growing-spheres,1
47,13.0,51896.0,956.0,38.0,Never-worked,Married-AF-spouse,?,White,Female,Honduras,growing-spheres,1
54,14.0,38681.0,350.0,53.0,Local-gov,Divorced,Adm-clerical,White,Female,Honduras,growing-spheres,1
39,12.0,14283.0,340.0,54.0,?,Married-AF-spouse,Adm-clerical,White,Female,Honduras,growing-spheres,1
40,10.0,43276.0,0.0,27.0,Local-gov,Married-civ-spouse,?,White,Female,Honduras,growing-spheres,1
46,12.0,36073.0,129.0,32.0,Self-emp-inc,Divorced,?,White,Female,Honduras,growing-spheres,1
51,11.0,35577.0,59.0,41.0,Federal-gov,Separated,?,White,Female,Honduras,growing-spheres,1
38,15.0,32317.0,0.0,13.0,?,Married-AF-spouse,Adm-clerical,White,Female,Honduras,growing-spheres,1
52,10.0,42581.0,1239.0,37.0,Local-gov,Divorced,Craft-repair,White,Female,Honduras,growing-spheres,1
41,13.0,25977.0,755.0,38.0,?,Divorced,Exec-managerial,White,Female,Honduras,growing-spheres,1
31,16.0,29321.0,0.0,21.0,Self-emp-not-inc,Married-AF-spouse,Exec-managerial,White,Female,Honduras,growing-spheres,1
47,14.0,4698.0,563.0,36.0,Federal-gov,Married-AF-spouse,Craft-repair,White,Female,Honduras,growing-spheres,1
42,15.0,47031.0,0.0,43.0,Local-gov,Divorced,Craft-repair,White,Female,Honduras,growing-spheres,1
31,12.0,29204.0,524.0,24.0,Federal-gov,Married-AF-spouse,Machine-op-inspct,White,Female,Honduras,growing-spheres,1
30,12.0,26454.0,1569.0,70.0,Local-gov,Divorced,Exec-managerial,White,Female,Honduras,growing-spheres,1
42,15.0,25932.0,0.0,13.0,?,Married-AF-spouse,Adm-clerical,White,Female,Honduras,growing-spheres,1
46,9.0,52479.0,0.0,40.0,Never-worked,Married-spouse-absent,Tech-support,White,Female,Honduras,growing-spheres,1
34,15.0,45621.0,290.0,11.0,Federal-gov,Married-civ-spouse,Craft-repair,White,Female,Honduras,growing-spheres,1
32,13.0,17150.0,0.0,55.0,Federal-gov,Divorced,Adm-clerical,White,Female,Honduras,growing-spheres,1
32,13.0,0.0,0.0,39.0,Local-gov,Married-civ-spouse,Adm-clerical,White,Female,United-States,face,1
59,10.0,0.0,0.0,34.0,Local-gov,Married-civ-spouse,Adm-clerical,White,Female,United-States,face,1
40,13.0,8614.0,0.0,39.0,Local-gov,Divorced,Tech-support,White,Female,England,face,1
46,13.0,99999.0,0.0,39.0,Local-gov,Divorced,Adm-clerical,White,Female,United-States,face,1
32,13.0,0.0,0.0,39.0,Local-gov,Married-civ-spouse,Adm-clerical,White,Female,United-States,face,1
40,9.0,0.0,0.0,39.0,Local-gov,Married-civ-spouse,Adm-clerical,White,Female,United-States,face,1
31,12.0,0.0,0.0,34.0,Local-gov,Married-civ-spouse,Adm-clerical,White,Female,United-States,face,1
46,14.0,5455.0,0.0,44.0,Local-gov,Divorced,Prof-specialty,White,Female,United-States,face,1
32,13.0,0.0,0.0,34.0,Private,Married-civ-spouse,Adm-clerical,White,Female,?,face,1
40,10.0,0.0,0.0,39.0,Local-gov,Married-civ-spouse,Adm-clerical,White,Female,United-States,face,1
