age,education.num,capital.gain,capital.loss,hours.per.week,workclass,marital.status,occupation,race,sex,native.country,explainer,income
25.0,5.0,5178.0,0.0,40.0,Private,Married-civ-spouse,Adm-clerical,Black,Male,United-States,dice,0
90.0,5.0,5178.0,1609.0,40.0,Private,Married-civ-spouse,Adm-clerical,Black,Male,United-States,dice,0
45.0,5.0,5178.0,0.0,40.0,?,Married-civ-spouse,Farming-fishing,Black,Male,United-States,dice,0
45.0,5.0,5178.0,0.0,25.0,Private,Married-civ-spouse,Adm-clerical,Black,Male,United-States,dice,0
94.0,5.0,5178.0,0.0,40.0,Private,Married-civ-spouse,Transport-moving,Black,Male,United-States,dice,0
45.0,2.0,5178.0,0.0,40.0,Private,Married-civ-spouse,Adm-clerical,Black,Male,United-States,dice,0
45.0,5.0,5178.0,2643.0,40.0,Private,Separated,Adm-clerical,Black,Male,United-States,dice,0
72.0,5.0,5178.0,0.0,40.0,Private,Never-married,Adm-clerical,Black,Male,United-States,dice,0
26.0,5.0,5178.0,0.0,40.0,Private,Married-civ-spouse,Adm-clerical,Black,Male,United-States,dice,0
34.0,5.0,5178.0,0.0,40.0,Private,Divorced,Adm-clerical,Black,Male,United-States,dice,0
87.0,5.0,5178.0,0.0,40.0,Private,Married-civ-spouse,Adm-clerical,Black,Male,United-States,dice,0
45.0,5.0,5178.0,0.0,40.0,Self-emp-not-inc,Never-married,Adm-clerical,Black,Male,United-States,dice,0
75.0,5.0,5178.0,0.0,40.0,Private,Married-civ-spouse,Machine-op-inspct,Black,Male,United-States,dice,0
85.0,5.0,5178.0,0.0,40.0,Private,Separated,Adm-clerical,Black,Male,United-States,dice,0
45.0,5.0,3743.0,0.0,40.0,Private,Married-civ-spouse,Adm-clerical,Black,Male,United-States,dice,0
45.0,5.0,5178.0,0.0,40.0,Self-emp-not-inc,Separated,Adm-clerical,Black,Male,United-States,dice,0
45.0,5.0,5178.0,0.0,40.0,Private,Married-civ-spouse,Armed-Forces,Black,Male,United-States,dice,0
55.0,5.0,5178.0,0.0,40.0,Private,Married-civ-spouse,Armed-Forces,Black,Male,United-States,dice,0
45.0,5.0,5178.0,0.0,40.0,State-gov,Widowed,Adm-clerical,Black,Male,United-States,dice,0
45.0,5.0,19525.0,0.0,40.0,Without-pay,Married-civ-spouse,Adm-clerical,Black,Male,United-States,dice,0
41.0,4.0,178.0,0.0,35.0,Private,Married-civ-spouse,Adm-clerical,Black,Male,United-States,cadex,0
44.0,5.0,6087.0,7.0,40.0,Private,Married-civ-spouse,Farming-fishing,Black,Male,United-States,fimap,0
44.0,5.0,6467.0,10.0,40.0,Private,Married-civ-spouse,Machine-op-inspct,Black,Male,United-States,fimap,1
44.0,5.0,6457.0,12.0,40.0,Private,Married-civ-spouse,Handlers-cleaners,Black,Male,United-States,fimap,0
45.0,4.0,178.0,0.0,35.0,Private,Married-civ-spouse,Adm-clerical,Black,Male,United-States,cadex,0
45.0,4.0,178.0,0.0,35.0,Private,Married-civ-spouse,Adm-clerical,Black,Male,United-States,cadex,0
45.0,4.0,178.0,0.0,40.0,Private,Married-civ-spouse,Adm-clerical,Black,Male,United-States,cadex,0
45.0,5.0,178.0,0.0,40.0,Private,Married-civ-spouse,Adm-clerical,Black,Male,United-States,cadex,0
45.0,5.0,6253.0,15.0,39.0,Private,Married-civ-spouse,Prof-specialty,Black,Male,United-States,fimap,1
45.0,4.0,6101.0,0.0,38.0,Private,Married-civ-spouse,Protective-serv,Black,Male,United-States,fimap,1
46.0,4.0,5112.0,6.0,38.0,Private,Married-civ-spouse,Exec-managerial,Black,Male,United-States,fimap,1
46.0,5.0,3559.0,0.0,39.0,Private,Married-civ-spouse,Adm-clerical,Black,Male,United-States,wachter,0
44.0,4.0,3784.0,0.0,40.0,Private,Married-civ-spouse,Adm-clerical,Black,Male,United-States,wachter,0
44.0,4.0,3848.0,0.0,39.0,Private,Married-civ-spouse,Adm-clerical,Black,Male,United-States,wachter,0
44.0,5.0,3650.0,0.0,40.0,Private,Married-civ-spouse,Adm-clerical,Black,Male,United-States,wachter,0
45.0,4.0,3670.0,0.0,39.0,Private,Married-civ-spouse,Adm-clerical,Black,Male,United-States,wachter,0
44.0,5.0,3715.0,0.0,40.0,Private,Married-civ-spouse,Adm-clerical,Black,Male,United-States,wachter,0
44.0,5.0,3723.0,0.0,39.0,Private,Married-civ-spouse,Adm-clerical,Black,Male,United-States,wachter,0
45.0,5.0,3379.0,0.0,40.0,Private,Married-civ-spouse,Adm-clerical,Black,Male,United-States,wachter,0
44.0,5.0,3589.0,0.0,39.0,Private,Married-civ-spouse,Adm-clerical,Black,Male,United-States,wachter,0
45.0,5.0,3737.0,0.0,40.0,Private,Married-civ-spouse,Adm-clerical,Black,Male,United-States,wachter,0
45.0,4.0,5178.0,0.0,32.0,Private,Married-civ-spouse,Adm-clerical,Black,Male,United-States,cem,0
45.0,5.0,5178.0,0.0,40.0,State-gov,Married-civ-spouse,Other-service,Black,Male,Thailand,cfproto,0
45.0,5.0,5178.0,0.0,40.0,Private,Married-civ-spouse,Other-service,Black,Male,United-States,cfproto,0
45.0,5.0,5178.0,0.0,40.0,Private,Married-civ-spouse,Other-service,Black,Male,United-States,cfproto,0
45.0,5.0,5178.0,0.0,40.0,State-gov,Married-civ-spouse,Adm-clerical,Black,Male,Cuba,cfproto,0
45.0,5.0,5178.0,0.0,40.0,Self-emp-not-inc,Married-civ-spouse,Other-service,Black,Male,South,cfproto,0
45.0,4.0,0.0,0.0,38.0,Self-emp-inc,Married-civ-spouse,Priv-house-serv,Black,Male,South,cfproto,0
45.0,5.0,5178.0,0.0,40.0,Private,Married-civ-spouse,Other-service,Black,Male,United-States,cfproto,0
45.0,5.0,4410.0,0.0,40.0,Self-emp-inc,Married-civ-spouse,Priv-house-serv,Black,Male,Hong,cfproto,0
45.0,5.0,5178.0,0.0,40.0,Without-pay,Married-civ-spouse,Other-service,Black,Male,Ireland,cfproto,0
45.0,5.0,5178.0,0.0,40.0,Private,Married-civ-spouse,Other-service,Black,Male,United-States,cfproto,0
48.0,4.0,0.0,68.0,35.0,Local-gov,Divorced,Adm-clerical,Black,Male,United-States,growing-spheres,0
49.0,6.0,0.0,0.0,39.0,Federal-gov,Married-AF-spouse,Adm-clerical,Black,Male,United-States,growing-spheres,0
40.0,5.0,3217.0,0.0,43.0,Local-gov,Married-civ-spouse,Adm-clerical,Black,Male,United-States,growing-spheres,0
45.0,4.0,5366.0,0.0,40.0,Private,Divorced,?,Black,Male,United-States,growing-spheres,0
48.0,5.0,5606.0,230.0,41.0,Private,Married-civ-spouse,?,Black,Male,United-States,growing-spheres,0
45.0,5.0,5166.0,0.0,39.0,Federal-gov,Separated,Adm-clerical,Black,Male,United-States,growing-spheres,0
45.0,5.0,2163.0,0.0,39.0,Private,Married-civ-spouse,Adm-clerical,Black,Male,United-States,growing-spheres,0
49.0,4.0,13893.0,335.0,36.0,Never-worked,Married-civ-spouse,Armed-Forces,Black,Male,United-States,growing-spheres,0
42.0,4.0,9473.0,239.0,39.0,Federal-gov,Married-civ-spouse,Adm-clerical,Black,Male,United-States,growing-spheres,1
46.0,4.0,1847.0,42.0,40.0,Federal-gov,Divorced,Adm-clerical,Black,Male,United-States,growing-spheres,0
43.0,4.0,5389.0,11.0,39.0,Local-gov,Married-AF-spouse,Adm-clerical,Black,Male,United-States,growing-spheres,0
43.0,6.0,491.0,275.0,43.0,Private,Married-civ-spouse,Adm-clerical,Black,Male,United-States,growing-spheres,0
43.0,5.0,9831.0,139.0,37.0,?,Separated,Adm-clerical,Black,Male,United-States,growing-spheres,0
47.0,5.0,5275.0,0.0,42.0,Private,Married-civ-spouse,Adm-clerical,Black,Male,United-States,growing-spheres,1
45.0,4.0,3595.0,69.0,39.0,?,Divorced,?,Black,Male,United-States,growing-spheres,0
45.0,4.0,2892.0,41.0,40.0,Federal-gov,Married-civ-spouse,Adm-clerical,Black,Male,United-States,growing-spheres,0
43.0,4.0,4363.0,10.0,39.0,Local-gov,Married-civ-spouse,Adm-clerical,Black,Male,United-States,growing-spheres,0
47.0,5.0,0.0,0.0,37.0,?,Married-civ-spouse,Adm-clerical,Black,Male,United-States,growing-spheres,0
45.0,4.0,4985.0,12.0,39.0,?,Married-civ-spouse,Adm-clerical,Black,Male,United-States,growing-spheres,1
44.0,4.0,7690.0,4.0,38.0,Local-gov,Married-AF-spouse,?,Black,Male,United-States,growing-spheres,0
45.0,5.0,5178.0,0.0,39.0,Private,Married-civ-spouse,Adm-clerical,Black,Male,United-States,actionable-recourse,1
28.0,9.0,0.0,0.0,39.0,Private,Married-civ-spouse,Adm-clerical,Black,Male,United-States,face,0
50.0,6.0,0.0,0.0,39.0,Private,Married-civ-spouse,Other-service,Black,Male,United-States,face,0
54.0,9.0,0.0,0.0,19.0,Private,Married-civ-spouse,Adm-clerical,Black,Male,United-States,face,0
42.0,8.0,0.0,0.0,39.0,Private,Married-civ-spouse,Adm-clerical,Black,Male,United-States,face,0
42.0,6.0,0.0,0.0,39.0,Private,Married-civ-spouse,Handlers-cleaners,Black,Male,United-States,face,0
55.0,6.0,0.0,0.0,39.0,Private,Married-civ-spouse,Adm-clerical,Black,Male,United-States,face,0
48.0,6.0,0.0,0.0,39.0,Private,Married-civ-spouse,Machine-op-inspct,Black,Male,United-States,face,0
48.0,6.0,0.0,0.0,39.0,Private,Married-civ-spouse,Transport-moving,Black,Male,United-States,face,0
42.0,9.0,0.0,0.0,39.0,Private,Married-civ-spouse,Other-service,Black,Male,United-States,face,0
33.0,10.0,0.0,0.0,39.0,Private,Married-civ-spouse,Adm-clerical,Black,Male,United-States,face,0
