age,education.num,capital.gain,capital.loss,hours.per.week,workclass,marital.status,occupation,race,sex,native.country,explainer,income
31,6.0,49150.0,0.0,40,State-gov,Never-married,Other-service,White,Female,United-States,dice,1
31,6.0,51041.0,0.0,40,Private,Never-married,Other-service,White,Female,United-States,dice,1
31,6.0,37867.0,0.0,40,Private,Never-married,Tech-support,White,Female,United-States,dice,1
31,6.0,71502.0,0.0,40,Private,Never-married,Other-service,White,Female,United-States,dice,1
31,6.0,49116.0,0.0,40,Private,Never-married,?,White,Female,United-States,dice,1
31,6.0,78424.0,0.0,40,Private,Never-married,Other-service,White,Female,United-States,dice,1
31,6.0,69785.0,0.0,40,Private,Widowed,Other-service,White,Female,United-States,dice,1
31,6.0,70957.0,3217.0,40,Private,Never-married,Other-service,White,Female,United-States,dice,1
31,6.0,17712.0,0.0,40,Private,Never-married,Other-service,White,Female,United-States,dice,1
31,6.0,97449.0,0.0,40,Private,Never-married,Prof-specialty,White,Female,United-States,dice,1
31,6.0,67605.0,0.0,40,Private,Never-married,Other-service,White,Female,United-States,dice,1
31,6.0,41860.0,0.0,40,Local-gov,Never-married,Other-service,White,Female,United-States,dice,1
31,6.0,22599.0,0.0,40,Private,Never-married,Other-service,White,Female,United-States,dice,1
31,6.0,56717.0,0.0,40,Private,Widowed,Other-service,White,Female,United-States,dice,1
31,6.0,58647.0,0.0,40,State-gov,Never-married,Other-service,White,Female,United-States,dice,1
31,10.0,45305.0,0.0,40,Private,Never-married,Other-service,White,Female,United-States,dice,1
31,6.0,67103.0,0.0,40,Private,Never-married,Other-service,White,Female,United-States,dice,1
31,6.0,89071.0,0.0,40,Private,Never-married,Priv-house-serv,White,Female,United-States,dice,1
31,6.0,30748.0,0.0,40,Private,Never-married,Craft-repair,White,Female,United-States,dice,1
31,6.0,45511.0,0.0,40,Private,Married-civ-spouse,Other-service,White,Female,United-States,dice,1
31,6.0,19759.0,0.0,40,Private,Never-married,Other-service,White,Female,United-States,cadex,1
34,8.0,18919.0,135.0,47,Private,Married-civ-spouse,Sales,White,Female,United-States,fimap,1
36,7.0,7890.0,54.0,42,Private,Married-civ-spouse,Sales,White,Female,United-States,fimap,1
37,7.0,8366.0,56.0,43,Private,Married-civ-spouse,Machine-op-inspct,White,Female,United-States,fimap,1
37,7.0,8292.0,56.0,42,Private,Married-civ-spouse,Prof-specialty,White,Female,United-States,fimap,1
38,8.0,18380.0,148.0,47,Private,Married-civ-spouse,Prof-specialty,White,Female,United-States,fimap,1
38,7.0,10296.0,69.0,43,Private,Married-civ-spouse,Other-service,White,Female,United-States,fimap,1
39,7.0,13204.0,610.0,51,Private,Never-married,Other-service,White,Female,United-States,cadex,1
39,7.0,13371.0,0.0,51,Private,Never-married,Other-service,White,Female,United-States,cadex,1
39,7.0,13733.0,0.0,52,Private,Never-married,Other-service,White,Female,United-States,cadex,1
40,8.0,14161.0,0.0,53,Private,Never-married,Other-service,White,Female,United-States,cadex,1
40,8.0,14322.0,0.0,40,Private,Never-married,Other-service,White,Female,United-States,cadex,1
41,8.0,14901.0,0.0,40,Private,Never-married,Other-service,White,Female,United-States,cadex,1
41,6.0,14956.0,0.0,40,Private,Never-married,Other-service,White,Female,United-States,cadex,1
31,5.0,15972.0,0.0,39,Private,Never-married,Other-service,White,Female,United-States,wachter,0
31,5.0,12465.0,0.0,65,Private,Never-married,Other-service,White,Female,United-States,wachter,0
31,6.0,15894.0,0.0,40,Private,Never-married,Other-service,White,Female,United-States,wachter,1
31,6.0,15906.0,0.0,39,Private,Never-married,Other-service,White,Female,United-States,wachter,1
30,5.0,15929.0,0.0,40,Private,Never-married,Other-service,White,Female,United-States,wachter,0
30,5.0,15883.0,0.0,40,Private,Never-married,Other-service,White,Female,United-States,wachter,0
30,6.0,11538.0,0.0,56,Private,Never-married,Other-service,White,Female,United-States,wachter,0
30,5.0,15911.0,0.0,40,Private,Never-married,Other-service,White,Female,United-States,wachter,0
31,8.0,8042.0,1.0,75,Private,Never-married,Other-service,White,Female,United-States,wachter,0
30,6.0,15893.0,0.0,40,Private,Never-married,Other-service,White,Female,United-States,wachter,1
31,6.0,17854.0,0.0,40,Private,Never-married,Other-service,White,Female,United-States,cem,1
31,6.0,23498.0,0.0,40,Private,Never-married,Other-service,White,Female,Trinadad&Tobago,cfproto,1
31,6.0,32430.0,0.0,40,Private,Never-married,Other-service,White,Female,Outlying-US(Guam-USVI-etc),cfproto,1
31,6.0,33270.0,0.0,40,Private,Never-married,Other-service,White,Female,Outlying-US(Guam-USVI-etc),cfproto,1
31,6.0,28121.0,0.0,40,Private,Never-married,Other-service,White,Female,United-States,cfproto,1
31,6.0,33627.0,0.0,40,Private,Never-married,Other-service,White,Female,Outlying-US(Guam-USVI-etc),cfproto,1
31,6.0,23498.0,0.0,40,Private,Never-married,Other-service,White,Female,Trinadad&Tobago,cfproto,1
23,10.0,26471.0,0.0,15,Federal-gov,Married-AF-spouse,Craft-repair,White,Female,United-States,growing-spheres,1
52,6.0,38955.0,784.0,40,Self-emp-not-inc,Married-civ-spouse,?,White,Female,United-States,growing-spheres,1
21,8.0,21513.0,69.0,45,?,Divorced,Handlers-cleaners,White,Female,United-States,growing-spheres,1
42,8.0,35923.0,210.0,2,Self-emp-not-inc,Married-civ-spouse,Adm-clerical,White,Female,United-States,growing-spheres,1
42,7.0,28037.0,405.0,37,Self-emp-not-inc,Married-AF-spouse,?,White,Female,United-States,growing-spheres,1
39,6.0,48483.0,552.0,42,?,Divorced,?,White,Female,United-States,growing-spheres,1
50,6.0,36496.0,587.0,47,?,Married-civ-spouse,Craft-repair,White,Female,United-States,growing-spheres,1
17,8.0,22441.0,0.0,54,Private,Married-AF-spouse,Adm-clerical,White,Female,United-States,growing-spheres,1
17,10.0,38018.0,0.0,30,?,Married-AF-spouse,?,White,Female,United-States,growing-spheres,1
27,6.0,42895.0,1507.0,48,Private,Married-civ-spouse,Adm-clerical,White,Female,United-States,growing-spheres,1
43,8.0,19488.0,0.0,46,Private,Divorced,Armed-Forces,White,Female,United-States,growing-spheres,1
51,7.0,19924.0,879.0,34,?,Married-civ-spouse,Adm-clerical,White,Female,United-States,growing-spheres,1
49,7.0,29770.0,0.0,65,Federal-gov,Married-AF-spouse,?,White,Female,United-States,growing-spheres,1
37,6.0,34226.0,356.0,48,Federal-gov,Divorced,?,White,Female,United-States,growing-spheres,1
30,10.0,32592.0,282.0,26,Federal-gov,Married-AF-spouse,Farming-fishing,White,Female,United-States,growing-spheres,1
41,7.0,4249.0,214.0,14,?,Married-AF-spouse,Other-service,White,Female,United-States,growing-spheres,0
31,7.0,33724.0,0.0,24,?,Married-AF-spouse,?,White,Female,United-States,growing-spheres,1
39,10.0,32176.0,748.0,23,Self-emp-inc,Married-AF-spouse,Adm-clerical,White,Female,United-States,growing-spheres,1
52,10.0,19570.0,0.0,6,?,Married-AF-spouse,Adm-clerical,White,Female,United-States,growing-spheres,1
37,7.0,42695.0,405.0,33,?,Divorced,?,White,Female,United-States,growing-spheres,1
35,12.0,0.0,0.0,34,Private,Married-civ-spouse,Other-service,White,Female,United-States,face,1
37,12.0,0.0,0.0,25,Private,Married-civ-spouse,Other-service,White,Female,United-States,face,1
31,13.0,14344.0,0.0,50,Private,Never-married,Exec-managerial,White,Female,United-States,face,1
42,9.0,8614.0,0.0,43,Private,Never-married,Adm-clerical,White,Female,United-States,face,1
29,13.0,14344.0,0.0,39,Private,Never-married,Prof-specialty,White,Female,United-States,face,1
39,10.0,13549.0,0.0,44,Private,Never-married,Adm-clerical,White,Female,United-States,face,1
29,13.0,14344.0,0.0,39,Private,Never-married,Prof-specialty,White,Female,United-States,face,1
29,12.0,8614.0,0.0,39,Private,Never-married,Prof-specialty,White,Female,United-States,face,1
37,9.0,14083.0,0.0,34,Private,Never-married,Tech-support,White,Female,United-States,face,1
28,11.0,3137.0,0.0,39,Private,Married-civ-spouse,Other-service,White,Female,United-States,face,1
