age,education.num,capital.gain,capital.loss,hours.per.week,workclass,marital.status,occupation,race,sex,native.country,explainer,income
97.0,11.0,7688.0,0.0,36.0,Local-gov,Married-civ-spouse,Farming-fishing,White,Female,United-States,dice,0
28.0,13.0,7688.0,0.0,36.0,Local-gov,Divorced,Prof-specialty,White,Female,United-States,dice,0
28.0,11.0,263.0,0.0,36.0,Local-gov,Married-spouse-absent,Prof-specialty,White,Female,United-States,dice,0
28.0,11.0,7688.0,0.0,81.0,Without-pay,Married-civ-spouse,Prof-specialty,White,Female,United-States,dice,0
28.0,4.0,7688.0,0.0,10.0,Local-gov,Married-civ-spouse,Prof-specialty,White,Female,United-States,dice,0
28.0,7.0,7688.0,0.0,36.0,Local-gov,Widowed,Prof-specialty,White,Female,United-States,dice,0
28.0,11.0,7688.0,0.0,31.0,Local-gov,Separated,Prof-specialty,White,Female,United-States,dice,0
28.0,11.0,7688.0,0.0,36.0,Without-pay,Divorced,Prof-specialty,White,Female,United-States,dice,0
28.0,11.0,7688.0,222.0,36.0,Local-gov,Never-married,Prof-specialty,White,Female,United-States,dice,0
28.0,4.0,6120.0,0.0,36.0,Local-gov,Married-civ-spouse,Prof-specialty,White,Female,United-States,dice,0
28.0,11.0,7688.0,1826.0,36.0,Without-pay,Married-civ-spouse,Prof-specialty,White,Female,United-States,dice,0
81.0,11.0,1791.0,0.0,36.0,Local-gov,Married-civ-spouse,Prof-specialty,White,Female,United-States,dice,0
28.0,6.0,7688.0,0.0,36.0,Never-worked,Married-civ-spouse,Prof-specialty,White,Female,United-States,dice,0
28.0,11.0,7688.0,0.0,36.0,Local-gov,Married-civ-spouse,Farming-fishing,White,Female,United-States,dice,0
28.0,11.0,7688.0,1742.0,36.0,Local-gov,Married-spouse-absent,Prof-specialty,White,Female,United-States,dice,0
28.0,11.0,7688.0,0.0,36.0,Local-gov,Separated,Prof-specialty,White,Female,United-States,dice,0
28.0,11.0,7688.0,0.0,36.0,?,Widowed,Prof-specialty,White,Female,United-States,dice,0
28.0,11.0,7688.0,0.0,36.0,Local-gov,Married-spouse-absent,Protective-serv,White,Female,United-States,dice,0
28.0,11.0,7688.0,0.0,36.0,Local-gov,Married-spouse-absent,Transport-moving,White,Female,United-States,dice,0
28.0,11.0,7688.0,0.0,36.0,Without-pay,Married-civ-spouse,Prof-specialty,White,Female,United-States,dice,0
18.0,8.0,0.0,0.0,29.0,Private,Married-civ-spouse,Sales,White,Female,United-States,fimap,0
18.0,8.0,0.0,0.0,30.0,Private,Married-civ-spouse,Prof-specialty,White,Female,United-States,fimap,0
20.0,9.0,0.0,0.0,36.0,Local-gov,Married-civ-spouse,Prof-specialty,White,Female,United-States,cadex,0
21.0,9.0,0.0,0.0,36.0,Local-gov,Married-civ-spouse,Prof-specialty,White,Female,United-States,cadex,0
21.0,9.0,0.0,0.0,36.0,Local-gov,Married-civ-spouse,Prof-specialty,White,Female,United-States,cadex,0
21.0,9.0,0.0,0.0,26.0,Local-gov,Married-civ-spouse,Prof-specialty,White,Female,United-States,cadex,0
21.0,9.0,0.0,0.0,27.0,Local-gov,Married-civ-spouse,Prof-specialty,White,Female,United-States,cadex,0
22.0,9.0,721.0,0.0,32.0,Private,Married-civ-spouse,Protective-serv,White,Female,United-States,fimap,0
26.0,10.0,2814.0,0.0,33.0,Private,Never-married,Adm-clerical,White,Female,United-States,fimap,0
26.0,10.0,3592.0,0.0,33.0,Private,Married-civ-spouse,Farming-fishing,White,Female,United-States,fimap,0
26.0,10.0,3092.0,0.0,33.0,Private,Married-civ-spouse,Handlers-cleaners,White,Female,United-States,fimap,0
28.0,9.0,0.0,0.0,36.0,Local-gov,Married-civ-spouse,Prof-specialty,White,Female,United-States,cadex,0
28.0,11.0,0.0,0.0,36.0,Local-gov,Married-civ-spouse,Prof-specialty,White,Female,United-States,cadex,0
28.0,11.0,0.0,0.0,36.0,Local-gov,Married-civ-spouse,Prof-specialty,White,Female,United-States,cadex,0
24.0,10.0,0.0,0.0,36.0,Local-gov,Married-civ-spouse,Prof-specialty,White,Female,United-States,wachter,0
27.0,10.0,0.0,0.0,35.0,Local-gov,Married-civ-spouse,Prof-specialty,White,Female,United-States,wachter,0
55.0,10.0,0.0,0.0,83.0,Local-gov,Married-civ-spouse,Prof-specialty,White,Female,United-States,wachter,1
26.0,10.0,0.0,0.0,34.0,Local-gov,Married-civ-spouse,Prof-specialty,White,Female,United-States,wachter,0
25.0,10.0,0.0,0.0,35.0,Local-gov,Married-civ-spouse,Prof-specialty,White,Female,United-States,wachter,0
25.0,10.0,0.0,0.0,36.0,Local-gov,Married-civ-spouse,Prof-specialty,White,Female,United-States,wachter,0
24.0,10.0,0.0,0.0,36.0,Local-gov,Married-civ-spouse,Prof-specialty,White,Female,United-States,wachter,0
24.0,10.0,0.0,0.0,36.0,Local-gov,Married-civ-spouse,Prof-specialty,White,Female,United-States,wachter,0
24.0,10.0,0.0,0.0,35.0,Local-gov,Married-civ-spouse,Prof-specialty,White,Female,United-States,wachter,0
25.0,10.0,0.0,0.0,36.0,Local-gov,Married-civ-spouse,Prof-specialty,White,Female,United-States,wachter,0
17.0,11.0,7687.0,0.0,36.0,Local-gov,Married-civ-spouse,Prof-specialty,White,Female,United-States,cem,1
28.0,11.0,9531.0,0.0,36.0,Without-pay,Married-civ-spouse,Sales,White,Female,Yugoslavia,cfproto,0
28.0,11.0,7473.0,0.0,36.0,Without-pay,Married-civ-spouse,Prof-specialty,White,Female,Trinadad&Tobago,cfproto,0
28.0,11.0,8549.0,0.0,36.0,Without-pay,Married-civ-spouse,Protective-serv,White,Female,Laos,cfproto,0
28.0,11.0,9345.0,0.0,36.0,Without-pay,Married-civ-spouse,Other-service,White,Female,Laos,cfproto,0
24.0,10.0,0.0,0.0,34.0,Self-emp-inc,Married-spouse-absent,?,Amer-Indian-Eskimo,Female,Laos,cfproto,0
28.0,11.0,7687.0,0.0,36.0,Without-pay,Married-civ-spouse,Protective-serv,White,Female,Germany,cfproto,0
28.0,11.0,7687.0,0.0,36.0,Without-pay,Married-civ-spouse,Protective-serv,White,Female,China,cfproto,0
28.0,11.0,9531.0,0.0,36.0,Without-pay,Married-civ-spouse,Sales,White,Female,Yugoslavia,cfproto,0
27.0,10.0,4119.0,14.0,38.0,Local-gov,Married-AF-spouse,Priv-house-serv,White,Female,United-States,growing-spheres,0
27.0,11.0,7554.0,1.0,36.0,Local-gov,Divorced,Craft-repair,White,Female,United-States,growing-spheres,0
28.0,11.0,6122.0,120.0,34.0,?,Married-AF-spouse,?,White,Female,United-States,growing-spheres,1
28.0,10.0,10410.0,77.0,33.0,Local-gov,Divorced,?,White,Female,United-States,growing-spheres,0
30.0,9.0,5654.0,8.0,30.0,?,Married-civ-spouse,?,White,Female,United-States,growing-spheres,1
21.0,11.0,7264.0,0.0,42.0,Local-gov,Married-AF-spouse,Priv-house-serv,White,Female,United-States,growing-spheres,0
28.0,11.0,7774.0,0.0,35.0,Local-gov,Married-civ-spouse,Adm-clerical,White,Female,United-States,growing-spheres,1
23.0,10.0,1273.0,0.0,29.0,Local-gov,Married-AF-spouse,Exec-managerial,White,Female,United-States,growing-spheres,0
27.0,12.0,0.0,437.0,40.0,Federal-gov,Married-civ-spouse,Adm-clerical,White,Female,United-States,growing-spheres,1
28.0,10.0,5313.0,172.0,19.0,Local-gov,Divorced,Adm-clerical,White,Female,United-States,growing-spheres,0
33.0,10.0,0.0,519.0,37.0,Federal-gov,Married-civ-spouse,Craft-repair,White,Female,United-States,growing-spheres,0
30.0,10.0,4582.0,0.0,38.0,Self-emp-not-inc,Married-AF-spouse,Craft-repair,White,Female,United-States,growing-spheres,1
36.0,9.0,1618.0,44.0,31.0,Local-gov,Married-civ-spouse,?,White,Female,United-States,growing-spheres,0
26.0,10.0,8643.0,0.0,44.0,Local-gov,Married-civ-spouse,Farming-fishing,White,Female,United-States,growing-spheres,0
30.0,12.0,0.0,424.0,35.0,?,Married-civ-spouse,?,White,Female,United-States,growing-spheres,0
26.0,10.0,3698.0,0.0,36.0,Local-gov,Divorced,?,White,Female,United-States,growing-spheres,0
30.0,11.0,818.0,187.0,38.0,Federal-gov,Married-AF-spouse,?,White,Female,United-States,growing-spheres,1
27.0,11.0,7041.0,0.0,36.0,?,Married-civ-spouse,?,White,Female,United-States,growing-spheres,1
28.0,10.0,8235.0,47.0,36.0,?,Married-AF-spouse,Farming-fishing,White,Female,United-States,growing-spheres,1
31.0,9.0,6697.0,50.0,28.0,Federal-gov,Divorced,Craft-repair,White,Female,United-States,growing-spheres,0
29.0,9.0,2635.0,0.0,39.0,Local-gov,Married-civ-spouse,Other-service,White,Female,United-States,face,0
27.0,12.0,0.0,0.0,39.0,Local-gov,Never-married,Prof-specialty,White,Female,United-States,face,0
28.0,13.0,0.0,0.0,39.0,Local-gov,Never-married,Prof-specialty,White,Female,United-States,face,0
25.0,13.0,0.0,0.0,34.0,Local-gov,Never-married,Prof-specialty,White,Female,United-States,face,0
32.0,14.0,4865.0,0.0,39.0,Local-gov,Never-married,Prof-specialty,White,Female,United-States,face,0
27.0,12.0,0.0,0.0,39.0,Local-gov,Never-married,Prof-specialty,White,Female,United-States,face,0
26.0,13.0,0.0,0.0,39.0,Local-gov,Never-married,Prof-specialty,White,Female,United-States,face,0
36.0,10.0,0.0,0.0,39.0,Local-gov,Married-civ-spouse,Transport-moving,White,Female,United-States,face,0
34.0,13.0,0.0,0.0,39.0,Local-gov,Never-married,Prof-specialty,White,Female,United-States,face,0
27.0,13.0,0.0,0.0,39.0,Local-gov,Never-married,Prof-specialty,White,Female,United-States,face,0
