age,education.num,capital.gain,capital.loss,hours.per.week,workclass,marital.status,occupation,race,sex,native.country,explainer,income
60.0,10.0,0,0.0,8.0,Private,Married-civ-spouse,Exec-managerial,White,Male,United-States,dice,0
60.0,13.0,0,935.0,35.0,Without-pay,Married-civ-spouse,Exec-managerial,White,Male,United-States,dice,0
60.0,8.0,0,0.0,35.0,Without-pay,Married-civ-spouse,Exec-managerial,White,Male,United-States,dice,0
60.0,13.0,0,0.0,35.0,?,Separated,Exec-managerial,White,Male,United-States,dice,0
60.0,10.0,0,0.0,35.0,Private,Married-civ-spouse,Armed-Forces,White,Male,United-States,dice,0
86.0,13.0,0,0.0,35.0,Private,Separated,Exec-managerial,White,Male,United-States,dice,0
60.0,1.0,0,0.0,35.0,Private,Married-civ-spouse,Prof-specialty,White,Male,United-States,dice,0
60.0,13.0,0,0.0,35.0,Private,Married-AF-spouse,Adm-clerical,White,Male,United-States,dice,0
17.0,1.0,0,0.0,35.0,Private,Married-civ-spouse,Exec-managerial,White,Male,United-States,dice,0
60.0,4.0,0,0.0,35.0,Private,Married-spouse-absent,Exec-managerial,White,Male,United-States,dice,0
60.0,13.0,0,0.0,35.0,Self-emp-not-inc,Separated,Exec-managerial,White,Male,United-States,dice,0
60.0,13.0,0,0.0,35.0,Private,Married-spouse-absent,Priv-house-serv,White,Male,United-States,dice,0
60.0,13.0,0,2177.0,35.0,Without-pay,Married-civ-spouse,Exec-managerial,White,Male,United-States,dice,0
60.0,9.0,0,0.0,35.0,Private,Married-spouse-absent,Exec-managerial,White,Male,United-States,dice,0
42.0,13.0,0,0.0,35.0,Private,Divorced,Exec-managerial,White,Male,United-States,dice,0
38.0,13.0,0,0.0,35.0,Private,Married-spouse-absent,Exec-managerial,White,Male,United-States,dice,0
96.0,13.0,0,0.0,35.0,Private,Married-civ-spouse,Exec-managerial,White,Male,United-States,dice,0
60.0,9.0,0,0.0,10.0,Private,Married-civ-spouse,Exec-managerial,White,Male,United-States,dice,0
90.0,13.0,0,0.0,35.0,Private,Never-married,Exec-managerial,White,Male,United-States,dice,0
60.0,7.0,0,0.0,35.0,Private,Married-civ-spouse,?,White,Male,United-States,dice,0
51.0,10.0,0,0.0,29.0,Private,Never-married,Exec-managerial,White,Male,United-States,fimap,0
51.0,11.0,0,0.0,29.0,Private,Divorced,Craft-repair,White,Male,United-States,fimap,0
56.0,12.0,0,0.0,32.0,Private,Married-civ-spouse,Prof-specialty,White,Male,United-States,fimap,0
58.0,12.0,0,0.0,33.0,Private,Married-civ-spouse,Protective-serv,White,Male,United-States,fimap,1
58.0,12.0,0,0.0,33.0,Private,Married-civ-spouse,Adm-clerical,White,Male,United-States,fimap,0
59.0,12.0,0,0.0,33.0,Private,Divorced,Tech-support,White,Male,United-States,fimap,0
60.0,11.0,0,0.0,25.0,Private,Married-civ-spouse,Exec-managerial,White,Male,United-States,cadex,0
60.0,11.0,0,0.0,25.0,Private,Married-civ-spouse,Exec-managerial,White,Male,United-States,cadex,0
60.0,11.0,0,0.0,25.0,Private,Married-civ-spouse,Exec-managerial,White,Male,United-States,cadex,0
60.0,11.0,0,0.0,25.0,Private,Married-civ-spouse,Exec-managerial,White,Male,United-States,cadex,0
60.0,11.0,0,0.0,25.0,Private,Married-civ-spouse,Exec-managerial,White,Male,United-States,cadex,0
60.0,13.0,0,0.0,35.0,Private,Married-civ-spouse,Exec-managerial,White,Male,United-States,cadex,0
60.0,13.0,0,0.0,25.0,Private,Married-civ-spouse,Exec-managerial,White,Male,United-States,cadex,0
67.0,11.0,0,0.0,25.0,Private,Married-civ-spouse,Exec-managerial,White,Male,United-States,cadex,0
60.0,12.0,0,0.0,4.0,Private,Married-civ-spouse,Exec-managerial,White,Male,United-States,wachter,0
59.0,12.0,0,0.0,32.0,Private,Married-civ-spouse,Exec-managerial,White,Male,United-States,wachter,1
59.0,13.0,0,0.0,6.0,Private,Married-civ-spouse,Exec-managerial,White,Male,United-States,wachter,1
60.0,12.0,0,0.0,31.0,Private,Married-civ-spouse,Exec-managerial,White,Male,United-States,wachter,1
60.0,12.0,0,0.0,5.0,Private,Married-civ-spouse,Exec-managerial,White,Male,United-States,wachter,0
60.0,12.0,0,0.0,31.0,Private,Married-civ-spouse,Exec-managerial,White,Male,United-States,wachter,1
61.0,12.0,0,0.0,30.0,Private,Married-civ-spouse,Exec-managerial,White,Male,United-States,wachter,1
60.0,12.0,0,0.0,7.0,Private,Married-civ-spouse,Exec-managerial,White,Male,United-States,wachter,1
59.0,12.0,0,0.0,7.0,Private,Married-civ-spouse,Exec-managerial,White,Male,United-States,wachter,1
60.0,12.0,0,0.0,34.0,Private,Married-civ-spouse,Exec-managerial,White,Male,United-States,wachter,1
60.0,13.0,0,0.0,10.0,Private,Married-civ-spouse,Exec-managerial,White,Male,United-States,cem,1
60.0,13.0,0,0.0,35.0,Private,Married-civ-spouse,Exec-managerial,White,Male,Dominican-Republic,cfproto,0
60.0,13.0,0,0.0,35.0,Private,Married-civ-spouse,Other-service,White,Male,Iran,cfproto,0
60.0,13.0,0,0.0,35.0,Private,Married-civ-spouse,Exec-managerial,White,Male,Dominican-Republic,cfproto,0
59.0,12.0,3166,0.0,28.0,?,Married-AF-spouse,Armed-Forces,White,Male,United-States,growing-spheres,0
61.0,11.0,1250,120.0,41.0,?,Married-AF-spouse,?,White,Male,United-States,growing-spheres,0
60.0,13.0,0,40.0,33.0,Never-worked,Married-AF-spouse,Adm-clerical,White,Male,United-States,growing-spheres,0
64.0,14.0,0,0.0,29.0,Private,Married-AF-spouse,?,White,Male,United-States,growing-spheres,0
53.0,12.0,8617,305.0,28.0,Never-worked,Divorced,?,White,Male,United-States,growing-spheres,0
59.0,13.0,459,0.0,34.0,Local-gov,Separated,Exec-managerial,White,Male,United-States,growing-spheres,0
57.0,13.0,2273,41.0,32.0,Private,Never-married,Adm-clerical,White,Male,United-States,growing-spheres,0
60.0,13.0,324,0.0,35.0,Local-gov,Married-civ-spouse,?,White,Male,United-States,growing-spheres,0
69.0,12.0,8160,108.0,31.0,Never-worked,Divorced,?,White,Male,United-States,growing-spheres,0
66.0,13.0,4918,0.0,39.0,Federal-gov,Married-civ-spouse,?,White,Male,United-States,growing-spheres,1
65.0,13.0,0,275.0,33.0,Never-worked,Separated,?,White,Male,United-States,growing-spheres,0
64.0,12.0,0,0.0,34.0,Federal-gov,Divorced,Armed-Forces,White,Male,United-States,growing-spheres,0
56.0,11.0,0,57.0,24.0,Never-worked,Married-civ-spouse,Craft-repair,White,Male,United-States,growing-spheres,0
65.0,13.0,9472,0.0,24.0,?,Divorced,Adm-clerical,White,Male,United-States,growing-spheres,1
61.0,13.0,0,0.0,36.0,Federal-gov,Married-civ-spouse,Exec-managerial,White,Male,United-States,growing-spheres,1
58.0,13.0,0,36.0,34.0,Never-worked,Married-civ-spouse,Exec-managerial,White,Male,United-States,growing-spheres,0
57.0,13.0,12476,353.0,26.0,Never-worked,Married-AF-spouse,Exec-managerial,White,Male,United-States,growing-spheres,1
56.0,13.0,12620,0.0,31.0,Private,Married-AF-spouse,Armed-Forces,White,Male,United-States,growing-spheres,1
59.0,14.0,6815,0.0,37.0,Federal-gov,Married-civ-spouse,Exec-managerial,White,Male,United-States,growing-spheres,1
53.0,15.0,0,0.0,25.0,Private,Married-civ-spouse,?,White,Male,United-States,growing-spheres,0
30.0,9.0,0,0.0,39.0,Private,Married-civ-spouse,Exec-managerial,White,Male,United-States,face,0
30.0,9.0,0,0.0,50.0,Private,Married-civ-spouse,Exec-managerial,White,Male,United-States,face,0
32.0,9.0,0,0.0,39.0,Private,Married-civ-spouse,Exec-managerial,White,Male,United-States,face,0
63.0,9.0,0,0.0,19.0,Private,Married-civ-spouse,Exec-managerial,White,Male,United-States,face,0
32.0,9.0,0,0.0,39.0,Private,Married-civ-spouse,Exec-managerial,White,Male,United-States,face,0
30.0,9.0,0,0.0,50.0,Private,Married-civ-spouse,Exec-managerial,White,Male,United-States,face,0
28.0,9.0,0,0.0,39.0,Private,Married-civ-spouse,Exec-managerial,White,Male,United-States,face,0
63.0,9.0,0,0.0,5.0,Private,Married-civ-spouse,Exec-managerial,White,Male,United-States,face,0
63.0,9.0,0,0.0,5.0,Private,Married-civ-spouse,Exec-managerial,White,Male,United-States,face,0
26.0,10.0,0,0.0,42.0,Private,Married-civ-spouse,Exec-managerial,White,Male,United-States,face,0
