age,education.num,capital.gain,capital.loss,hours.per.week,workclass,marital.status,occupation,race,sex,native.country,explainer,income
53.0,16.0,0,0.0,55.0,Private,Divorced,Farming-fishing,White,Female,United-States,dice,0
53.0,16.0,0,0.0,55.0,Local-gov,Divorced,Other-service,White,Female,United-States,dice,0
53.0,4.0,0,0.0,55.0,Private,Married-spouse-absent,Exec-managerial,White,Female,United-States,dice,0
53.0,16.0,0,0.0,55.0,Private,Divorced,Machine-op-inspct,White,Female,United-States,dice,0
53.0,16.0,0,3703.0,55.0,Never-worked,Divorced,Exec-managerial,White,Female,United-States,dice,0
53.0,5.0,0,0.0,65.0,Private,Divorced,Exec-managerial,White,Female,United-States,dice,0
24.0,16.0,0,0.0,55.0,Private,Divorced,Adm-clerical,White,Female,United-States,dice,0
53.0,11.0,0,0.0,55.0,Private,Separated,Exec-managerial,White,Female,United-States,dice,0
53.0,3.0,0,0.0,55.0,Private,Divorced,Exec-managerial,White,Female,United-States,dice,0
53.0,14.0,0,0.0,55.0,Private,Divorced,Other-service,White,Female,United-States,dice,0
53.0,6.0,0,0.0,55.0,Without-pay,Divorced,Exec-managerial,White,Female,United-States,dice,0
53.0,16.0,0,0.0,71.0,Private,Divorced,Farming-fishing,White,Female,United-States,dice,0
53.0,7.0,0,2578.0,55.0,Private,Divorced,Exec-managerial,White,Female,United-States,dice,0
82.0,10.0,0,0.0,55.0,Private,Divorced,Exec-managerial,White,Female,United-States,dice,0
53.0,16.0,0,0.0,55.0,Private,Divorced,Other-service,White,Female,United-States,dice,0
53.0,6.0,0,1465.0,55.0,Private,Divorced,Exec-managerial,White,Female,United-States,dice,0
53.0,7.0,0,0.0,55.0,Federal-gov,Divorced,Exec-managerial,White,Female,United-States,dice,0
53.0,8.0,0,0.0,55.0,State-gov,Divorced,Exec-managerial,White,Female,United-States,dice,0
53.0,16.0,0,0.0,55.0,Private,Divorced,Adm-clerical,White,Female,United-States,dice,0
53.0,16.0,0,0.0,71.0,Private,Divorced,Other-service,White,Female,United-States,dice,0
44.0,13.0,0,0.0,48.0,Private,Never-married,Prof-specialty,White,Female,United-States,fimap,0
44.0,14.0,0,0.0,49.0,Private,Married-civ-spouse,Farming-fishing,White,Female,United-States,fimap,0
45.0,14.0,0,0.0,50.0,Private,Married-civ-spouse,Prof-specialty,White,Female,United-States,fimap,1
49.0,15.0,0,0.0,50.0,Private,Divorced,Exec-managerial,White,Female,United-States,cadex,0
49.0,14.0,0,0.0,51.0,Private,Married-civ-spouse,Prof-specialty,White,Female,United-States,fimap,1
50.0,14.0,0,0.0,51.0,Private,Married-civ-spouse,Handlers-cleaners,White,Female,United-States,fimap,1
50.0,14.0,0,0.0,51.0,Private,Never-married,Farming-fishing,White,Female,United-States,fimap,0
53.0,14.0,0,0.0,54.0,Private,Divorced,Exec-managerial,White,Female,United-States,cadex,0
53.0,14.0,0,0.0,54.0,Private,Divorced,Exec-managerial,White,Female,United-States,cadex,0
53.0,14.0,0,0.0,54.0,Private,Divorced,Exec-managerial,White,Female,United-States,cadex,0
53.0,15.0,0,0.0,50.0,Private,Divorced,Exec-managerial,White,Female,United-States,cadex,0
53.0,15.0,0,0.0,50.0,Private,Divorced,Exec-managerial,White,Female,United-States,cadex,0
53.0,16.0,0,0.0,54.0,Private,Divorced,Exec-managerial,White,Female,United-States,cadex,0
53.0,16.0,0,0.0,54.0,Private,Divorced,Exec-managerial,White,Female,United-States,cadex,0
53.0,16.0,0,0.0,54.0,Private,Divorced,Exec-managerial,White,Female,United-States,wachter,1
52.0,16.0,0,0.0,54.0,Private,Divorced,Exec-managerial,White,Female,United-States,wachter,1
53.0,15.0,0,0.0,55.0,Private,Divorced,Exec-managerial,White,Female,United-States,wachter,1
52.0,15.0,0,0.0,54.0,Private,Divorced,Exec-managerial,White,Female,United-States,wachter,1
54.0,15.0,0,0.0,54.0,Private,Divorced,Exec-managerial,White,Female,United-States,wachter,1
52.0,16.0,0,0.0,54.0,Private,Divorced,Exec-managerial,White,Female,United-States,wachter,1
52.0,15.0,0,0.0,54.0,Private,Divorced,Exec-managerial,White,Female,United-States,wachter,1
52.0,16.0,0,0.0,54.0,Private,Divorced,Exec-managerial,White,Female,United-States,wachter,1
52.0,15.0,0,0.0,55.0,Private,Divorced,Exec-managerial,White,Female,United-States,wachter,1
53.0,15.0,0,0.0,54.0,Private,Divorced,Exec-managerial,White,Female,United-States,wachter,1
53.0,16.0,0,0.0,54.0,Private,Divorced,Exec-managerial,White,Female,United-States,cem,1
53.0,16.0,0,0.0,54.0,Private,Divorced,Exec-managerial,White,Female,Germany,cfproto,0
53.0,16.0,0,0.0,54.0,Private,Divorced,Exec-managerial,White,Female,Germany,cfproto,0
53.0,16.0,0,0.0,54.0,Private,Divorced,Exec-managerial,White,Female,Germany,cfproto,0
53.0,15.0,0,0.0,54.0,Local-gov,Divorced,Other-service,White,Female,China,cfproto,0
53.0,16.0,0,0.0,54.0,Private,Divorced,Exec-managerial,White,Female,Germany,cfproto,0
53.0,16.0,0,0.0,54.0,Private,Divorced,Exec-managerial,White,Female,Germany,cfproto,0
53.0,16.0,0,0.0,54.0,Private,Divorced,Exec-managerial,White,Female,Germany,cfproto,0
53.0,16.0,0,0.0,54.0,Private,Divorced,Exec-managerial,White,Female,Germany,cfproto,0
53.0,16.0,0,0.0,54.0,Private,Divorced,Exec-managerial,White,Female,Germany,cfproto,0
53.0,16.0,0,0.0,54.0,Private,Divorced,Exec-managerial,White,Female,Germany,cfproto,0
52.0,15.0,0,0.0,54.0,Local-gov,Divorced,Machine-op-inspct,White,Female,United-States,growing-spheres,0
55.0,14.0,0,0.0,60.0,Never-worked,Divorced,Exec-managerial,White,Female,United-States,growing-spheres,0
51.0,15.0,0,0.0,53.0,Private,Divorced,Craft-repair,White,Female,United-States,growing-spheres,0
50.0,16.0,1954,0.0,61.0,?,Divorced,Farming-fishing,White,Female,United-States,growing-spheres,0
56.0,16.0,0,310.0,62.0,Federal-gov,Divorced,Armed-Forces,White,Female,United-States,growing-spheres,0
52.0,16.0,1406,12.0,56.0,Federal-gov,Married-AF-spouse,Exec-managerial,White,Female,United-States,growing-spheres,1
52.0,15.0,0,0.0,54.0,Never-worked,Divorced,Machine-op-inspct,White,Female,United-States,growing-spheres,0
65.0,16.0,0,0.0,52.0,Federal-gov,Divorced,Exec-managerial,White,Female,United-States,growing-spheres,0
52.0,16.0,146,0.0,54.0,Private,Divorced,Armed-Forces,White,Female,United-States,growing-spheres,0
53.0,16.0,0,157.0,58.0,Never-worked,Divorced,Exec-managerial,White,Female,United-States,growing-spheres,0
57.0,15.0,9709,335.0,54.0,Federal-gov,Divorced,Exec-managerial,White,Female,United-States,growing-spheres,1
50.0,16.0,0,0.0,67.0,Federal-gov,Divorced,Exec-managerial,White,Female,United-States,growing-spheres,1
52.0,15.0,0,0.0,51.0,Local-gov,Divorced,Craft-repair,White,Female,United-States,growing-spheres,0
52.0,16.0,965,5.0,54.0,Local-gov,Divorced,Armed-Forces,White,Female,United-States,growing-spheres,0
46.0,16.0,0,172.0,56.0,Private,Divorced,?,White,Female,United-States,growing-spheres,0
52.0,16.0,0,357.0,55.0,Local-gov,Divorced,Armed-Forces,White,Female,United-States,growing-spheres,0
52.0,15.0,0,12.0,54.0,?,Married-AF-spouse,Exec-managerial,White,Female,United-States,growing-spheres,1
52.0,15.0,0,126.0,52.0,?,Divorced,Armed-Forces,White,Female,United-States,growing-spheres,0
58.0,16.0,2853,101.0,53.0,Federal-gov,Divorced,Armed-Forces,White,Female,United-States,growing-spheres,0
53.0,14.0,173,0.0,58.0,Federal-gov,Divorced,Adm-clerical,White,Female,United-States,growing-spheres,0
53.0,16.0,0,0.0,54.0,Private,Divorced,Exec-managerial,White,Female,United-States,actionable-recourse,1
45.0,13.0,0,0.0,39.0,Private,Divorced,Exec-managerial,White,Female,United-States,face,0
39.0,13.0,0,0.0,48.0,Private,Divorced,Exec-managerial,White,Female,United-States,face,0
50.0,10.0,0,0.0,39.0,Private,Divorced,Exec-managerial,White,Female,United-States,face,0
52.0,10.0,0,0.0,39.0,Private,Divorced,Exec-managerial,White,Female,United-States,face,0
39.0,10.0,0,0.0,39.0,Private,Divorced,Exec-managerial,White,Female,United-States,face,0
42.0,12.0,0,0.0,39.0,Private,Divorced,Exec-managerial,White,Female,United-States,face,0
68.0,12.0,0,0.0,43.0,Private,Divorced,Exec-managerial,White,Female,United-States,face,0
37.0,12.0,0,0.0,48.0,Private,Divorced,Exec-managerial,White,Female,United-States,face,0
42.0,13.0,0,0.0,39.0,Private,Divorced,Exec-managerial,White,Female,United-States,face,0
46.0,10.0,0,0.0,39.0,Private,Divorced,Exec-managerial,White,Female,United-States,face,0
