age,education.num,capital.gain,capital.loss,hours.per.week,workclass,marital.status,occupation,race,sex,native.country,explainer,income
39.0,15.0,0.0,0.0,40.0,Federal-gov,Married-AF-spouse,Machine-op-inspct,White,Male,United-States,dice,1
39.0,16.0,0.0,0.0,22.0,Federal-gov,Married-civ-spouse,Machine-op-inspct,White,Male,United-States,dice,1
39.0,5.0,0.0,1902.0,40.0,Federal-gov,Married-civ-spouse,Machine-op-inspct,White,Male,United-States,dice,1
39.0,5.0,0.0,3739.0,71.0,Federal-gov,Married-civ-spouse,Machine-op-inspct,White,Male,United-States,dice,1
39.0,5.0,92641.0,0.0,40.0,Federal-gov,Never-married,Machine-op-inspct,White,Male,United-States,dice,1
39.0,5.0,67624.0,0.0,40.0,Federal-gov,Married-civ-spouse,Farming-fishing,White,Male,United-States,dice,1
39.0,5.0,96888.0,0.0,40.0,Federal-gov,Married-civ-spouse,Machine-op-inspct,White,Male,United-States,dice,1
39.0,5.0,93703.0,0.0,40.0,Federal-gov,Married-civ-spouse,Armed-Forces,White,Male,United-States,dice,1
39.0,13.0,0.0,0.0,40.0,Self-emp-not-inc,Married-civ-spouse,Machine-op-inspct,White,Male,United-States,dice,1
39.0,5.0,0.0,4140.0,40.0,Federal-gov,Married-civ-spouse,Machine-op-inspct,White,Male,United-States,dice,1
32.0,5.0,70120.0,0.0,40.0,Federal-gov,Married-civ-spouse,Machine-op-inspct,White,Male,United-States,dice,1
39.0,5.0,0.0,0.0,87.0,Federal-gov,Married-civ-spouse,Machine-op-inspct,White,Male,United-States,dice,1
39.0,5.0,0.0,3888.0,40.0,Federal-gov,Married-civ-spouse,Machine-op-inspct,White,Male,United-States,dice,1
39.0,12.0,0.0,583.0,40.0,Federal-gov,Married-civ-spouse,Machine-op-inspct,White,Male,United-States,dice,1
39.0,5.0,0.0,4012.0,40.0,Federal-gov,Widowed,Machine-op-inspct,White,Male,United-States,dice,1
39.0,5.0,54916.0,0.0,40.0,State-gov,Married-civ-spouse,Machine-op-inspct,White,Male,United-States,dice,1
39.0,5.0,0.0,3718.0,40.0,Federal-gov,Married-civ-spouse,Machine-op-inspct,White,Male,United-States,dice,1
39.0,5.0,68336.0,0.0,40.0,Federal-gov,Married-civ-spouse,Machine-op-inspct,White,Male,United-States,dice,1
39.0,5.0,56623.0,0.0,40.0,Federal-gov,Married-civ-spouse,Machine-op-inspct,White,Male,United-States,dice,1
39.0,5.0,97780.0,0.0,40.0,Federal-gov,Married-civ-spouse,Machine-op-inspct,White,Male,United-States,dice,1
39.0,5.0,4999.0,0.0,40.0,Federal-gov,Married-civ-spouse,Machine-op-inspct,White,Male,United-States,cadex,1
39.0,5.0,4999.0,0.0,40.0,Federal-gov,Married-civ-spouse,Machine-op-inspct,White,Male,United-States,cadex,1
39.0,5.0,4999.0,0.0,44.0,Federal-gov,Married-civ-spouse,Machine-op-inspct,White,Male,United-States,cadex,1
41.0,6.0,7690.0,57.0,43.0,Private,Married-civ-spouse,?,White,Male,United-States,fimap,0
41.0,6.0,7861.0,61.0,43.0,Private,Married-civ-spouse,Tech-support,White,Male,United-States,fimap,1
42.0,6.0,7922.0,59.0,43.0,Private,Divorced,Machine-op-inspct,White,Male,United-States,fimap,0
42.0,5.0,4999.0,0.0,44.0,Federal-gov,Married-civ-spouse,Machine-op-inspct,White,Male,United-States,cadex,1
42.0,5.0,4999.0,217.0,44.0,Federal-gov,Married-civ-spouse,Machine-op-inspct,White,Male,United-States,cadex,1
42.0,6.0,8533.0,67.0,43.0,Private,Married-civ-spouse,Prof-specialty,White,Male,United-States,fimap,1
42.0,6.0,9854.0,91.0,43.0,Private,Married-civ-spouse,?,White,Male,United-States,fimap,1
43.0,6.0,11216.0,98.0,44.0,Private,Married-civ-spouse,?,White,Male,United-States,fimap,1
39.0,4.0,3445.0,0.0,40.0,Federal-gov,Married-civ-spouse,Machine-op-inspct,White,Male,United-States,wachter,0
38.0,5.0,3319.0,0.0,39.0,Federal-gov,Married-civ-spouse,Machine-op-inspct,White,Male,United-States,wachter,0
38.0,5.0,3324.0,0.0,38.0,Federal-gov,Married-civ-spouse,Machine-op-inspct,White,Male,United-States,wachter,0
38.0,5.0,3359.0,0.0,39.0,Federal-gov,Married-civ-spouse,Machine-op-inspct,White,Male,United-States,wachter,0
39.0,4.0,3355.0,4.0,39.0,Federal-gov,Married-civ-spouse,Machine-op-inspct,White,Male,United-States,wachter,0
39.0,5.0,3367.0,0.0,40.0,Federal-gov,Married-civ-spouse,Machine-op-inspct,White,Male,United-States,wachter,1
38.0,4.0,3352.0,0.0,41.0,Federal-gov,Married-civ-spouse,Machine-op-inspct,White,Male,United-States,wachter,0
38.0,5.0,3409.0,0.0,39.0,Federal-gov,Married-civ-spouse,Machine-op-inspct,White,Male,United-States,wachter,1
38.0,5.0,3360.0,0.0,39.0,Federal-gov,Married-civ-spouse,Machine-op-inspct,White,Male,United-States,wachter,0
38.0,4.0,3337.0,0.0,40.0,Federal-gov,Married-civ-spouse,Machine-op-inspct,White,Male,United-States,wachter,0
39.0,5.0,5475.0,0.0,40.0,Federal-gov,Married-civ-spouse,Machine-op-inspct,White,Male,United-States,cem,1
39.0,5.0,48472.0,0.0,40.0,Without-pay,Married-civ-spouse,Other-service,White,Male,Peru,cfproto,1
39.0,5.0,10337.0,0.0,40.0,Federal-gov,Married-civ-spouse,Machine-op-inspct,White,Male,China,cfproto,1
39.0,5.0,3134.0,0.0,40.0,Federal-gov,Married-civ-spouse,Tech-support,White,Male,United-States,cfproto,1
39.0,5.0,34921.0,0.0,40.0,Self-emp-not-inc,Married-civ-spouse,Machine-op-inspct,White,Male,India,cfproto,1
39.0,5.0,40234.0,0.0,40.0,Without-pay,Married-civ-spouse,Protective-serv,White,Male,Outlying-US(Guam-USVI-etc),cfproto,1
39.0,5.0,19395.0,0.0,40.0,Federal-gov,Married-civ-spouse,Machine-op-inspct,White,Male,China,cfproto,1
39.0,5.0,6437.0,0.0,40.0,Self-emp-inc,Married-civ-spouse,Machine-op-inspct,White,Male,France,cfproto,1
39.0,5.0,0.0,0.0,40.0,Federal-gov,Married-civ-spouse,Machine-op-inspct,White,Male,England,cfproto,1
39.0,5.0,0.0,0.0,40.0,Federal-gov,Married-civ-spouse,Machine-op-inspct,White,Male,England,cfproto,1
39.0,5.0,0.0,0.0,40.0,Federal-gov,Married-civ-spouse,Machine-op-inspct,White,Male,England,cfproto,1
35.0,4.0,20312.0,880.0,30.0,Self-emp-inc,Married-AF-spouse,?,White,Male,United-States,growing-spheres,1
29.0,5.0,41817.0,526.0,37.0,Federal-gov,Married-spouse-absent,Farming-fishing,White,Male,United-States,growing-spheres,1
52.0,9.0,19772.0,1208.0,31.0,Self-emp-inc,Married-AF-spouse,Armed-Forces,White,Male,United-States,growing-spheres,1
54.0,1.0,28684.0,151.0,14.0,Self-emp-inc,Married-civ-spouse,Other-service,White,Male,United-States,growing-spheres,1
49.0,5.0,16868.0,0.0,56.0,Local-gov,Married-AF-spouse,Armed-Forces,White,Male,United-States,growing-spheres,1
51.0,3.0,30688.0,511.0,41.0,?,Married-AF-spouse,Adm-clerical,White,Male,United-States,growing-spheres,1
36.0,5.0,12669.0,1236.0,49.0,Private,Married-AF-spouse,Adm-clerical,White,Male,United-States,growing-spheres,1
52.0,5.0,18321.0,675.0,57.0,?,Divorced,Exec-managerial,White,Male,United-States,growing-spheres,1
42.0,7.0,14343.0,0.0,49.0,?,Married-civ-spouse,Craft-repair,White,Male,United-States,growing-spheres,1
43.0,5.0,13874.0,916.0,75.0,?,Married-AF-spouse,Adm-clerical,White,Male,United-States,growing-spheres,1
48.0,6.0,43088.0,639.0,55.0,?,Married-civ-spouse,Handlers-cleaners,White,Male,United-States,growing-spheres,1
53.0,4.0,32651.0,1157.0,30.0,Federal-gov,Married-AF-spouse,?,White,Male,United-States,growing-spheres,1
48.0,4.0,24003.0,0.0,34.0,Federal-gov,Divorced,Adm-clerical,White,Male,United-States,growing-spheres,1
47.0,5.0,46576.0,0.0,41.0,Federal-gov,Married-civ-spouse,?,White,Male,United-States,growing-spheres,1
51.0,8.0,18603.0,541.0,25.0,?,Married-AF-spouse,Handlers-cleaners,White,Male,United-States,growing-spheres,1
37.0,5.0,51020.0,643.0,54.0,?,Divorced,?,White,Male,United-States,growing-spheres,1
43.0,3.0,50166.0,547.0,43.0,?,Married-AF-spouse,Armed-Forces,White,Male,United-States,growing-spheres,1
62.0,2.0,32692.0,189.0,24.0,Self-emp-inc,Married-civ-spouse,?,White,Male,United-States,growing-spheres,1
43.0,4.0,20189.0,388.0,31.0,?,Married-AF-spouse,Adm-clerical,White,Male,United-States,growing-spheres,1
58.0,4.0,8537.0,81.0,60.0,?,Married-AF-spouse,Adm-clerical,White,Male,United-States,growing-spheres,1
39.0,5.0,0.0,0.0,39.0,Federal-gov,Married-AF-spouse,Machine-op-inspct,White,Male,United-States,actionable-recourse,0
41.0,9.0,0.0,0.0,39.0,Federal-gov,Married-civ-spouse,Transport-moving,White,Male,United-States,face,1
42.0,9.0,0.0,0.0,39.0,Federal-gov,Married-civ-spouse,Machine-op-inspct,White,Male,United-States,face,1
39.0,9.0,0.0,0.0,39.0,Federal-gov,Married-civ-spouse,Craft-repair,White,Male,United-States,face,1
44.0,6.0,4386.0,0.0,59.0,Private,Married-civ-spouse,Machine-op-inspct,White,Male,United-States,face,1
38.0,9.0,0.0,0.0,39.0,Federal-gov,Married-civ-spouse,Adm-clerical,White,Male,United-States,face,1
41.0,9.0,0.0,0.0,39.0,Private,Married-civ-spouse,Machine-op-inspct,White,Male,United-States,face,0
36.0,9.0,0.0,0.0,48.0,Private,Married-civ-spouse,Machine-op-inspct,White,Male,United-States,face,1
42.0,9.0,0.0,0.0,39.0,Private,Married-civ-spouse,Machine-op-inspct,White,Male,United-States,face,1
39.0,9.0,0.0,0.0,39.0,Federal-gov,Married-civ-spouse,Craft-repair,White,Male,United-States,face,1
39.0,9.0,0.0,0.0,39.0,Federal-gov,Married-civ-spouse,Adm-clerical,White,Male,United-States,face,1
