age,education.num,capital.gain,capital.loss,hours.per.week,workclass,marital.status,occupation,race,sex,native.country,explainer,income
17.0,16.0,48015.0,0.0,20.0,?,Never-married,?,White,Male,United-States,dice,1
17.0,15.0,90296.0,0.0,20.0,?,Never-married,?,White,Male,United-States,dice,1
17.0,6.0,72895.0,0.0,20.0,?,Never-married,?,White,Male,United-States,dice,1
17.0,14.0,47490.0,0.0,20.0,?,Never-married,?,White,Male,United-States,dice,1
72.0,6.0,47518.0,0.0,20.0,?,Never-married,?,White,Male,United-States,dice,1
17.0,6.0,19525.0,0.0,63.0,?,Never-married,?,White,Male,United-States,dice,1
17.0,6.0,70390.0,0.0,20.0,?,Never-married,Protective-serv,White,Male,United-States,dice,1
17.0,6.0,43877.0,0.0,20.0,?,Never-married,?,White,Male,United-States,dice,1
17.0,6.0,70794.0,0.0,20.0,Never-worked,Never-married,?,White,Male,United-States,dice,1
17.0,6.0,86527.0,0.0,20.0,?,Never-married,?,White,Male,United-States,dice,1
17.0,11.0,71970.0,0.0,20.0,?,Never-married,?,White,Male,United-States,dice,1
17.0,6.0,87202.0,362.0,20.0,?,Never-married,?,White,Male,United-States,dice,1
17.0,6.0,47646.0,0.0,20.0,?,Never-married,?,White,Male,United-States,dice,1
17.0,6.0,93488.0,0.0,85.0,?,Never-married,?,White,Male,United-States,dice,1
17.0,6.0,73669.0,0.0,20.0,?,Never-married,?,White,Male,United-States,dice,1
17.0,6.0,67978.0,0.0,20.0,?,Never-married,?,White,Male,United-States,dice,1
17.0,6.0,77124.0,0.0,95.0,?,Never-married,?,White,Male,United-States,dice,1
17.0,6.0,38146.0,0.0,20.0,?,Never-married,Other-service,White,Male,United-States,dice,1
17.0,6.0,31652.0,1617.0,20.0,?,Never-married,?,White,Male,United-States,dice,1
17.0,6.0,47154.0,0.0,11.0,?,Never-married,?,White,Male,United-States,dice,1
17.0,6.0,25036.0,0.0,20.0,?,Never-married,?,White,Male,United-States,cadex,1
29.0,8.0,17228.0,745.0,36.0,?,Never-married,?,White,Male,United-States,cadex,1
29.0,8.0,17314.0,0.0,36.0,?,Never-married,?,White,Male,United-States,cadex,1
29.0,6.0,17484.0,0.0,36.0,?,Never-married,?,White,Male,United-States,cadex,1
29.0,9.0,24478.0,216.0,30.0,Private,Married-civ-spouse,Craft-repair,White,Male,United-States,fimap,1
29.0,6.0,17905.0,0.0,37.0,?,Never-married,?,White,Male,United-States,cadex,1
30.0,7.0,11372.0,81.0,24.0,Private,Married-civ-spouse,Handlers-cleaners,White,Male,United-States,fimap,1
30.0,6.0,18926.0,0.0,38.0,?,Never-married,?,White,Male,United-States,cadex,1
30.0,6.0,19089.0,0.0,20.0,?,Never-married,?,White,Male,United-States,cadex,1
30.0,7.0,12207.0,89.0,24.0,Private,Married-civ-spouse,Transport-moving,White,Male,United-States,fimap,1
31.0,9.0,24180.0,230.0,30.0,Private,Married-civ-spouse,Farming-fishing,White,Male,United-States,fimap,1
31.0,8.0,15148.0,111.0,25.0,Private,Married-civ-spouse,Tech-support,White,Male,United-States,fimap,1
31.0,7.0,12724.0,91.0,25.0,Private,Divorced,Adm-clerical,White,Male,United-States,fimap,0
31.0,6.0,20005.0,0.0,20.0,?,Never-married,?,White,Male,United-States,cadex,1
17.0,6.0,26538.0,0.0,20.0,?,Never-married,?,White,Male,United-States,cem,1
21.0,9.0,32742.0,0.0,16.0,?,Never-married,?,White,Male,Thailand,cfproto,1
83.0,15.0,91577.0,4227.0,91.0,?,Never-married,Protective-serv,White,Male,Outlying-US(Guam-USVI-etc),cfproto,1
34.0,7.0,23900.0,1041.0,33.0,?,Never-married,?,White,Male,Philippines,cfproto,1
63.0,11.0,64059.0,3542.0,68.0,?,Never-married,Priv-house-serv,White,Male,Guatemala,cfproto,1
46.0,8.0,39982.0,2680.0,47.0,?,Never-married,?,White,Male,Ireland,cfproto,1
78.0,14.0,84005.0,4101.0,85.0,?,Never-married,Handlers-cleaners,White,Male,Outlying-US(Guam-USVI-etc),cfproto,1
71.0,13.0,74713.0,3867.0,77.0,?,Never-married,Other-service,White,Male,Outlying-US(Guam-USVI-etc),cfproto,1
55.0,10.0,52379.0,3141.0,58.0,?,Never-married,?,White,Male,Dominican-Republic,cfproto,1
33.0,6.0,22078.0,961.0,29.0,?,Never-married,?,White,Male,China,cfproto,1
33.0,6.0,22078.0,961.0,29.0,?,Never-married,?,White,Male,China,cfproto,1
20.0,5.0,61275.0,1239.0,38.0,Local-gov,Divorced,?,White,Male,United-States,growing-spheres,1
25.0,7.0,29057.0,0.0,9.0,Federal-gov,Divorced,Craft-repair,White,Male,United-States,growing-spheres,1
17.0,9.0,36471.0,0.0,1.0,?,Married-AF-spouse,Adm-clerical,White,Male,United-States,growing-spheres,1
17.0,9.0,38000.0,482.0,55.0,Federal-gov,Divorced,?,White,Male,United-States,growing-spheres,1
17.0,1.0,22984.0,853.0,1.0,Private,Married-AF-spouse,Adm-clerical,White,Male,United-States,growing-spheres,1
28.0,9.0,26641.0,0.0,20.0,?,Divorced,?,White,Male,United-States,growing-spheres,1
31.0,9.0,44877.0,0.0,37.0,Federal-gov,Divorced,?,White,Male,United-States,growing-spheres,1
17.0,10.0,30110.0,0.0,28.0,?,Divorced,Exec-managerial,White,Male,United-States,growing-spheres,1
36.0,5.0,36440.0,0.0,35.0,State-gov,Married-spouse-absent,Adm-clerical,White,Male,United-States,growing-spheres,1
17.0,5.0,39718.0,1038.0,9.0,Private,Married-civ-spouse,Adm-clerical,White,Male,United-States,growing-spheres,1
42.0,6.0,36026.0,954.0,18.0,?,Married-AF-spouse,Adm-clerical,White,Male,United-States,growing-spheres,1
17.0,5.0,37632.0,300.0,27.0,Local-gov,Married-AF-spouse,?,White,Male,United-States,growing-spheres,1
27.0,6.0,48647.0,0.0,7.0,?,Married-AF-spouse,?,White,Male,United-States,growing-spheres,1
29.0,6.0,38779.0,182.0,30.0,?,Married-AF-spouse,?,White,Male,United-States,growing-spheres,1
27.0,7.0,23212.0,730.0,19.0,Private,Divorced,Other-service,White,Male,United-States,growing-spheres,1
45.0,7.0,10735.0,0.0,63.0,?,Married-civ-spouse,Exec-managerial,White,Male,United-States,growing-spheres,1
21.0,7.0,31938.0,967.0,63.0,?,Married-civ-spouse,Craft-repair,White,Male,United-States,growing-spheres,1
42.0,4.0,40331.0,0.0,29.0,Never-worked,Divorced,?,White,Male,United-States,growing-spheres,1
27.0,6.0,30881.0,568.0,30.0,?,Married-AF-spouse,Craft-repair,White,Male,United-States,growing-spheres,1
20.0,10.0,37753.0,0.0,13.0,Federal-gov,Separated,Craft-repair,White,Male,United-States,growing-spheres,1
48.0,10.0,8614.0,0.0,59.0,?,Never-married,?,White,Male,United-States,face,1
50.0,9.0,0.0,0.0,59.0,?,Married-civ-spouse,?,White,Male,United-States,face,1
46.0,11.0,0.0,0.0,39.0,?,Married-civ-spouse,?,White,Male,United-States,face,1
59.0,9.0,0.0,0.0,39.0,?,Married-civ-spouse,?,White,Male,United-States,face,1
50.0,9.0,0.0,0.0,59.0,?,Married-civ-spouse,?,White,Male,United-States,face,1
50.0,16.0,0.0,2824.0,39.0,?,Never-married,?,White,Male,United-States,face,1
54.0,9.0,2635.0,0.0,39.0,?,Married-civ-spouse,?,White,Male,United-States,face,1
50.0,9.0,0.0,0.0,54.0,?,Married-civ-spouse,?,White,Male,United-States,face,1
50.0,10.0,0.0,0.0,39.0,?,Married-civ-spouse,?,White,Male,United-States,face,1
59.0,9.0,0.0,0.0,39.0,?,Married-civ-spouse,?,White,Male,United-States,face,1
