age,education.num,capital.gain,capital.loss,hours.per.week,workclass,marital.status,occupation,race,sex,native.country,explainer,income
54.0,9.0,0.0,2070.0,40.0,Self-emp-not-inc,Married-civ-spouse,Machine-op-inspct,White,Female,United-States,dice,1
54.0,9.0,0.0,4268.0,40.0,Private,Married-civ-spouse,Machine-op-inspct,White,Female,United-States,dice,1
54.0,9.0,0.0,0.0,60.0,Private,Married-civ-spouse,Machine-op-inspct,White,Female,United-States,dice,1
54.0,9.0,86815.0,0.0,40.0,Private,Married-civ-spouse,Farming-fishing,White,Female,United-States,dice,1
54.0,9.0,0.0,0.0,64.0,Private,Married-civ-spouse,Machine-op-inspct,White,Female,United-States,dice,1
54.0,9.0,0.0,3319.0,44.0,Private,Married-civ-spouse,Machine-op-inspct,White,Female,United-States,dice,1
54.0,9.0,0.0,2819.0,40.0,Self-emp-not-inc,Married-civ-spouse,Machine-op-inspct,White,Female,United-States,dice,1
54.0,9.0,0.0,3288.0,40.0,Private,Married-civ-spouse,Craft-repair,White,Female,United-States,dice,1
54.0,9.0,45903.0,2225.0,40.0,Private,Married-civ-spouse,Machine-op-inspct,White,Female,United-States,dice,1
54.0,9.0,0.0,1099.0,40.0,Private,Married-civ-spouse,Exec-managerial,White,Female,United-States,dice,1
54.0,9.0,98901.0,3452.0,40.0,Private,Married-civ-spouse,Machine-op-inspct,White,Female,United-States,dice,1
64.0,9.0,32362.0,0.0,40.0,Private,Married-civ-spouse,Machine-op-inspct,White,Female,United-States,dice,1
83.0,9.0,71461.0,0.0,40.0,Private,Married-civ-spouse,Machine-op-inspct,White,Female,United-States,dice,1
54.0,9.0,0.0,1173.0,36.0,Private,Married-civ-spouse,Machine-op-inspct,White,Female,United-States,dice,1
54.0,9.0,8924.0,0.0,40.0,Private,Married-civ-spouse,Machine-op-inspct,White,Female,United-States,dice,1
54.0,9.0,59950.0,0.0,40.0,Private,Married-civ-spouse,Machine-op-inspct,White,Female,United-States,dice,1
54.0,9.0,0.0,0.0,96.0,State-gov,Married-civ-spouse,Machine-op-inspct,White,Female,United-States,dice,1
54.0,9.0,0.0,0.0,94.0,Private,Married-civ-spouse,Machine-op-inspct,White,Female,United-States,dice,1
54.0,9.0,27069.0,0.0,40.0,Private,Married-civ-spouse,Machine-op-inspct,White,Female,United-States,dice,1
54.0,9.0,0.0,827.0,40.0,Private,Married-civ-spouse,Machine-op-inspct,White,Female,United-States,dice,1
50.0,9.0,4999.0,0.0,40.0,Private,Married-civ-spouse,Machine-op-inspct,White,Female,United-States,cadex,1
50.0,9.0,4999.0,0.0,44.0,Private,Married-civ-spouse,Machine-op-inspct,White,Female,United-States,cadex,1
50.0,9.0,4999.0,217.0,44.0,Private,Married-civ-spouse,Machine-op-inspct,White,Female,United-States,cadex,1
51.0,9.0,5216.0,36.0,42.0,Private,Married-civ-spouse,Tech-support,White,Female,United-States,fimap,1
51.0,10.0,6599.0,51.0,42.0,Private,Married-civ-spouse,Protective-serv,White,Female,United-States,fimap,1
51.0,9.0,5228.0,40.0,42.0,Private,Married-civ-spouse,?,White,Female,United-States,fimap,1
51.0,9.0,5374.0,38.0,42.0,Private,Married-civ-spouse,Prof-specialty,White,Female,United-States,fimap,1
54.0,9.0,4999.0,0.0,40.0,Private,Married-civ-spouse,Machine-op-inspct,White,Female,United-States,cadex,1
54.0,9.0,4999.0,0.0,40.0,Private,Married-civ-spouse,Machine-op-inspct,White,Female,United-States,cadex,1
54.0,9.0,6192.0,44.0,41.0,Private,Married-civ-spouse,Craft-repair,White,Female,United-States,fimap,1
54.0,9.0,6367.0,45.0,41.0,Private,Married-civ-spouse,Sales,White,Female,United-States,fimap,1
54.0,9.0,1277.0,0.0,40.0,Private,Married-civ-spouse,Machine-op-inspct,White,Female,United-States,wachter,1
53.0,9.0,1211.0,0.0,39.0,Private,Married-civ-spouse,Machine-op-inspct,White,Female,United-States,wachter,1
53.0,8.0,1407.0,0.0,40.0,Private,Married-civ-spouse,Machine-op-inspct,White,Female,United-States,wachter,0
54.0,9.0,1347.0,0.0,39.0,Private,Married-civ-spouse,Machine-op-inspct,White,Female,United-States,wachter,1
53.0,9.0,1283.0,0.0,40.0,Private,Married-civ-spouse,Machine-op-inspct,White,Female,United-States,wachter,1
54.0,9.0,1427.0,0.0,39.0,Private,Married-civ-spouse,Machine-op-inspct,White,Female,United-States,wachter,1
53.0,9.0,1287.0,0.0,40.0,Private,Married-civ-spouse,Machine-op-inspct,White,Female,United-States,wachter,1
53.0,9.0,1135.0,3.0,39.0,Private,Married-civ-spouse,Machine-op-inspct,White,Female,United-States,wachter,1
53.0,9.0,1286.0,0.0,40.0,Private,Married-civ-spouse,Machine-op-inspct,White,Female,United-States,wachter,1
54.0,8.0,1275.0,0.0,39.0,Private,Married-civ-spouse,Machine-op-inspct,White,Female,United-States,wachter,0
54.0,9.0,3578.0,0.0,40.0,Private,Married-civ-spouse,Machine-op-inspct,White,Female,United-States,cem,1
54.0,9.0,28957.0,0.0,40.0,Private,Married-civ-spouse,Machine-op-inspct,White,Female,Ireland,cfproto,1
54.0,9.0,1131.0,0.0,40.0,Private,Married-civ-spouse,Sales,White,Female,United-States,cfproto,1
54.0,9.0,48811.0,0.0,40.0,Self-emp-not-inc,Married-civ-spouse,Machine-op-inspct,White,Female,Greece,cfproto,1
54.0,9.0,39075.0,0.0,40.0,Federal-gov,Married-civ-spouse,Machine-op-inspct,White,Female,Greece,cfproto,1
54.0,9.0,18662.0,0.0,40.0,Private,Married-civ-spouse,Machine-op-inspct,White,Female,United-States,cfproto,1
54.0,9.0,0.0,0.0,40.0,Private,Married-civ-spouse,Machine-op-inspct,White,Female,Canada,cfproto,1
54.0,9.0,57936.0,0.0,40.0,Local-gov,Married-civ-spouse,Machine-op-inspct,White,Female,Greece,cfproto,1
54.0,9.0,0.0,0.0,40.0,Private,Married-civ-spouse,Machine-op-inspct,White,Female,Italy,cfproto,1
54.0,9.0,50315.0,27.0,41.0,Without-pay,Separated,Protective-serv,White,Female,Outlying-US(Guam-USVI-etc),cfproto,1
54.0,9.0,0.0,0.0,40.0,Private,Married-civ-spouse,Machine-op-inspct,White,Female,Canada,cfproto,1
41.0,9.0,15919.0,0.0,64.0,?,Married-AF-spouse,Machine-op-inspct,White,Female,United-States,growing-spheres,1
49.0,9.0,29944.0,0.0,18.0,Self-emp-inc,Divorced,Armed-Forces,White,Female,United-States,growing-spheres,1
41.0,8.0,13771.0,173.0,80.0,?,Married-civ-spouse,Exec-managerial,White,Female,United-States,growing-spheres,1
55.0,8.0,15635.0,0.0,41.0,?,Married-AF-spouse,Exec-managerial,White,Female,United-States,growing-spheres,1
55.0,8.0,51256.0,0.0,31.0,Local-gov,Divorced,Armed-Forces,White,Female,United-States,growing-spheres,1
46.0,10.0,19645.0,0.0,54.0,Local-gov,Married-civ-spouse,Farming-fishing,White,Female,United-States,growing-spheres,1
38.0,8.0,17453.0,0.0,54.0,Private,Married-AF-spouse,Machine-op-inspct,White,Female,United-States,growing-spheres,1
44.0,7.0,29973.0,0.0,55.0,Local-gov,Married-AF-spouse,?,White,Female,United-States,growing-spheres,1
69.0,9.0,30825.0,0.0,32.0,Federal-gov,Divorced,Exec-managerial,White,Female,United-States,growing-spheres,1
46.0,9.0,36401.0,0.0,32.0,Private,Divorced,?,White,Female,United-States,growing-spheres,1
52.0,7.0,28224.0,663.0,47.0,State-gov,Married-AF-spouse,Adm-clerical,White,Female,United-States,growing-spheres,1
68.0,12.0,16597.0,185.0,35.0,Federal-gov,Divorced,Adm-clerical,White,Female,United-States,growing-spheres,1
50.0,8.0,16990.0,0.0,43.0,Self-emp-inc,Divorced,Armed-Forces,White,Female,United-States,growing-spheres,1
70.0,10.0,32669.0,955.0,36.0,Federal-gov,Never-married,Armed-Forces,White,Female,United-States,growing-spheres,1
47.0,8.0,12973.0,60.0,48.0,Private,Married-AF-spouse,Prof-specialty,White,Female,United-States,growing-spheres,1
58.0,9.0,31395.0,509.0,24.0,State-gov,Divorced,Adm-clerical,White,Female,United-States,growing-spheres,1
56.0,12.0,10871.0,596.0,56.0,?,Married-civ-spouse,Adm-clerical,White,Female,United-States,growing-spheres,1
52.0,7.0,35702.0,0.0,38.0,Self-emp-not-inc,Divorced,Adm-clerical,White,Female,United-States,growing-spheres,1
72.0,2.0,25068.0,149.0,36.0,State-gov,Married-civ-spouse,Transport-moving,White,Female,United-States,growing-spheres,1
55.0,9.0,50800.0,0.0,44.0,Private,Married-spouse-absent,Exec-managerial,White,Female,United-States,growing-spheres,1
54.0,9.0,0.0,0.0,39.0,Private,Married-AF-spouse,Machine-op-inspct,White,Female,United-States,actionable-recourse,0
48.0,9.0,0.0,0.0,39.0,Private,Married-civ-spouse,Machine-op-inspct,White,Male,United-States,face,1
49.0,9.0,0.0,0.0,39.0,Private,Married-civ-spouse,Machine-op-inspct,White,Male,United-States,face,0
52.0,9.0,0.0,0.0,38.0,Private,Married-civ-spouse,Adm-clerical,White,Female,United-States,face,1
52.0,9.0,2105.0,0.0,39.0,Private,Married-civ-spouse,Machine-op-inspct,White,Male,United-States,face,1
31.0,9.0,4386.0,0.0,39.0,Private,Married-civ-spouse,Machine-op-inspct,White,Female,United-States,face,1
58.0,9.0,0.0,0.0,39.0,Private,Married-civ-spouse,Adm-clerical,White,Female,United-States,face,1
31.0,9.0,4386.0,0.0,39.0,Private,Married-civ-spouse,Machine-op-inspct,White,Female,United-States,face,1
57.0,9.0,0.0,0.0,39.0,Private,Married-civ-spouse,Exec-managerial,White,Female,United-States,face,1
49.0,9.0,0.0,0.0,39.0,Private,Married-civ-spouse,Machine-op-inspct,White,Male,United-States,face,0
54.0,10.0,0.0,0.0,39.0,Private,Married-civ-spouse,Exec-managerial,White,Female,United-States,face,1
