age,education.num,capital.gain,capital.loss,hours.per.week,workclass,marital.status,occupation,race,sex,native.country,explainer,income
96.0,13.0,0,0.0,32.0,Private,Married-civ-spouse,Prof-specialty,White,Male,United-States,dice,0
47.0,13.0,0,2737.0,50.0,Without-pay,Married-civ-spouse,Prof-specialty,White,Male,United-States,dice,0
47.0,13.0,0,0.0,50.0,Private,Widowed,Machine-op-inspct,White,Male,United-States,dice,0
96.0,13.0,0,0.0,50.0,State-gov,Married-civ-spouse,Prof-specialty,White,Male,United-States,dice,0
47.0,13.0,0,0.0,22.0,Private,Married-civ-spouse,?,White,Male,United-States,dice,0
47.0,13.0,0,0.0,50.0,Private,Widowed,Priv-house-serv,White,Male,United-States,dice,0
47.0,13.0,0,0.0,1.0,Without-pay,Married-civ-spouse,Prof-specialty,White,Male,United-States,dice,0
97.0,13.0,0,0.0,50.0,Private,Married-civ-spouse,Prof-specialty,White,Male,United-States,dice,0
47.0,2.0,0,0.0,50.0,Private,Married-civ-spouse,Protective-serv,White,Male,United-States,dice,0
47.0,10.0,0,0.0,50.0,Private,Married-spouse-absent,Prof-specialty,White,Male,United-States,dice,0
19.0,13.0,0,0.0,7.0,Private,Married-civ-spouse,Prof-specialty,White,Male,United-States,dice,0
47.0,2.0,0,1369.0,50.0,Private,Married-civ-spouse,Prof-specialty,White,Male,United-States,dice,0
86.0,13.0,0,0.0,50.0,Private,Married-civ-spouse,Protective-serv,White,Male,United-States,dice,0
47.0,1.0,0,0.0,99.0,Private,Married-civ-spouse,Prof-specialty,White,Male,United-States,dice,0
93.0,13.0,0,0.0,50.0,Private,Separated,Prof-specialty,White,Male,United-States,dice,0
84.0,13.0,0,0.0,8.0,Private,Married-civ-spouse,Prof-specialty,White,Male,United-States,dice,0
34.0,4.0,0,0.0,50.0,Private,Married-civ-spouse,Prof-specialty,White,Male,United-States,dice,0
47.0,10.0,0,0.0,50.0,Private,Married-civ-spouse,Priv-house-serv,White,Male,United-States,dice,0
75.0,13.0,0,0.0,50.0,Private,Never-married,Prof-specialty,White,Male,United-States,dice,0
19.0,13.0,0,0.0,30.0,Private,Married-civ-spouse,Prof-specialty,White,Male,United-States,dice,0
38.0,11.0,0,0.0,44.0,Private,Married-civ-spouse,Tech-support,White,Male,United-States,fimap,0
38.0,11.0,0,0.0,44.0,Private,Married-civ-spouse,Prof-specialty,White,Male,United-States,fimap,0
39.0,11.0,0,0.0,50.0,Private,Married-civ-spouse,Prof-specialty,White,Male,United-States,cadex,0
39.0,11.0,0,0.0,41.0,Private,Married-civ-spouse,Prof-specialty,White,Male,United-States,cadex,0
42.0,11.0,0,0.0,46.0,Private,Never-married,Handlers-cleaners,White,Male,United-States,fimap,0
44.0,12.0,0,0.0,47.0,Private,Married-civ-spouse,Handlers-cleaners,White,Male,United-States,fimap,0
45.0,12.0,0,0.0,47.0,Private,Divorced,Machine-op-inspct,White,Male,United-States,fimap,0
45.0,12.0,0,0.0,47.0,Private,Married-civ-spouse,?,White,Male,United-States,fimap,0
47.0,11.0,0,0.0,50.0,Private,Married-civ-spouse,Prof-specialty,White,Male,United-States,cadex,0
47.0,11.0,0,0.0,50.0,Private,Married-civ-spouse,Prof-specialty,White,Male,United-States,cadex,0
47.0,11.0,0,0.0,50.0,Private,Married-civ-spouse,Prof-specialty,White,Male,United-States,cadex,0
47.0,11.0,0,0.0,50.0,Private,Married-civ-spouse,Prof-specialty,White,Male,United-States,cadex,0
47.0,13.0,0,0.0,50.0,Private,Married-civ-spouse,Prof-specialty,White,Male,United-States,cadex,0
47.0,13.0,0,0.0,50.0,Private,Married-civ-spouse,Prof-specialty,White,Male,United-States,cadex,0
48.0,12.0,0,0.0,48.0,Private,Married-civ-spouse,Prof-specialty,White,Male,United-States,wachter,1
48.0,12.0,0,0.0,49.0,Private,Married-civ-spouse,Prof-specialty,White,Male,United-States,wachter,1
20.0,13.0,0,0.0,49.0,Private,Married-civ-spouse,Prof-specialty,White,Male,United-States,wachter,0
48.0,12.0,0,0.0,50.0,Private,Married-civ-spouse,Prof-specialty,White,Male,United-States,wachter,1
47.0,13.0,0,0.0,49.0,Private,Married-civ-spouse,Prof-specialty,White,Male,United-States,wachter,1
46.0,13.0,0,0.0,48.0,Private,Married-civ-spouse,Prof-specialty,White,Male,United-States,wachter,1
48.0,12.0,0,0.0,50.0,Private,Married-civ-spouse,Prof-specialty,White,Male,United-States,wachter,1
21.0,12.0,0,0.0,47.0,Private,Married-civ-spouse,Prof-specialty,White,Male,United-States,wachter,0
20.0,12.0,0,0.0,50.0,Private,Married-civ-spouse,Prof-specialty,White,Male,United-States,wachter,0
20.0,13.0,0,0.0,49.0,Private,Married-civ-spouse,Prof-specialty,White,Male,United-States,wachter,0
47.0,13.0,0,0.0,50.0,Private,Married-civ-spouse,Prof-specialty,White,Male,United-States,cem,1
47.0,13.0,0,0.0,50.0,Private,Married-civ-spouse,Sales,White,Male,Greece,cfproto,0
47.0,12.0,0,0.0,49.0,Self-emp-not-inc,Married-civ-spouse,Other-service,White,Male,Laos,cfproto,0
47.0,13.0,0,0.0,50.0,Private,Married-civ-spouse,Sales,White,Male,Greece,cfproto,0
46.0,13.0,0,81.0,50.0,?,Married-civ-spouse,?,White,Male,United-States,growing-spheres,1
50.0,13.0,0,6.0,52.0,Local-gov,Married-AF-spouse,?,White,Male,United-States,growing-spheres,0
43.0,12.0,1638,0.0,44.0,Federal-gov,Married-civ-spouse,?,White,Male,United-States,growing-spheres,1
46.0,13.0,0,20.0,49.0,?,Married-civ-spouse,?,White,Male,United-States,growing-spheres,1
47.0,13.0,204,2.0,49.0,?,Divorced,?,White,Male,United-States,growing-spheres,0
44.0,13.0,0,0.0,50.0,Private,Married-civ-spouse,?,White,Male,United-States,growing-spheres,1
46.0,12.0,0,0.0,50.0,Private,Divorced,Adm-clerical,White,Male,United-States,growing-spheres,0
46.0,12.0,2056,0.0,49.0,Federal-gov,Divorced,Other-service,White,Male,United-States,growing-spheres,0
44.0,13.0,1831,0.0,52.0,Private,Married-civ-spouse,Armed-Forces,White,Male,United-States,growing-spheres,1
46.0,12.0,292,0.0,50.0,Private,Divorced,Armed-Forces,White,Male,United-States,growing-spheres,0
55.0,13.0,769,51.0,52.0,Federal-gov,Divorced,Adm-clerical,White,Male,United-States,growing-spheres,1
51.0,12.0,605,65.0,48.0,Never-worked,Married-AF-spouse,Adm-clerical,White,Male,United-States,growing-spheres,0
45.0,12.0,0,0.0,50.0,?,Married-civ-spouse,?,White,Male,United-States,growing-spheres,1
45.0,12.0,0,4.0,46.0,Federal-gov,Married-civ-spouse,Handlers-cleaners,White,Male,United-States,growing-spheres,0
45.0,13.0,2085,417.0,47.0,Local-gov,Married-civ-spouse,Craft-repair,White,Male,United-States,growing-spheres,1
46.0,12.0,0,0.0,50.0,Local-gov,Separated,Prof-specialty,White,Male,United-States,growing-spheres,1
43.0,13.0,0,342.0,65.0,Local-gov,Married-civ-spouse,Armed-Forces,White,Male,United-States,growing-spheres,0
46.0,13.0,174,0.0,49.0,Federal-gov,Married-AF-spouse,?,White,Male,United-States,growing-spheres,1
44.0,14.0,1119,0.0,56.0,?,Divorced,Machine-op-inspct,White,Male,United-States,growing-spheres,0
46.0,12.0,1474,0.0,50.0,Private,Married-civ-spouse,Craft-repair,White,Male,United-States,growing-spheres,1
29.0,9.0,0,0.0,39.0,Private,Married-civ-spouse,Prof-specialty,White,Male,United-States,face,0
69.0,15.0,0,0.0,3.0,Private,Married-civ-spouse,Prof-specialty,White,Male,United-States,face,0
59.0,9.0,0,0.0,29.0,Private,Married-civ-spouse,Prof-specialty,White,Male,United-States,face,0
59.0,9.0,0,0.0,29.0,Private,Married-civ-spouse,Prof-specialty,White,Male,United-States,face,0
50.0,11.0,0,0.0,39.0,Private,Married-civ-spouse,Other-service,White,Male,United-States,face,0
46.0,10.0,0,0.0,10.0,Private,Married-civ-spouse,Prof-specialty,White,Male,United-States,face,0
31.0,2.0,0,0.0,44.0,Private,Married-civ-spouse,Prof-specialty,White,Male,United-States,face,0
24.0,13.0,0,0.0,29.0,Private,Married-civ-spouse,Prof-specialty,White,Male,United-States,face,0
29.0,9.0,0,0.0,39.0,Private,Married-civ-spouse,Prof-specialty,White,Male,United-States,face,0
26.0,9.0,0,0.0,50.0,Private,Married-civ-spouse,Prof-specialty,White,Male,United-States,face,0
