age,education.num,capital.gain,capital.loss,hours.per.week,workclass,marital.status,occupation,race,sex,native.country,explainer,income
53.0,10.0,59279.0,0.0,40.0,Private,Widowed,Exec-managerial,Black,Female,United-States,dice,1
53.0,10.0,93708.0,0.0,40.0,Private,Separated,Exec-managerial,Black,Female,United-States,dice,1
90.0,10.0,33071.0,0.0,40.0,Private,Separated,Exec-managerial,Black,Female,United-States,dice,1
53.0,10.0,79509.0,1573.0,40.0,Private,Separated,Exec-managerial,Black,Female,United-States,dice,1
53.0,12.0,0.0,4304.0,40.0,Private,Separated,Exec-managerial,Black,Female,United-States,dice,1
53.0,10.0,68045.0,0.0,40.0,Private,Separated,Exec-managerial,Black,Female,United-States,dice,1
53.0,10.0,55705.0,0.0,40.0,Private,Separated,Exec-managerial,Black,Female,United-States,dice,1
53.0,10.0,93085.0,0.0,40.0,Private,Married-civ-spouse,Exec-managerial,Black,Female,United-States,dice,1
39.0,10.0,34910.0,0.0,40.0,Private,Separated,Exec-managerial,Black,Female,United-States,dice,1
53.0,10.0,78228.0,0.0,40.0,Never-worked,Separated,Exec-managerial,Black,Female,United-States,dice,1
53.0,10.0,69545.0,0.0,40.0,Private,Separated,Exec-managerial,Black,Female,United-States,dice,1
53.0,10.0,54565.0,0.0,40.0,Private,Separated,Exec-managerial,Black,Female,United-States,dice,1
53.0,10.0,86020.0,0.0,40.0,Private,Separated,Exec-managerial,Black,Female,United-States,dice,1
53.0,10.0,0.0,2367.0,63.0,Private,Separated,Exec-managerial,Black,Female,United-States,dice,1
53.0,10.0,30288.0,0.0,40.0,Private,Separated,Other-service,Black,Female,United-States,dice,1
53.0,10.0,27414.0,0.0,55.0,Private,Separated,Exec-managerial,Black,Female,United-States,dice,1
53.0,10.0,29428.0,3020.0,40.0,Private,Separated,Exec-managerial,Black,Female,United-States,dice,1
53.0,10.0,99459.0,0.0,14.0,Private,Separated,Exec-managerial,Black,Female,United-States,dice,1
53.0,10.0,37893.0,0.0,40.0,Private,Separated,Exec-managerial,Black,Female,United-States,dice,1
53.0,10.0,35055.0,0.0,40.0,Private,Separated,Exec-managerial,Black,Female,United-States,dice,1
51.0,10.0,5390.0,36.0,41.0,Private,Divorced,Handlers-cleaners,Black,Female,United-States,fimap,0
51.0,10.0,5418.0,39.0,42.0,Private,Never-married,Exec-managerial,Black,Female,United-States,fimap,1
51.0,10.0,5455.0,39.0,42.0,Private,Married-civ-spouse,Tech-support,Black,Female,United-States,fimap,1
52.0,10.0,6081.0,43.0,42.0,Private,Married-civ-spouse,?,Black,Female,United-States,fimap,1
53.0,10.0,9997.0,0.0,40.0,Private,Separated,Exec-managerial,Black,Female,United-States,cadex,1
53.0,11.0,8605.0,381.0,48.0,Private,Separated,Exec-managerial,Black,Female,United-States,cadex,1
53.0,11.0,8679.0,0.0,48.0,Private,Separated,Exec-managerial,Black,Female,United-States,cadex,1
53.0,11.0,9037.0,0.0,48.0,Private,Separated,Exec-managerial,Black,Female,United-States,cadex,1
53.0,11.0,9472.0,0.0,48.0,Private,Separated,Exec-managerial,Black,Female,United-States,cadex,1
53.0,11.0,9616.0,0.0,40.0,Private,Separated,Exec-managerial,Black,Female,United-States,cadex,1
53.0,11.0,9986.0,0.0,40.0,Private,Separated,Exec-managerial,Black,Female,United-States,cadex,1
54.0,11.0,7891.0,56.0,42.0,Private,Married-civ-spouse,Exec-managerial,Black,Female,United-States,fimap,1
54.0,11.0,7989.0,58.0,42.0,Private,Divorced,Transport-moving,Black,Female,United-States,fimap,0
59.0,11.0,8585.0,379.0,48.0,Private,Separated,Exec-managerial,Black,Female,United-States,cadex,1
59.0,15.0,5131.0,455.0,98.0,Self-emp-not-inc,Married-civ-spouse,Transport-moving,Black,Female,United-States,wachter,1
70.0,14.0,11948.0,734.0,99.0,Self-emp-not-inc,Separated,?,Black,Female,United-States,wachter,1
83.0,14.0,8693.0,988.0,99.0,Private,Married-civ-spouse,?,Black,Female,United-States,wachter,1
86.0,15.0,5107.0,978.0,99.0,Private,Married-civ-spouse,?,Black,Female,United-States,wachter,1
59.0,16.0,5132.0,455.0,99.0,Self-emp-not-inc,Married-civ-spouse,Transport-moving,Black,Female,United-States,wachter,1
59.0,15.0,5131.0,455.0,98.0,Self-emp-not-inc,Married-civ-spouse,Transport-moving,Black,Female,United-States,wachter,1
59.0,15.0,5131.0,455.0,98.0,Self-emp-not-inc,Married-civ-spouse,Transport-moving,Black,Female,United-States,wachter,1
74.0,14.0,15035.0,659.0,98.0,Self-emp-not-inc,Separated,Transport-moving,Black,Female,United-States,wachter,1
74.0,14.0,15035.0,659.0,98.0,Self-emp-not-inc,Separated,Transport-moving,Black,Female,United-States,wachter,1
78.0,14.0,9694.0,378.0,98.0,Private,Separated,Transport-moving,Black,Female,United-States,wachter,1
53.0,10.0,10703.0,0.0,40.0,Private,Separated,Exec-managerial,Black,Female,United-States,cem,1
53.0,10.0,13963.0,0.0,40.0,Private,Separated,Prof-specialty,Black,Female,Columbia,cfproto,1
53.0,10.0,13963.0,0.0,40.0,Private,Separated,Prof-specialty,Black,Female,Columbia,cfproto,1
59.0,11.0,30124.0,67.0,57.0,Never-worked,Married-AF-spouse,Adm-clerical,Black,Female,United-States,growing-spheres,1
44.0,10.0,15673.0,0.0,29.0,?,Divorced,?,Black,Female,United-States,growing-spheres,1
48.0,8.0,15740.0,14.0,15.0,Federal-gov,Married-AF-spouse,Adm-clerical,Black,Female,United-States,growing-spheres,1
32.0,9.0,45236.0,490.0,27.0,?,Married-AF-spouse,Craft-repair,Black,Female,United-States,growing-spheres,1
66.0,9.0,18981.0,838.0,40.0,Never-worked,Married-AF-spouse,Adm-clerical,Black,Female,United-States,growing-spheres,1
58.0,12.0,16074.0,188.0,51.0,Federal-gov,Married-civ-spouse,Exec-managerial,Black,Female,United-States,growing-spheres,1
69.0,14.0,34108.0,0.0,31.0,State-gov,Divorced,Adm-clerical,Black,Female,United-States,growing-spheres,1
52.0,7.0,23601.0,419.0,37.0,Self-emp-not-inc,Married-AF-spouse,Armed-Forces,Black,Female,United-States,growing-spheres,1
56.0,7.0,20702.0,242.0,55.0,Self-emp-inc,Divorced,?,Black,Female,United-States,growing-spheres,1
55.0,12.0,34913.0,0.0,45.0,Private,Divorced,Adm-clerical,Black,Female,United-States,growing-spheres,1
48.0,13.0,18717.0,0.0,56.0,Federal-gov,Married-AF-spouse,Adm-clerical,Black,Female,United-States,growing-spheres,1
62.0,10.0,19552.0,0.0,47.0,Federal-gov,Married-AF-spouse,?,Black,Female,United-States,growing-spheres,1
63.0,8.0,27253.0,137.0,63.0,Private,Married-AF-spouse,?,Black,Female,United-States,growing-spheres,1
45.0,9.0,27182.0,343.0,42.0,?,Married-civ-spouse,Machine-op-inspct,Black,Female,United-States,growing-spheres,1
35.0,7.0,19763.0,222.0,31.0,State-gov,Married-AF-spouse,Adm-clerical,Black,Female,United-States,growing-spheres,1
60.0,9.0,27773.0,0.0,38.0,Federal-gov,Married-AF-spouse,Adm-clerical,Black,Female,United-States,growing-spheres,1
35.0,10.0,47763.0,712.0,31.0,Federal-gov,Married-spouse-absent,Exec-managerial,Black,Female,United-States,growing-spheres,1
61.0,11.0,33806.0,714.0,41.0,Never-worked,Married-civ-spouse,?,Black,Female,United-States,growing-spheres,1
60.0,9.0,32852.0,0.0,57.0,?,Married-AF-spouse,?,Black,Female,United-States,growing-spheres,1
49.0,10.0,14572.0,0.0,51.0,Self-emp-inc,Divorced,Prof-specialty,Black,Female,United-States,growing-spheres,1
53.0,10.0,150.0,0.0,39.0,Private,Married-civ-spouse,Exec-managerial,Black,Female,United-States,actionable-recourse,1
39.0,13.0,0.0,0.0,59.0,Private,Divorced,Exec-managerial,Black,Female,United-States,face,1
50.0,11.0,0.0,0.0,39.0,Private,Married-civ-spouse,Other-service,Black,Female,United-States,face,1
32.0,12.0,25236.0,0.0,50.0,Private,Separated,Exec-managerial,White,Female,United-States,face,1
49.0,9.0,0.0,0.0,43.0,Private,Married-civ-spouse,Exec-managerial,White,Female,United-States,face,1
34.0,9.0,0.0,0.0,39.0,Private,Married-civ-spouse,Exec-managerial,Black,Female,United-States,face,1
46.0,10.0,0.0,0.0,39.0,Private,Married-civ-spouse,Exec-managerial,Black,Female,United-States,face,1
46.0,10.0,0.0,0.0,39.0,Private,Married-civ-spouse,Exec-managerial,Black,Female,United-States,face,1
46.0,10.0,0.0,0.0,39.0,Private,Married-civ-spouse,Exec-managerial,Black,Female,United-States,face,1
54.0,13.0,0.0,0.0,44.0,Private,Divorced,Exec-managerial,Black,Female,United-States,face,1
61.0,9.0,15024.0,0.0,38.0,Private,Married-civ-spouse,Exec-managerial,White,Female,United-States,face,1
