age,education.num,capital.gain,capital.loss,hours.per.week,workclass,marital.status,occupation,race,sex,native.country,explainer,income
39.0,1.0,0,1977.0,40.0,Self-emp-inc,Married-civ-spouse,Sales,White,Male,United-States,dice,0
18.0,10.0,0,1977.0,40.0,Self-emp-inc,Divorced,Sales,White,Male,United-States,dice,0
54.0,10.0,0,1977.0,75.0,Without-pay,Married-civ-spouse,Sales,White,Male,United-States,dice,0
32.0,10.0,0,1977.0,40.0,Self-emp-inc,Married-spouse-absent,Sales,White,Male,United-States,dice,0
54.0,4.0,0,1977.0,40.0,Self-emp-inc,Married-AF-spouse,Sales,White,Male,United-States,dice,0
54.0,2.0,0,1977.0,40.0,Never-worked,Married-civ-spouse,Sales,White,Male,United-States,dice,0
54.0,3.0,0,1977.0,40.0,Self-emp-inc,Married-spouse-absent,Sales,White,Male,United-States,dice,0
26.0,10.0,0,1977.0,40.0,Self-emp-inc,Separated,Sales,White,Male,United-States,dice,0
22.0,10.0,0,1977.0,40.0,Private,Married-civ-spouse,Sales,White,Male,United-States,dice,0
22.0,10.0,0,1977.0,40.0,Self-emp-inc,Divorced,Sales,White,Male,United-States,dice,0
54.0,10.0,0,1977.0,40.0,Self-emp-not-inc,Separated,Sales,White,Male,United-States,dice,0
54.0,10.0,0,1977.0,48.0,Never-worked,Married-civ-spouse,Sales,White,Male,United-States,dice,0
54.0,10.0,0,1977.0,40.0,?,Separated,Sales,White,Male,United-States,dice,0
30.0,10.0,0,1977.0,40.0,Self-emp-inc,Never-married,Sales,White,Male,United-States,dice,0
54.0,1.0,0,1977.0,40.0,Self-emp-inc,Never-married,Sales,White,Male,United-States,dice,0
54.0,10.0,0,2681.0,40.0,Never-worked,Married-civ-spouse,Sales,White,Male,United-States,dice,0
54.0,7.0,0,1977.0,40.0,Self-emp-inc,Separated,Sales,White,Male,United-States,dice,0
54.0,10.0,0,1977.0,40.0,Self-emp-inc,Married-spouse-absent,Sales,White,Male,United-States,dice,0
54.0,10.0,0,1977.0,31.0,Self-emp-inc,Divorced,Sales,White,Male,United-States,dice,0
26.0,1.0,0,1977.0,40.0,Self-emp-inc,Married-civ-spouse,Sales,White,Male,United-States,dice,0
45.0,8.0,0,1899.0,34.0,Private,Divorced,Prof-specialty,White,Male,United-States,fimap,0
45.0,8.0,0,1908.0,34.0,Private,Divorced,Exec-managerial,White,Male,United-States,fimap,0
46.0,8.0,0,1566.0,30.0,Self-emp-inc,Married-civ-spouse,Sales,White,Male,United-States,cadex,0
47.0,8.0,0,1930.0,36.0,Private,Married-civ-spouse,Other-service,White,Male,United-States,fimap,0
51.0,9.0,0,1940.0,37.0,Private,Married-civ-spouse,Prof-specialty,White,Male,United-States,fimap,1
52.0,9.0,0,1938.0,37.0,Private,Married-civ-spouse,Other-service,White,Male,United-States,fimap,0
52.0,9.0,0,1942.0,37.0,Private,Married-civ-spouse,Protective-serv,White,Male,United-States,fimap,0
54.0,8.0,0,1554.0,40.0,Self-emp-inc,Married-civ-spouse,Sales,White,Male,United-States,cadex,0
54.0,8.0,0,1560.0,40.0,Self-emp-inc,Married-civ-spouse,Sales,White,Male,United-States,cadex,0
54.0,8.0,0,1564.0,40.0,Self-emp-inc,Married-civ-spouse,Sales,White,Male,United-States,cadex,0
54.0,8.0,0,1563.0,30.0,Self-emp-inc,Married-civ-spouse,Sales,White,Male,United-States,cadex,0
54.0,10.0,0,1977.0,40.0,Self-emp-inc,Married-civ-spouse,Sales,White,Male,United-States,cadex,0
54.0,10.0,0,1344.0,40.0,Self-emp-inc,Married-civ-spouse,Sales,White,Male,United-States,cadex,0
54.0,10.0,0,1379.0,40.0,Self-emp-inc,Married-civ-spouse,Sales,White,Male,United-States,cadex,0
54.0,9.0,0,1981.0,39.0,Self-emp-inc,Married-civ-spouse,Sales,White,Male,United-States,wachter,1
54.0,9.0,0,1978.0,39.0,Self-emp-inc,Married-civ-spouse,Sales,White,Male,United-States,wachter,1
54.0,9.0,0,1979.0,40.0,Self-emp-inc,Married-civ-spouse,Sales,White,Male,United-States,wachter,1
54.0,10.0,0,1976.0,39.0,Self-emp-inc,Married-civ-spouse,Sales,White,Male,United-States,wachter,1
52.0,9.0,0,1398.0,45.0,Self-emp-inc,Married-civ-spouse,Sales,White,Male,United-States,wachter,1
46.0,8.0,0,569.0,63.0,Self-emp-inc,Married-civ-spouse,Sales,White,Male,United-States,wachter,1
54.0,9.0,0,1970.0,39.0,Self-emp-inc,Married-civ-spouse,Sales,White,Male,United-States,wachter,1
54.0,10.0,0,1967.0,38.0,Self-emp-inc,Married-civ-spouse,Sales,White,Male,United-States,wachter,1
54.0,8.0,0,1931.0,39.0,Self-emp-inc,Married-civ-spouse,Sales,White,Male,United-States,wachter,1
53.0,9.0,0,1973.0,39.0,Self-emp-inc,Married-civ-spouse,Sales,White,Male,United-States,wachter,1
54.0,6.0,0,1977.0,39.0,Self-emp-inc,Married-civ-spouse,Sales,White,Male,United-States,cem,1
53.0,9.0,0,1977.0,39.0,Self-emp-inc,Widowed,Priv-house-serv,White,Male,Laos,cfproto,0
54.0,10.0,0,1977.0,40.0,Self-emp-inc,Married-civ-spouse,Other-service,White,Male,India,cfproto,0
54.0,10.0,0,1977.0,40.0,Self-emp-inc,Married-civ-spouse,Other-service,White,Male,India,cfproto,0
54.0,10.0,1248,2016.0,36.0,Self-emp-not-inc,Married-civ-spouse,Adm-clerical,White,Male,United-States,growing-spheres,1
53.0,10.0,228,1973.0,40.0,Self-emp-inc,Married-civ-spouse,?,White,Male,United-States,growing-spheres,1
46.0,11.0,0,1820.0,41.0,Never-worked,Married-civ-spouse,Adm-clerical,White,Male,United-States,growing-spheres,0
53.0,9.0,672,1886.0,39.0,Local-gov,Married-civ-spouse,Farming-fishing,White,Male,United-States,growing-spheres,1
52.0,10.0,1181,1793.0,36.0,Self-emp-inc,Divorced,Exec-managerial,White,Male,United-States,growing-spheres,0
54.0,9.0,0,1972.0,40.0,Private,Divorced,Craft-repair,White,Male,United-States,growing-spheres,0
54.0,8.0,0,2087.0,47.0,Federal-gov,Married-civ-spouse,Priv-house-serv,White,Male,United-States,growing-spheres,0
54.0,9.0,3794,2004.0,45.0,Federal-gov,Married-civ-spouse,?,White,Male,United-States,growing-spheres,1
54.0,9.0,491,1961.0,40.0,Without-pay,Married-civ-spouse,Exec-managerial,White,Male,United-States,growing-spheres,0
54.0,9.0,74,1976.0,39.0,?,Married-AF-spouse,?,White,Male,United-States,growing-spheres,0
55.0,9.0,827,2006.0,38.0,Federal-gov,Divorced,Armed-Forces,White,Male,United-States,growing-spheres,0
51.0,9.0,160,1942.0,41.0,Local-gov,Divorced,?,White,Male,United-States,growing-spheres,0
54.0,10.0,2370,1842.0,40.0,Federal-gov,Married-civ-spouse,Farming-fishing,White,Male,United-States,growing-spheres,1
54.0,9.0,4485,1960.0,42.0,Self-emp-inc,Divorced,Farming-fishing,White,Male,United-States,growing-spheres,1
49.0,8.0,0,1667.0,43.0,Federal-gov,Married-AF-spouse,Armed-Forces,White,Male,United-States,growing-spheres,0
58.0,10.0,0,1876.0,30.0,?,Married-civ-spouse,?,White,Male,United-States,growing-spheres,0
52.0,9.0,0,1876.0,39.0,?,Married-AF-spouse,?,White,Male,United-States,growing-spheres,0
47.0,8.0,0,1528.0,31.0,Federal-gov,Married-civ-spouse,?,White,Male,United-States,growing-spheres,0
54.0,10.0,3245,1956.0,37.0,Federal-gov,Married-civ-spouse,Handlers-cleaners,White,Male,United-States,growing-spheres,1
49.0,11.0,0,2397.0,40.0,Private,Divorced,Protective-serv,White,Male,United-States,growing-spheres,0
23.0,9.0,0,2377.0,39.0,Private,Married-civ-spouse,Sales,White,Male,United-States,face,0
37.0,9.0,0,0.0,39.0,Self-emp-inc,Married-civ-spouse,Craft-repair,White,Male,United-States,face,0
50.0,9.0,0,0.0,50.0,Self-emp-inc,Married-civ-spouse,Farming-fishing,White,Male,United-States,face,0
54.0,9.0,0,0.0,39.0,Self-emp-not-inc,Married-civ-spouse,Sales,White,Male,United-States,face,0
77.0,10.0,0,0.0,8.0,Self-emp-inc,Married-civ-spouse,Sales,White,Male,United-States,face,0
63.0,2.0,0,0.0,19.0,Self-emp-inc,Married-civ-spouse,Sales,White,Male,United-States,face,0
65.0,9.0,0,0.0,17.0,Private,Married-civ-spouse,Sales,White,Male,United-States,face,0
59.0,9.0,0,0.0,39.0,Self-emp-inc,Married-civ-spouse,Other-service,White,Male,United-States,face,0
44.0,10.0,0,0.0,44.0,Self-emp-inc,Divorced,Sales,White,Male,United-States,face,0
59.0,9.0,0,0.0,50.0,Self-emp-not-inc,Married-civ-spouse,Sales,White,Male,United-States,face,0
