age,education.num,capital.gain,capital.loss,hours.per.week,workclass,marital.status,occupation,race,sex,native.country,explainer,income
19.0,10.0,0,0,50.0,Self-emp-inc,Married-civ-spouse,Exec-managerial,White,Male,United-States,dice,0
44.0,4.0,0,0,50.0,Without-pay,Married-civ-spouse,Exec-managerial,White,Male,United-States,dice,0
44.0,10.0,0,0,50.0,Self-emp-not-inc,Separated,Exec-managerial,White,Male,United-States,dice,0
44.0,3.0,0,0,50.0,Federal-gov,Married-civ-spouse,Exec-managerial,White,Male,United-States,dice,0
50.0,10.0,0,0,50.0,Self-emp-inc,Married-civ-spouse,Priv-house-serv,White,Male,United-States,dice,0
44.0,10.0,0,0,2.0,Self-emp-inc,Married-civ-spouse,Exec-managerial,White,Male,United-States,dice,0
44.0,1.0,0,0,50.0,Self-emp-not-inc,Married-civ-spouse,Exec-managerial,White,Male,United-States,dice,0
44.0,12.0,0,0,50.0,Self-emp-inc,Divorced,Exec-managerial,White,Male,United-States,dice,0
44.0,10.0,0,0,50.0,Local-gov,Married-spouse-absent,Exec-managerial,White,Male,United-States,dice,0
23.0,10.0,0,0,50.0,Self-emp-inc,Divorced,Exec-managerial,White,Male,United-States,dice,0
44.0,10.0,0,0,50.0,Self-emp-inc,Never-married,Craft-repair,White,Male,United-States,dice,0
44.0,10.0,0,0,50.0,Self-emp-inc,Divorced,Exec-managerial,White,Male,United-States,dice,0
44.0,2.0,0,0,1.0,Self-emp-inc,Married-civ-spouse,Exec-managerial,White,Male,United-States,dice,0
97.0,10.0,0,0,50.0,Self-emp-inc,Married-civ-spouse,Exec-managerial,White,Male,United-States,dice,0
44.0,10.0,0,0,23.0,Self-emp-inc,Married-civ-spouse,?,White,Male,United-States,dice,0
91.0,10.0,0,0,32.0,Self-emp-inc,Married-civ-spouse,Exec-managerial,White,Male,United-States,dice,0
44.0,10.0,0,0,50.0,State-gov,Separated,Exec-managerial,White,Male,United-States,dice,0
99.0,10.0,0,0,50.0,Self-emp-inc,Married-civ-spouse,Exec-managerial,White,Male,United-States,dice,0
44.0,10.0,0,0,50.0,?,Widowed,Exec-managerial,White,Male,United-States,dice,0
44.0,10.0,0,0,50.0,Never-worked,Married-civ-spouse,Craft-repair,White,Male,United-States,dice,0
36.0,8.0,0,0,50.0,Self-emp-inc,Married-civ-spouse,Exec-managerial,White,Male,United-States,cadex,0
36.0,8.0,0,0,50.0,Self-emp-inc,Married-civ-spouse,Exec-managerial,White,Male,United-States,cadex,0
37.0,8.0,0,0,44.0,Private,Married-civ-spouse,Machine-op-inspct,White,Male,United-States,fimap,0
37.0,8.0,0,0,44.0,Private,Married-civ-spouse,Prof-specialty,White,Male,United-States,fimap,0
40.0,9.0,0,0,45.0,Self-emp-inc,Married-civ-spouse,Exec-managerial,White,Male,United-States,cadex,0
41.0,9.0,0,0,47.0,Private,Divorced,Transport-moving,White,Male,United-States,fimap,0
42.0,9.0,0,0,48.0,Private,Married-civ-spouse,Transport-moving,White,Male,United-States,fimap,0
42.0,9.0,0,0,48.0,Private,Never-married,?,White,Male,United-States,fimap,0
43.0,9.0,0,0,48.0,Private,Married-civ-spouse,Exec-managerial,White,Male,United-States,fimap,1
44.0,8.0,0,0,50.0,Self-emp-inc,Married-civ-spouse,Exec-managerial,White,Male,United-States,cadex,0
44.0,10.0,0,0,50.0,Self-emp-inc,Married-civ-spouse,Exec-managerial,White,Male,United-States,cadex,0
44.0,10.0,0,0,50.0,Self-emp-inc,Married-civ-spouse,Exec-managerial,White,Male,United-States,cadex,0
44.0,10.0,0,0,50.0,Self-emp-inc,Married-civ-spouse,Exec-managerial,White,Male,United-States,cadex,0
44.0,10.0,0,0,50.0,Self-emp-inc,Married-civ-spouse,Exec-managerial,White,Male,United-States,cadex,0
43.0,9.0,0,0,48.0,Self-emp-inc,Married-civ-spouse,Exec-managerial,White,Male,United-States,wachter,1
44.0,9.0,0,0,49.0,Self-emp-inc,Married-civ-spouse,Exec-managerial,White,Male,United-States,wachter,1
42.0,9.0,0,0,50.0,Self-emp-inc,Married-civ-spouse,Exec-managerial,White,Male,United-States,wachter,1
44.0,9.0,0,0,48.0,Self-emp-inc,Married-civ-spouse,Exec-managerial,White,Male,United-States,wachter,1
43.0,9.0,0,0,50.0,Self-emp-inc,Married-civ-spouse,Exec-managerial,White,Male,United-States,wachter,1
43.0,9.0,0,0,48.0,Self-emp-inc,Married-civ-spouse,Exec-managerial,White,Male,United-States,wachter,1
43.0,10.0,0,0,49.0,Self-emp-inc,Married-civ-spouse,Exec-managerial,White,Male,United-States,wachter,1
43.0,9.0,0,0,49.0,Self-emp-inc,Married-civ-spouse,Exec-managerial,White,Male,United-States,wachter,1
43.0,9.0,0,0,49.0,Self-emp-inc,Married-civ-spouse,Exec-managerial,White,Male,United-States,wachter,1
44.0,9.0,0,0,49.0,Self-emp-inc,Married-civ-spouse,Exec-managerial,White,Male,United-States,wachter,1
44.0,10.0,0,0,50.0,Self-emp-inc,Married-civ-spouse,Exec-managerial,White,Male,United-States,cem,1
44.0,10.0,0,0,50.0,Self-emp-inc,Married-civ-spouse,Machine-op-inspct,White,Male,?,cfproto,0
44.0,10.0,0,0,50.0,Self-emp-inc,Married-civ-spouse,Exec-managerial,White,Male,Poland,cfproto,0
44.0,9.0,0,0,49.0,Self-emp-inc,Married-civ-spouse,?,White,Male,Laos,cfproto,0
44.0,10.0,0,0,50.0,Self-emp-inc,Married-civ-spouse,Exec-managerial,White,Male,Poland,cfproto,0
44.0,10.0,0,0,50.0,Self-emp-inc,Married-civ-spouse,Exec-managerial,White,Male,Poland,cfproto,0
44.0,10.0,0,0,50.0,Self-emp-inc,Married-civ-spouse,Exec-managerial,White,Male,Poland,cfproto,0
42.0,9.0,0,0,52.0,?,Married-AF-spouse,Adm-clerical,White,Male,United-States,growing-spheres,0
52.0,10.0,3474,408,58.0,Private,Divorced,Armed-Forces,White,Male,United-States,growing-spheres,0
41.0,10.0,1749,0,46.0,?,Married-civ-spouse,?,White,Male,United-States,growing-spheres,0
48.0,9.0,0,319,47.0,Self-emp-inc,Married-spouse-absent,Handlers-cleaners,White,Male,United-States,growing-spheres,0
42.0,9.0,3791,60,51.0,Self-emp-inc,Married-spouse-absent,Exec-managerial,White,Male,United-States,growing-spheres,1
44.0,10.0,57,2,49.0,?,Divorced,Armed-Forces,White,Male,United-States,growing-spheres,0
53.0,9.0,1351,0,61.0,Never-worked,Married-AF-spouse,?,White,Male,United-States,growing-spheres,0
39.0,10.0,1802,0,52.0,Private,Married-civ-spouse,?,White,Male,United-States,growing-spheres,0
43.0,10.0,0,0,48.0,Never-worked,Married-civ-spouse,?,White,Male,United-States,growing-spheres,0
37.0,10.0,812,79,55.0,Federal-gov,Married-civ-spouse,Exec-managerial,White,Male,United-States,growing-spheres,1
52.0,9.0,2960,521,55.0,Self-emp-inc,Married-AF-spouse,?,White,Male,United-States,growing-spheres,1
45.0,9.0,0,0,57.0,Federal-gov,Divorced,Exec-managerial,White,Male,United-States,growing-spheres,0
35.0,8.0,0,45,48.0,Private,Married-civ-spouse,?,White,Male,United-States,growing-spheres,0
53.0,8.0,2,0,53.0,Local-gov,Married-civ-spouse,Craft-repair,White,Male,United-States,growing-spheres,1
44.0,10.0,413,91,48.0,Private,Married-AF-spouse,Armed-Forces,White,Male,United-States,growing-spheres,0
44.0,9.0,1461,0,50.0,Federal-gov,Married-civ-spouse,Handlers-cleaners,White,Male,United-States,growing-spheres,1
43.0,9.0,0,9,50.0,Private,Never-married,?,White,Male,United-States,growing-spheres,0
48.0,10.0,1167,0,53.0,?,Married-civ-spouse,Adm-clerical,White,Male,United-States,growing-spheres,1
46.0,9.0,518,705,51.0,Self-emp-inc,Married-civ-spouse,Exec-managerial,White,Male,United-States,growing-spheres,1
43.0,9.0,0,0,50.0,Federal-gov,Married-civ-spouse,Armed-Forces,White,Male,United-States,growing-spheres,0
66.0,8.0,0,0,19.0,Self-emp-inc,Married-civ-spouse,Exec-managerial,White,Male,United-States,face,0
40.0,10.0,0,0,39.0,Self-emp-inc,Married-civ-spouse,Farming-fishing,White,Male,United-States,face,0
41.0,9.0,0,0,50.0,Self-emp-inc,Married-civ-spouse,Farming-fishing,White,Male,United-States,face,0
45.0,10.0,0,0,50.0,Self-emp-inc,Married-civ-spouse,Farming-fishing,White,Male,United-States,face,0
66.0,8.0,0,0,19.0,Self-emp-inc,Married-civ-spouse,Exec-managerial,White,Male,United-States,face,0
34.0,9.0,0,0,50.0,Self-emp-not-inc,Married-civ-spouse,Exec-managerial,White,Male,United-States,face,0
41.0,9.0,0,0,39.0,Self-emp-not-inc,Married-civ-spouse,Exec-managerial,White,Male,United-States,face,0
41.0,9.0,0,0,50.0,Self-emp-not-inc,Married-civ-spouse,Exec-managerial,White,Male,United-States,face,0
42.0,9.0,0,0,44.0,Self-emp-inc,Married-civ-spouse,Farming-fishing,White,Male,United-States,face,0
25.0,9.0,0,0,39.0,Self-emp-inc,Married-civ-spouse,Exec-managerial,White,Male,United-States,face,0
