age,education.num,capital.gain,capital.loss,hours.per.week,workclass,marital.status,occupation,race,sex,native.country,explainer,income
31.0,16.0,71023.0,0.0,45.0,Private,Married-civ-spouse,Craft-repair,White,Male,Mexico,dice,1
84.0,10.0,0.0,4119.0,45.0,Private,Married-civ-spouse,Craft-repair,White,Male,Mexico,dice,1
62.0,10.0,0.0,0.0,45.0,Private,Married-civ-spouse,Exec-managerial,White,Male,Mexico,dice,1
31.0,10.0,17761.0,0.0,91.0,Private,Married-civ-spouse,Craft-repair,White,Male,Mexico,dice,1
31.0,10.0,11333.0,0.0,45.0,Private,Divorced,Craft-repair,White,Male,Mexico,dice,1
31.0,10.0,53090.0,0.0,45.0,Private,Married-civ-spouse,Craft-repair,White,Male,Mexico,dice,1
74.0,10.0,0.0,3394.0,45.0,Private,Married-civ-spouse,Craft-repair,White,Male,Mexico,dice,1
31.0,10.0,21936.0,0.0,45.0,Private,Married-civ-spouse,Craft-repair,White,Male,Mexico,dice,1
31.0,10.0,0.0,3440.0,45.0,Self-emp-inc,Married-civ-spouse,Craft-repair,White,Male,Mexico,dice,1
31.0,10.0,59098.0,0.0,45.0,Private,Never-married,Craft-repair,White,Male,Mexico,dice,1
31.0,12.0,0.0,2794.0,45.0,Private,Married-civ-spouse,Craft-repair,White,Male,Mexico,dice,1
31.0,10.0,84810.0,0.0,45.0,Private,Married-AF-spouse,Craft-repair,White,Male,Mexico,dice,1
31.0,10.0,11764.0,0.0,45.0,Private,Married-civ-spouse,Craft-repair,White,Male,Mexico,dice,1
31.0,10.0,96227.0,0.0,45.0,Private,Married-spouse-absent,Craft-repair,White,Male,Mexico,dice,1
31.0,10.0,54227.0,0.0,45.0,Private,Married-civ-spouse,Craft-repair,White,Male,Mexico,dice,1
98.0,10.0,49528.0,0.0,45.0,Private,Married-civ-spouse,Craft-repair,White,Male,Mexico,dice,1
31.0,10.0,69306.0,0.0,45.0,Private,Widowed,Craft-repair,White,Male,Mexico,dice,1
50.0,10.0,0.0,3024.0,45.0,Private,Married-civ-spouse,Craft-repair,White,Male,Mexico,dice,1
31.0,10.0,0.0,0.0,90.0,State-gov,Married-civ-spouse,Craft-repair,White,Male,Mexico,dice,1
31.0,16.0,0.0,0.0,40.0,Private,Married-civ-spouse,Craft-repair,White,Male,Mexico,dice,1
31.0,10.0,4999.0,0.0,45.0,Private,Married-civ-spouse,Craft-repair,White,Male,Mexico,cadex,1
34.0,10.0,4999.0,0.0,45.0,Private,Married-civ-spouse,Craft-repair,White,Male,Mexico,cadex,1
34.0,10.0,4999.0,0.0,45.0,Private,Married-civ-spouse,Craft-repair,White,Male,Mexico,cadex,1
34.0,10.0,4999.0,0.0,49.0,Private,Married-civ-spouse,Craft-repair,White,Male,Mexico,cadex,1
34.0,10.0,4999.0,217.0,49.0,Private,Married-civ-spouse,Craft-repair,White,Male,Mexico,cadex,1
36.0,10.0,6185.0,44.0,47.0,Private,Married-civ-spouse,Sales,White,Male,Mexico,fimap,1
36.0,10.0,6818.0,50.0,47.0,Private,Married-civ-spouse,Prof-specialty,White,Male,Mexico,fimap,1
36.0,10.0,6821.0,48.0,47.0,Private,Married-civ-spouse,Farming-fishing,White,Male,Mexico,fimap,1
37.0,11.0,10116.0,102.0,48.0,Private,Married-civ-spouse,Tech-support,White,Male,Mexico,fimap,1
38.0,11.0,8594.0,68.0,48.0,Private,Married-civ-spouse,Other-service,White,Male,Mexico,fimap,1
39.0,11.0,10048.0,107.0,48.0,Private,Divorced,Prof-specialty,White,Male,Mexico,fimap,1
30.0,9.0,4451.0,0.0,45.0,Private,Married-civ-spouse,Craft-repair,White,Male,Mexico,wachter,0
30.0,10.0,4305.0,6.0,45.0,Private,Married-civ-spouse,Craft-repair,White,Male,Mexico,wachter,0
30.0,10.0,4604.0,7.0,45.0,Private,Married-civ-spouse,Craft-repair,White,Male,Mexico,wachter,1
30.0,10.0,4608.0,0.0,44.0,Private,Married-civ-spouse,Craft-repair,White,Male,Mexico,wachter,0
31.0,9.0,4436.0,0.0,45.0,Private,Married-civ-spouse,Craft-repair,White,Male,Mexico,wachter,0
30.0,10.0,4399.0,0.0,45.0,Private,Married-civ-spouse,Craft-repair,White,Male,Mexico,wachter,0
31.0,9.0,4441.0,0.0,44.0,Private,Married-civ-spouse,Craft-repair,White,Male,Mexico,wachter,0
31.0,9.0,4207.0,13.0,45.0,Private,Married-civ-spouse,Craft-repair,White,Male,Mexico,wachter,0
31.0,9.0,4437.0,0.0,44.0,Private,Married-civ-spouse,Craft-repair,White,Male,Mexico,wachter,0
30.0,9.0,4372.0,0.0,45.0,Private,Married-civ-spouse,Craft-repair,White,Male,Mexico,wachter,0
31.0,10.0,6865.0,0.0,45.0,Private,Married-civ-spouse,Craft-repair,White,Male,Mexico,cem,1
31.0,10.0,21488.0,0.0,45.0,Private,Married-civ-spouse,Craft-repair,White,Male,Outlying-US(Guam-USVI-etc),cfproto,1
31.0,10.0,29604.0,0.0,45.0,Private,Married-civ-spouse,Farming-fishing,White,Male,Outlying-US(Guam-USVI-etc),cfproto,1
31.0,10.0,11438.0,0.0,45.0,Self-emp-inc,Married-civ-spouse,Craft-repair,White,Male,Philippines,cfproto,1
31.0,10.0,27984.0,0.0,45.0,Private,Married-civ-spouse,Craft-repair,White,Male,Outlying-US(Guam-USVI-etc),cfproto,1
31.0,10.0,5345.0,0.0,45.0,Self-emp-inc,Married-civ-spouse,Craft-repair,White,Male,England,cfproto,1
31.0,10.0,0.0,0.0,45.0,Private,Married-civ-spouse,Craft-repair,White,Male,France,cfproto,1
31.0,10.0,2701.0,0.0,45.0,State-gov,Married-civ-spouse,Craft-repair,White,Male,Italy,cfproto,1
31.0,10.0,25182.0,0.0,45.0,Private,Married-civ-spouse,Craft-repair,White,Male,Outlying-US(Guam-USVI-etc),cfproto,1
31.0,10.0,8558.0,0.0,45.0,Self-emp-not-inc,Married-civ-spouse,Craft-repair,White,Male,?,cfproto,1
31.0,10.0,0.0,0.0,45.0,Private,Married-civ-spouse,Craft-repair,White,Male,France,cfproto,1
44.0,5.0,17333.0,0.0,44.0,Self-emp-inc,Married-civ-spouse,Handlers-cleaners,White,Male,Mexico,growing-spheres,1
45.0,10.0,20805.0,20.0,54.0,Federal-gov,Divorced,Adm-clerical,White,Male,Mexico,growing-spheres,1
25.0,11.0,22376.0,383.0,23.0,Federal-gov,Married-AF-spouse,Exec-managerial,White,Male,Mexico,growing-spheres,1
18.0,11.0,24814.0,0.0,47.0,Federal-gov,Married-civ-spouse,Craft-repair,White,Male,Mexico,growing-spheres,1
17.0,12.0,45184.0,515.0,65.0,Federal-gov,Married-civ-spouse,Adm-clerical,White,Male,Mexico,growing-spheres,1
46.0,10.0,33495.0,0.0,45.0,?,Married-civ-spouse,?,White,Male,Mexico,growing-spheres,1
32.0,11.0,30385.0,892.0,46.0,Local-gov,Married-AF-spouse,Exec-managerial,White,Male,Mexico,growing-spheres,1
42.0,9.0,21116.0,0.0,49.0,Local-gov,Married-AF-spouse,Adm-clerical,White,Male,Mexico,growing-spheres,1
23.0,10.0,18530.0,0.0,36.0,Local-gov,Never-married,Prof-specialty,White,Male,Mexico,growing-spheres,1
36.0,10.0,15694.0,116.0,49.0,?,Married-AF-spouse,Exec-managerial,White,Male,Mexico,growing-spheres,1
28.0,11.0,20053.0,904.0,50.0,?,Married-AF-spouse,Armed-Forces,White,Male,Mexico,growing-spheres,1
21.0,13.0,9844.0,862.0,29.0,Private,Married-AF-spouse,Armed-Forces,White,Male,Mexico,growing-spheres,1
31.0,8.0,21073.0,198.0,74.0,Self-emp-not-inc,Married-AF-spouse,Adm-clerical,White,Male,Mexico,growing-spheres,1
52.0,10.0,19720.0,425.0,53.0,Federal-gov,Divorced,Adm-clerical,White,Male,Mexico,growing-spheres,1
34.0,7.0,24846.0,0.0,44.0,?,Married-civ-spouse,?,White,Male,Mexico,growing-spheres,1
39.0,10.0,4607.0,688.0,42.0,?,Married-AF-spouse,Adm-clerical,White,Male,Mexico,growing-spheres,1
38.0,8.0,23120.0,0.0,42.0,Local-gov,Married-civ-spouse,Adm-clerical,White,Male,Mexico,growing-spheres,1
20.0,9.0,45673.0,1225.0,65.0,Local-gov,Married-civ-spouse,Adm-clerical,White,Male,Mexico,growing-spheres,1
37.0,14.0,15326.0,346.0,38.0,?,Married-AF-spouse,Adm-clerical,White,Male,Mexico,growing-spheres,1
32.0,14.0,21610.0,825.0,38.0,Local-gov,Divorced,Craft-repair,White,Male,Mexico,growing-spheres,1
31.0,10.0,0.0,0.0,44.0,Private,Married-civ-spouse,?,White,Male,Mexico,actionable-recourse,0
36.0,10.0,0.0,0.0,39.0,Private,Married-civ-spouse,Craft-repair,White,Male,United-States,face,1
34.0,10.0,0.0,0.0,44.0,Private,Married-civ-spouse,Craft-repair,White,Male,United-States,face,1
40.0,15.0,5178.0,0.0,39.0,Private,Married-civ-spouse,Craft-repair,White,Male,Mexico,face,1
31.0,11.0,4386.0,0.0,39.0,Private,Married-civ-spouse,Craft-repair,White,Male,Mexico,face,1
34.0,9.0,0.0,0.0,50.0,Private,Married-civ-spouse,Craft-repair,White,Male,United-States,face,1
35.0,10.0,0.0,0.0,39.0,Private,Married-civ-spouse,Craft-repair,White,Male,United-States,face,1
37.0,10.0,0.0,0.0,44.0,Private,Married-civ-spouse,Craft-repair,White,Male,United-States,face,1
36.0,10.0,0.0,0.0,50.0,Private,Married-civ-spouse,Craft-repair,White,Male,United-States,face,1
35.0,10.0,0.0,0.0,39.0,Private,Married-civ-spouse,Craft-repair,White,Male,United-States,face,1
35.0,10.0,0.0,0.0,50.0,Private,Married-civ-spouse,Craft-repair,White,Male,United-States,face,1
