age,education.num,capital.gain,capital.loss,hours.per.week,workclass,marital.status,occupation,race,sex,native.country,explainer,income
87.0,14.0,0.0,0.0,40.0,Private,Married-civ-spouse,Armed-Forces,White,Male,United-States,dice,0
28.0,14.0,0.0,0.0,40.0,Private,Divorced,Craft-repair,White,Male,United-States,dice,0
97.0,5.0,0.0,0.0,40.0,Private,Married-civ-spouse,Prof-specialty,White,Male,United-States,dice,0
28.0,12.0,0.0,0.0,40.0,Private,Married-spouse-absent,Prof-specialty,White,Male,United-States,dice,0
28.0,4.0,0.0,0.0,40.0,Private,Married-civ-spouse,Machine-op-inspct,White,Male,United-States,dice,0
28.0,12.0,0.0,0.0,40.0,Private,Married-civ-spouse,Transport-moving,White,Male,United-States,dice,0
94.0,14.0,1295.0,0.0,40.0,Private,Married-civ-spouse,Prof-specialty,White,Male,United-States,dice,0
78.0,14.0,0.0,0.0,40.0,Without-pay,Married-civ-spouse,Prof-specialty,White,Male,United-States,dice,0
28.0,14.0,0.0,0.0,40.0,Federal-gov,Never-married,Prof-specialty,White,Male,United-States,dice,0
53.0,6.0,0.0,0.0,40.0,Private,Married-civ-spouse,Prof-specialty,White,Male,United-States,dice,0
28.0,14.0,0.0,0.0,40.0,Without-pay,Married-civ-spouse,Prof-specialty,White,Male,United-States,dice,0
28.0,14.0,0.0,0.0,40.0,Private,Married-AF-spouse,Priv-house-serv,White,Male,United-States,dice,0
28.0,1.0,0.0,3100.0,40.0,Private,Married-civ-spouse,Prof-specialty,White,Male,United-States,dice,0
28.0,11.0,0.0,0.0,27.0,Private,Married-civ-spouse,Prof-specialty,White,Male,United-States,dice,0
28.0,14.0,0.0,0.0,7.0,Private,Married-civ-spouse,Prof-specialty,White,Male,United-States,dice,0
28.0,1.0,0.0,3089.0,40.0,Private,Married-civ-spouse,Prof-specialty,White,Male,United-States,dice,0
28.0,14.0,0.0,0.0,40.0,Private,Married-civ-spouse,?,White,Male,United-States,dice,0
28.0,14.0,0.0,0.0,40.0,Local-gov,Separated,Prof-specialty,White,Male,United-States,dice,0
28.0,10.0,0.0,0.0,40.0,Private,Married-civ-spouse,Priv-house-serv,White,Male,United-States,dice,0
98.0,14.0,0.0,0.0,40.0,Private,Married-civ-spouse,Prof-specialty,White,Male,United-States,dice,0
21.0,12.0,0.0,0.0,34.0,Private,Married-civ-spouse,Other-service,White,Male,United-States,fimap,0
21.0,12.0,0.0,0.0,34.0,Private,Married-civ-spouse,Prof-specialty,White,Male,United-States,fimap,0
24.0,13.0,0.0,0.0,35.0,Private,Married-civ-spouse,Prof-specialty,White,Male,United-States,cadex,0
24.0,13.0,0.0,0.0,40.0,Private,Married-civ-spouse,Prof-specialty,White,Male,United-States,cadex,0
24.0,14.0,0.0,0.0,40.0,Private,Married-civ-spouse,Prof-specialty,White,Male,United-States,cadex,0
24.0,14.0,0.0,0.0,40.0,Private,Married-civ-spouse,Prof-specialty,White,Male,United-States,cadex,0
26.0,13.0,0.0,0.0,38.0,Private,Married-civ-spouse,Craft-repair,White,Male,United-States,fimap,0
26.0,13.0,0.0,0.0,38.0,Private,Married-civ-spouse,?,White,Male,United-States,fimap,0
27.0,13.0,0.0,0.0,38.0,Private,Married-civ-spouse,Handlers-cleaners,White,Male,United-States,fimap,0
27.0,13.0,0.0,0.0,38.0,Private,Never-married,Craft-repair,White,Male,United-States,fimap,0
28.0,14.0,0.0,0.0,40.0,Private,Married-civ-spouse,Prof-specialty,White,Male,United-States,cadex,0
20.0,14.0,0.0,0.0,39.0,Private,Married-civ-spouse,Prof-specialty,White,Male,United-States,wachter,0
25.0,13.0,0.0,0.0,38.0,Private,Married-civ-spouse,Prof-specialty,White,Male,United-States,wachter,1
25.0,14.0,0.0,0.0,51.0,Private,Married-civ-spouse,Prof-specialty,White,Male,United-States,wachter,1
20.0,14.0,0.0,0.0,39.0,Private,Married-civ-spouse,Prof-specialty,White,Male,United-States,wachter,0
39.0,13.0,0.0,0.0,85.0,Private,Married-civ-spouse,Prof-specialty,White,Male,United-States,wachter,1
23.0,13.0,0.0,0.0,39.0,Private,Married-civ-spouse,Prof-specialty,White,Male,United-States,wachter,1
20.0,13.0,0.0,0.0,40.0,Private,Married-civ-spouse,Prof-specialty,White,Male,United-States,wachter,0
64.0,13.0,0.0,0.0,36.0,Private,Married-civ-spouse,Prof-specialty,White,Male,United-States,wachter,1
22.0,13.0,0.0,0.0,37.0,Private,Married-civ-spouse,Prof-specialty,White,Male,United-States,wachter,0
20.0,14.0,1.0,0.0,39.0,Private,Married-civ-spouse,Prof-specialty,White,Male,United-States,wachter,0
19.0,14.0,0.0,0.0,40.0,Private,Married-civ-spouse,Prof-specialty,White,Male,United-States,cem,0
28.0,14.0,0.0,0.0,40.0,Private,Married-civ-spouse,Handlers-cleaners,White,Male,United-States,cfproto,0
26.0,13.0,0.0,0.0,39.0,Self-emp-inc,Married-civ-spouse,Priv-house-serv,White,Male,South,cfproto,0
28.0,14.0,0.0,0.0,40.0,Private,Married-civ-spouse,Other-service,White,Male,China,cfproto,0
28.0,14.0,0.0,0.0,40.0,State-gov,Married-civ-spouse,Priv-house-serv,White,Male,South,cfproto,0
28.0,14.0,0.0,0.0,40.0,Private,Married-civ-spouse,Transport-moving,White,Male,Japan,cfproto,0
28.0,14.0,0.0,0.0,40.0,Private,Married-civ-spouse,Handlers-cleaners,White,Male,Vietnam,cfproto,0
28.0,14.0,0.0,0.0,40.0,Private,Married-civ-spouse,Exec-managerial,White,Male,Haiti,cfproto,0
28.0,14.0,0.0,0.0,40.0,Private,Married-civ-spouse,Handlers-cleaners,White,Male,United-States,cfproto,0
30.0,13.0,0.0,217.0,40.0,Local-gov,Married-AF-spouse,?,White,Male,United-States,growing-spheres,0
25.0,13.0,604.0,283.0,34.0,Local-gov,Married-civ-spouse,Prof-specialty,White,Male,United-States,growing-spheres,0
28.0,13.0,0.0,0.0,39.0,Self-emp-inc,Divorced,Exec-managerial,White,Male,United-States,growing-spheres,0
28.0,13.0,3913.0,579.0,28.0,Never-worked,Separated,Handlers-cleaners,White,Male,United-States,growing-spheres,0
27.0,14.0,1803.0,108.0,37.0,Never-worked,Married-civ-spouse,Farming-fishing,White,Male,United-States,growing-spheres,0
24.0,13.0,36.0,195.0,56.0,Private,Married-AF-spouse,Exec-managerial,White,Male,United-States,growing-spheres,1
28.0,14.0,1876.0,11.0,40.0,Private,Married-AF-spouse,?,White,Male,United-States,growing-spheres,1
31.0,13.0,0.0,199.0,42.0,?,Married-civ-spouse,?,White,Male,United-States,growing-spheres,0
24.0,14.0,0.0,126.0,40.0,?,Married-civ-spouse,Armed-Forces,White,Male,United-States,growing-spheres,0
21.0,13.0,9606.0,0.0,44.0,Local-gov,Married-civ-spouse,Craft-repair,White,Male,United-States,growing-spheres,1
27.0,14.0,2046.0,57.0,39.0,?,Married-civ-spouse,Farming-fishing,White,Male,United-States,growing-spheres,0
24.0,14.0,1256.0,0.0,42.0,Private,Divorced,Craft-repair,White,Male,United-States,growing-spheres,0
27.0,14.0,0.0,5.0,39.0,Private,Married-AF-spouse,Adm-clerical,White,Male,United-States,growing-spheres,0
28.0,13.0,2391.0,153.0,38.0,Private,Divorced,Handlers-cleaners,White,Male,United-States,growing-spheres,0
24.0,14.0,0.0,79.0,37.0,?,Married-AF-spouse,Adm-clerical,White,Male,United-States,growing-spheres,0
24.0,15.0,0.0,80.0,30.0,Local-gov,Married-civ-spouse,Exec-managerial,White,Male,United-States,growing-spheres,1
29.0,13.0,0.0,0.0,40.0,Never-worked,Married-AF-spouse,Adm-clerical,White,Male,United-States,growing-spheres,0
27.0,14.0,325.0,2.0,40.0,Federal-gov,Divorced,Craft-repair,White,Male,United-States,growing-spheres,0
27.0,14.0,0.0,0.0,37.0,?,Married-civ-spouse,Armed-Forces,White,Male,United-States,growing-spheres,0
25.0,13.0,2647.0,0.0,42.0,?,Married-civ-spouse,?,White,Male,United-States,growing-spheres,0
30.0,9.0,0.0,0.0,34.0,Private,Married-civ-spouse,Prof-specialty,White,Male,United-States,face,0
26.0,13.0,0.0,0.0,38.0,Private,Never-married,Prof-specialty,White,Male,United-States,face,0
30.0,9.0,0.0,0.0,34.0,Private,Married-civ-spouse,Prof-specialty,White,Male,United-States,face,0
30.0,10.0,0.0,0.0,25.0,Private,Married-civ-spouse,Prof-specialty,White,Male,United-States,face,0
29.0,9.0,0.0,0.0,39.0,Private,Married-civ-spouse,Prof-specialty,White,Male,United-States,face,0
27.0,10.0,0.0,0.0,39.0,Private,Married-civ-spouse,Prof-specialty,White,Male,United-States,face,0
46.0,10.0,0.0,0.0,10.0,Private,Married-civ-spouse,Prof-specialty,White,Male,United-States,face,0
24.0,13.0,0.0,0.0,29.0,Private,Married-civ-spouse,Prof-specialty,White,Male,United-States,face,0
29.0,9.0,0.0,0.0,39.0,Private,Married-civ-spouse,Prof-specialty,White,Male,United-States,face,0
73.0,13.0,0.0,0.0,14.0,Private,Married-civ-spouse,Prof-specialty,White,Male,United-States,face,0
