age,education.num,capital.gain,capital.loss,hours.per.week,workclass,marital.status,occupation,race,sex,native.country,explainer,income
48.0,4.0,0,0,45.0,Private,Married-civ-spouse,Sales,White,Male,United-States,dice,0
48.0,6.0,0,0,45.0,Private,Married-spouse-absent,Craft-repair,White,Male,United-States,dice,0
42.0,13.0,0,0,45.0,Private,Divorced,Craft-repair,White,Male,United-States,dice,0
48.0,1.0,0,0,45.0,State-gov,Married-civ-spouse,Craft-repair,White,Male,United-States,dice,0
48.0,13.0,0,0,1.0,Private,Married-civ-spouse,Craft-repair,White,Male,United-States,dice,0
53.0,13.0,0,0,45.0,Without-pay,Married-civ-spouse,Craft-repair,White,Male,United-States,dice,0
48.0,13.0,0,0,45.0,Without-pay,Married-civ-spouse,Machine-op-inspct,White,Male,United-States,dice,0
48.0,10.0,0,0,45.0,Private,Widowed,Craft-repair,White,Male,United-States,dice,0
26.0,13.0,0,0,45.0,Private,Divorced,Craft-repair,White,Male,United-States,dice,0
82.0,13.0,0,0,45.0,Private,Never-married,Craft-repair,White,Male,United-States,dice,0
48.0,13.0,0,0,45.0,Self-emp-not-inc,Married-AF-spouse,Craft-repair,White,Male,United-States,dice,0
48.0,13.0,0,0,12.0,Private,Married-civ-spouse,Priv-house-serv,White,Male,United-States,dice,0
91.0,13.0,0,0,13.0,Private,Married-civ-spouse,Craft-repair,White,Male,United-States,dice,0
95.0,13.0,0,0,45.0,Private,Married-civ-spouse,Craft-repair,White,Male,United-States,dice,0
48.0,13.0,0,0,45.0,State-gov,Never-married,Craft-repair,White,Male,United-States,dice,0
48.0,3.0,0,0,45.0,Without-pay,Married-civ-spouse,Craft-repair,White,Male,United-States,dice,0
98.0,13.0,0,0,45.0,Private,Married-civ-spouse,Craft-repair,White,Male,United-States,dice,0
89.0,13.0,0,0,45.0,Private,Widowed,Craft-repair,White,Male,United-States,dice,0
48.0,5.0,0,0,45.0,Federal-gov,Married-civ-spouse,Craft-repair,White,Male,United-States,dice,0
27.0,13.0,0,0,45.0,Private,Married-civ-spouse,Farming-fishing,White,Male,United-States,dice,0
39.0,11.0,0,0,39.0,Private,Divorced,Sales,White,Male,United-States,fimap,0
39.0,11.0,0,0,39.0,Private,Married-civ-spouse,Tech-support,White,Male,United-States,fimap,0
41.0,11.0,0,0,35.0,Private,Married-civ-spouse,Craft-repair,White,Male,United-States,cadex,0
42.0,11.0,0,0,41.0,Private,Married-civ-spouse,Machine-op-inspct,White,Male,United-States,fimap,0
46.0,12.0,0,0,42.0,Private,Married-civ-spouse,Transport-moving,White,Male,United-States,fimap,0
46.0,12.0,0,0,42.0,Private,Married-civ-spouse,Craft-repair,White,Male,United-States,fimap,1
46.0,12.0,0,0,42.0,Private,Married-civ-spouse,Handlers-cleaners,White,Male,United-States,fimap,0
48.0,11.0,0,0,35.0,Private,Married-civ-spouse,Craft-repair,White,Male,United-States,cadex,0
48.0,11.0,0,0,35.0,Private,Married-civ-spouse,Craft-repair,White,Male,United-States,cadex,0
48.0,11.0,0,0,35.0,Private,Married-civ-spouse,Craft-repair,White,Male,United-States,cadex,0
48.0,13.0,0,0,45.0,Private,Married-civ-spouse,Craft-repair,White,Male,United-States,cadex,0
48.0,13.0,0,0,35.0,Private,Married-civ-spouse,Craft-repair,White,Male,United-States,cadex,0
48.0,13.0,0,0,35.0,Private,Married-civ-spouse,Craft-repair,White,Male,United-States,cadex,0
48.0,13.0,0,0,45.0,Private,Married-civ-spouse,Craft-repair,White,Male,United-States,cadex,0
48.0,12.0,0,0,43.0,Private,Married-civ-spouse,Craft-repair,White,Male,United-States,wachter,1
49.0,12.0,0,0,44.0,Private,Married-civ-spouse,Craft-repair,White,Male,United-States,wachter,1
48.0,12.0,0,0,44.0,Private,Married-civ-spouse,Craft-repair,White,Male,United-States,wachter,1
48.0,12.0,0,0,16.0,Private,Married-civ-spouse,Craft-repair,White,Male,United-States,wachter,0
47.0,13.0,0,0,44.0,Private,Married-civ-spouse,Craft-repair,White,Male,United-States,wachter,1
48.0,13.0,0,0,43.0,Private,Married-civ-spouse,Craft-repair,White,Male,United-States,wachter,1
48.0,12.0,0,0,44.0,Private,Married-civ-spouse,Craft-repair,White,Male,United-States,wachter,1
47.0,13.0,0,0,42.0,Private,Married-civ-spouse,Craft-repair,White,Male,United-States,wachter,1
47.0,12.0,0,0,44.0,Private,Married-civ-spouse,Craft-repair,White,Male,United-States,wachter,1
47.0,12.0,0,0,44.0,Private,Married-civ-spouse,Craft-repair,White,Male,United-States,wachter,1
48.0,13.0,0,0,32.0,Private,Married-civ-spouse,Craft-repair,White,Male,United-States,cem,1
48.0,12.0,0,0,44.0,Self-emp-inc,Married-civ-spouse,Priv-house-serv,White,Male,Laos,cfproto,0
48.0,13.0,0,0,45.0,Private,Married-civ-spouse,Craft-repair,White,Male,Ecuador,cfproto,0
48.0,13.0,0,0,45.0,Private,Married-civ-spouse,Craft-repair,White,Male,Columbia,cfproto,0
48.0,13.0,0,0,45.0,Private,Married-civ-spouse,Craft-repair,White,Male,Greece,cfproto,0
48.0,13.0,0,0,45.0,Private,Married-civ-spouse,Craft-repair,White,Male,Greece,cfproto,0
48.0,13.0,0,0,45.0,Private,Married-civ-spouse,Craft-repair,White,Male,Greece,cfproto,0
48.0,13.0,0,0,45.0,Without-pay,Married-civ-spouse,Priv-house-serv,White,Male,China,cfproto,0
48.0,13.0,0,0,45.0,Private,Married-civ-spouse,Craft-repair,White,Male,Greece,cfproto,0
55.0,11.0,10424,0,40.0,Local-gov,Married-civ-spouse,Craft-repair,White,Male,United-States,growing-spheres,1
38.0,12.0,0,28,54.0,Local-gov,Divorced,Armed-Forces,White,Male,United-States,growing-spheres,0
48.0,12.0,70,0,44.0,Local-gov,Married-AF-spouse,Armed-Forces,White,Male,United-States,growing-spheres,0
51.0,13.0,2002,202,39.0,?,Married-civ-spouse,Adm-clerical,White,Male,United-States,growing-spheres,1
47.0,13.0,0,0,44.0,Never-worked,Married-AF-spouse,Handlers-cleaners,White,Male,United-States,growing-spheres,0
50.0,13.0,0,175,46.0,Private,Married-AF-spouse,?,White,Male,United-States,growing-spheres,0
43.0,13.0,0,325,55.0,Private,Married-civ-spouse,Armed-Forces,White,Male,United-States,growing-spheres,0
47.0,12.0,1739,0,44.0,Private,Divorced,Craft-repair,White,Male,United-States,growing-spheres,1
49.0,11.0,5857,63,41.0,?,Married-civ-spouse,Adm-clerical,White,Male,United-States,growing-spheres,1
41.0,13.0,0,21,54.0,?,Married-civ-spouse,Craft-repair,White,Male,United-States,growing-spheres,1
48.0,12.0,0,217,45.0,Local-gov,Married-civ-spouse,Craft-repair,White,Male,United-States,growing-spheres,1
51.0,14.0,0,92,49.0,Private,Married-AF-spouse,Craft-repair,White,Male,United-States,growing-spheres,1
44.0,12.0,7369,0,52.0,?,Married-civ-spouse,Craft-repair,White,Male,United-States,growing-spheres,1
46.0,12.0,0,3,45.0,Local-gov,Married-AF-spouse,Craft-repair,White,Male,United-States,growing-spheres,0
46.0,12.0,3115,139,43.0,Private,Married-AF-spouse,Craft-repair,White,Male,United-States,growing-spheres,1
49.0,13.0,0,0,45.0,?,Divorced,Tech-support,White,Male,United-States,growing-spheres,0
46.0,14.0,4889,646,44.0,Private,Married-civ-spouse,Craft-repair,White,Male,United-States,growing-spheres,1
47.0,12.0,0,15,44.0,?,Married-civ-spouse,Armed-Forces,White,Male,United-States,growing-spheres,0
46.0,12.0,128,39,45.0,Private,Divorced,?,White,Male,United-States,growing-spheres,0
48.0,12.0,121,0,45.0,Federal-gov,Married-civ-spouse,Craft-repair,White,Male,United-States,growing-spheres,1
35.0,9.0,0,0,39.0,Private,Married-civ-spouse,Craft-repair,White,Male,United-States,face,0
31.0,10.0,0,0,44.0,Private,Married-civ-spouse,Craft-repair,White,Male,United-States,face,0
34.0,10.0,0,0,39.0,Private,Married-civ-spouse,Craft-repair,White,Male,United-States,face,0
30.0,10.0,0,0,39.0,Private,Married-civ-spouse,Craft-repair,White,Male,United-States,face,0
34.0,10.0,0,0,39.0,Private,Married-civ-spouse,Craft-repair,White,Male,United-States,face,0
37.0,9.0,0,0,39.0,Private,Married-civ-spouse,Craft-repair,White,Male,United-States,face,0
34.0,10.0,0,0,39.0,Private,Married-civ-spouse,Craft-repair,White,Male,United-States,face,0
34.0,10.0,0,0,39.0,Private,Married-civ-spouse,Craft-repair,White,Male,United-States,face,0
34.0,10.0,0,0,39.0,Private,Married-civ-spouse,Craft-repair,White,Male,United-States,face,0
37.0,9.0,0,0,39.0,Private,Married-civ-spouse,Craft-repair,White,Male,United-States,face,0
