age,education.num,capital.gain,capital.loss,hours.per.week,workclass,marital.status,occupation,race,sex,native.country,explainer,income
28.0,5,78446.0,2583.0,40.0,Private,Never-married,Machine-op-inspct,Other,Male,Mexico,dice,1
28.0,5,67541.0,0.0,40.0,?,Never-married,Machine-op-inspct,Other,Male,Mexico,dice,1
28.0,5,75627.0,0.0,40.0,Private,Separated,Machine-op-inspct,Other,Male,Mexico,dice,1
28.0,5,32099.0,0.0,40.0,Private,Divorced,Machine-op-inspct,Other,Male,Mexico,dice,1
65.0,5,36047.0,0.0,40.0,Private,Never-married,Machine-op-inspct,Other,Male,Mexico,dice,1
28.0,5,53137.0,0.0,40.0,Private,Never-married,Machine-op-inspct,Other,Male,Mexico,dice,1
28.0,5,39039.0,2726.0,40.0,Private,Never-married,Machine-op-inspct,Other,Male,Mexico,dice,1
28.0,5,30232.0,0.0,40.0,Private,Never-married,Machine-op-inspct,Other,Male,Mexico,dice,1
28.0,5,77254.0,0.0,40.0,Private,Married-civ-spouse,Machine-op-inspct,Other,Male,Mexico,dice,1
28.0,5,90914.0,0.0,40.0,Private,Never-married,Machine-op-inspct,Other,Male,Mexico,dice,1
28.0,5,59471.0,0.0,40.0,Private,Never-married,Machine-op-inspct,Other,Male,Mexico,dice,1
80.0,5,37398.0,0.0,40.0,Private,Never-married,Machine-op-inspct,Other,Male,Mexico,dice,1
28.0,5,87320.0,1859.0,40.0,Private,Never-married,Machine-op-inspct,Other,Male,Mexico,dice,1
28.0,5,54925.0,0.0,77.0,Private,Never-married,Machine-op-inspct,Other,Male,Mexico,dice,1
84.0,5,88385.0,0.0,40.0,Private,Never-married,Machine-op-inspct,Other,Male,Mexico,dice,1
28.0,5,62077.0,0.0,40.0,Private,Never-married,Machine-op-inspct,Other,Male,Mexico,dice,1
28.0,5,79757.0,0.0,95.0,Private,Never-married,Machine-op-inspct,Other,Male,Mexico,dice,1
28.0,5,19963.0,0.0,40.0,Private,Married-civ-spouse,Machine-op-inspct,Other,Male,Mexico,dice,1
72.0,5,89001.0,0.0,40.0,Private,Never-married,Machine-op-inspct,Other,Male,Mexico,dice,1
28.0,5,89872.0,0.0,40.0,Private,Never-married,Machine-op-inspct,Other,Male,Mexico,dice,1
28.0,5,22575.0,0.0,61.0,Private,Never-married,Machine-op-inspct,Other,Male,Mexico,cadex,1
28.0,5,23031.0,0.0,40.0,Private,Never-married,Machine-op-inspct,Other,Male,Mexico,cadex,1
28.0,5,24749.0,0.0,40.0,Private,Never-married,Machine-op-inspct,Other,Male,Mexico,cadex,1
36.0,6,12445.0,87.0,44.0,Private,Married-civ-spouse,Handlers-cleaners,Other,Male,Mexico,fimap,1
37.0,6,13420.0,88.0,45.0,Private,Married-civ-spouse,?,Other,Male,Mexico,fimap,0
38.0,7,14196.0,94.0,45.0,Private,Divorced,Handlers-cleaners,Other,Male,Mexico,fimap,0
39.0,9,29096.0,231.0,51.0,Private,Married-civ-spouse,Adm-clerical,Other,Male,Mexico,fimap,1
40.0,7,17136.0,767.0,56.0,Private,Never-married,Machine-op-inspct,Other,Male,Mexico,cadex,1
40.0,7,17251.0,0.0,56.0,Private,Never-married,Machine-op-inspct,Other,Male,Mexico,cadex,1
40.0,7,17657.0,0.0,56.0,Private,Never-married,Machine-op-inspct,Other,Male,Mexico,cadex,1
41.0,7,18546.0,0.0,57.0,Private,Never-married,Machine-op-inspct,Other,Male,Mexico,cadex,1
41.0,7,19029.0,125.0,47.0,Private,Married-civ-spouse,Prof-specialty,Other,Male,Mexico,fimap,1
41.0,5,18771.0,0.0,57.0,Private,Never-married,Machine-op-inspct,Other,Male,Mexico,cadex,1
42.0,9,31214.0,273.0,53.0,Private,Married-civ-spouse,Prof-specialty,Other,Male,Mexico,fimap,1
68.0,5,13613.0,0.0,98.0,Private,Never-married,Craft-repair,Other,Male,Mexico,wachter,1
84.0,9,19630.0,962.0,95.0,Local-gov,Separated,Machine-op-inspct,Other,Male,Mexico,wachter,1
69.0,5,13677.0,5.0,99.0,Private,Separated,Craft-repair,Other,Male,Mexico,wachter,0
84.0,9,19625.0,960.0,95.0,Local-gov,Separated,Machine-op-inspct,Other,Male,Mexico,wachter,1
87.0,5,14386.0,0.0,98.0,Self-emp-not-inc,Married-AF-spouse,Machine-op-inspct,Other,Male,Mexico,wachter,1
78.0,5,10612.0,270.0,98.0,Private,Married-civ-spouse,Craft-repair,Other,Male,Mexico,wachter,1
61.0,6,15324.0,0.0,98.0,Local-gov,Never-married,Prof-specialty,Other,Male,Mexico,wachter,1
85.0,6,9128.0,58.0,97.0,Private,Married-civ-spouse,Craft-repair,Other,Male,Mexico,wachter,1
73.0,6,11808.0,0.0,98.0,Private,Married-civ-spouse,Prof-specialty,Other,Male,Mexico,wachter,1
50.0,5,12324.0,93.0,99.0,Private,Married-spouse-absent,Prof-specialty,Other,Male,Mexico,wachter,1
28.0,5,23490.0,0.0,40.0,Private,Never-married,Machine-op-inspct,Other,Male,Mexico,cem,1
28.0,3,24582.0,0.0,33.0,Self-emp-inc,Never-married,Machine-op-inspct,Other,Male,Mexico,cfproto,1
28.0,5,20626.0,0.0,40.0,Self-emp-inc,Never-married,Machine-op-inspct,Other,Male,Taiwan,cfproto,1
28.0,5,33997.0,0.0,40.0,Self-emp-not-inc,Never-married,Machine-op-inspct,Other,Male,Vietnam,cfproto,1
28.0,5,26268.0,0.0,40.0,Self-emp-inc,Never-married,Machine-op-inspct,Other,Male,India,cfproto,1
30.0,5,27533.0,0.0,42.0,?,Never-married,Protective-serv,White,Male,Outlying-US(Guam-USVI-etc),cfproto,1
28.0,5,20626.0,0.0,40.0,Self-emp-inc,Never-married,Machine-op-inspct,Other,Male,Taiwan,cfproto,1
47.0,7,36585.0,937.0,51.0,Local-gov,Divorced,Adm-clerical,Other,Male,Mexico,growing-spheres,1
44.0,6,47199.0,0.0,33.0,Private,Married-spouse-absent,Armed-Forces,Other,Male,Mexico,growing-spheres,1
36.0,5,22124.0,0.0,46.0,?,Divorced,Exec-managerial,Other,Male,Mexico,growing-spheres,1
21.0,2,42806.0,1450.0,50.0,Self-emp-not-inc,Widowed,Machine-op-inspct,Other,Male,Mexico,growing-spheres,1
45.0,1,52419.0,185.0,77.0,Never-worked,Married-AF-spouse,Machine-op-inspct,Other,Male,Mexico,growing-spheres,1
39.0,7,40895.0,0.0,60.0,Federal-gov,Married-civ-spouse,Adm-clerical,Other,Male,Mexico,growing-spheres,1
22.0,8,32067.0,435.0,51.0,Local-gov,Divorced,Adm-clerical,Other,Male,Mexico,growing-spheres,1
45.0,4,33678.0,984.0,31.0,?,Married-AF-spouse,?,Other,Male,Mexico,growing-spheres,1
38.0,6,40276.0,391.0,23.0,?,Divorced,Craft-repair,Other,Male,Mexico,growing-spheres,1
29.0,5,28607.0,521.0,23.0,?,Divorced,Handlers-cleaners,Other,Male,Mexico,growing-spheres,1
34.0,1,30254.0,395.0,57.0,?,Divorced,Craft-repair,Other,Male,Mexico,growing-spheres,1
29.0,3,43789.0,0.0,31.0,?,Married-civ-spouse,Exec-managerial,Other,Male,Mexico,growing-spheres,1
36.0,8,12889.0,0.0,43.0,?,Married-AF-spouse,Craft-repair,Other,Male,Mexico,growing-spheres,0
30.0,6,39480.0,347.0,53.0,Local-gov,Never-married,Adm-clerical,Other,Male,Mexico,growing-spheres,1
37.0,5,28383.0,0.0,52.0,Local-gov,Married-AF-spouse,Adm-clerical,Other,Male,Mexico,growing-spheres,1
17.0,1,42714.0,1046.0,52.0,?,Divorced,Handlers-cleaners,Other,Male,Mexico,growing-spheres,1
29.0,1,30911.0,199.0,64.0,Never-worked,Married-AF-spouse,Prof-specialty,Other,Male,Mexico,growing-spheres,1
54.0,3,39708.0,0.0,60.0,Federal-gov,Divorced,Exec-managerial,Other,Male,Mexico,growing-spheres,1
37.0,3,34658.0,0.0,36.0,Private,Married-civ-spouse,?,Other,Male,Mexico,growing-spheres,1
34.0,7,36454.0,0.0,54.0,Self-emp-not-inc,Divorced,Adm-clerical,Other,Male,Mexico,growing-spheres,1
39.0,9,0.0,0.0,44.0,Private,Married-civ-spouse,Machine-op-inspct,White,Male,United-States,face,1
29.0,9,3137.0,0.0,48.0,Private,Married-civ-spouse,Machine-op-inspct,White,Male,Ireland,face,1
39.0,9,0.0,0.0,44.0,Private,Married-civ-spouse,Machine-op-inspct,White,Male,United-States,face,1
41.0,9,0.0,0.0,39.0,Private,Married-civ-spouse,Machine-op-inspct,White,Male,United-States,face,0
32.0,9,0.0,0.0,39.0,Private,Married-civ-spouse,Craft-repair,Other,Male,United-States,face,0
41.0,9,2885.0,0.0,39.0,Private,Married-civ-spouse,Machine-op-inspct,White,Male,United-States,face,1
35.0,9,8614.0,0.0,39.0,Self-emp-not-inc,Never-married,Machine-op-inspct,White,Male,United-States,face,1
41.0,9,0.0,0.0,39.0,Private,Married-civ-spouse,Machine-op-inspct,White,Male,United-States,face,0
32.0,7,13549.0,0.0,59.0,Private,Never-married,Craft-repair,Amer-Indian-Eskimo,Male,United-States,face,1
41.0,9,0.0,0.0,39.0,Private,Married-civ-spouse,Craft-repair,Other,Male,United-States,face,1
