age,education.num,capital.gain,capital.loss,hours.per.week,workclass,marital.status,occupation,race,sex,native.country,explainer,income
33.0,3.0,10520.0,0.0,40.0,State-gov,Separated,Handlers-cleaners,White,Male,United-States,dice,0
21.0,10.0,10520.0,0.0,40.0,State-gov,Separated,Machine-op-inspct,White,Male,United-States,dice,0
33.0,6.0,10520.0,0.0,40.0,State-gov,Separated,Tech-support,White,Male,United-States,dice,0
33.0,10.0,10520.0,0.0,47.0,Never-worked,Separated,Prof-specialty,White,Male,United-States,dice,0
64.0,10.0,10520.0,0.0,4.0,State-gov,Separated,Prof-specialty,White,Male,United-States,dice,0
33.0,10.0,2560.0,0.0,40.0,State-gov,Separated,Craft-repair,White,Male,United-States,dice,0
33.0,10.0,10520.0,0.0,40.0,State-gov,Separated,Armed-Forces,White,Male,United-States,dice,0
44.0,10.0,10520.0,0.0,6.0,State-gov,Separated,Prof-specialty,White,Male,United-States,dice,0
33.0,10.0,10520.0,0.0,40.0,Without-pay,Divorced,Prof-specialty,White,Male,United-States,dice,0
33.0,2.0,10520.0,0.0,40.0,Private,Separated,Prof-specialty,White,Male,United-States,dice,0
33.0,9.0,10520.0,0.0,27.0,State-gov,Separated,Prof-specialty,White,Male,United-States,dice,0
33.0,10.0,10520.0,2220.0,40.0,State-gov,Separated,Armed-Forces,White,Male,United-States,dice,0
33.0,4.0,10520.0,0.0,40.0,Without-pay,Separated,Prof-specialty,White,Male,United-States,dice,0
77.0,10.0,10520.0,0.0,11.0,State-gov,Separated,Prof-specialty,White,Male,United-States,dice,0
56.0,10.0,10520.0,0.0,40.0,State-gov,Separated,Other-service,White,Male,United-States,dice,0
33.0,1.0,10520.0,0.0,92.0,State-gov,Separated,Prof-specialty,White,Male,United-States,dice,0
33.0,10.0,3840.0,0.0,15.0,State-gov,Separated,Prof-specialty,White,Male,United-States,dice,0
33.0,10.0,10520.0,79.0,40.0,State-gov,Separated,Armed-Forces,White,Male,United-States,dice,0
53.0,3.0,10520.0,0.0,40.0,State-gov,Separated,Prof-specialty,White,Male,United-States,dice,0
97.0,10.0,10520.0,0.0,40.0,State-gov,Separated,Tech-support,White,Male,United-States,dice,0
24.0,7.0,0.0,0.0,34.0,Private,Married-civ-spouse,Machine-op-inspct,White,Male,United-States,fimap,0
24.0,8.0,0.0,0.0,34.0,Private,Married-civ-spouse,Prof-specialty,White,Male,United-States,fimap,0
26.0,8.0,2620.0,0.0,36.0,Private,Never-married,Machine-op-inspct,White,Male,United-States,fimap,0
29.0,9.0,5520.0,0.0,35.0,State-gov,Separated,Prof-specialty,White,Male,United-States,cadex,0
29.0,9.0,5520.0,0.0,35.0,State-gov,Separated,Prof-specialty,White,Male,United-States,cadex,0
30.0,8.0,3605.0,0.0,36.0,Private,Married-civ-spouse,Exec-managerial,White,Male,United-States,fimap,1
30.0,9.0,4433.0,0.0,37.0,Private,Married-civ-spouse,Farming-fishing,White,Male,United-States,fimap,0
30.0,9.0,4566.0,0.0,37.0,Private,Married-civ-spouse,Other-service,White,Male,United-States,fimap,0
33.0,9.0,5520.0,0.0,35.0,State-gov,Separated,Prof-specialty,White,Male,United-States,cadex,0
33.0,10.0,5520.0,0.0,35.0,State-gov,Separated,Prof-specialty,White,Male,United-States,cadex,0
33.0,10.0,5520.0,0.0,40.0,State-gov,Separated,Prof-specialty,White,Male,United-States,cadex,0
43.0,10.0,4484.0,0.0,47.0,State-gov,Separated,Prof-specialty,White,Male,United-States,wachter,0
49.0,9.0,3578.0,0.0,51.0,State-gov,Separated,Prof-specialty,White,Male,United-States,wachter,0
78.0,9.0,5685.0,352.0,62.0,State-gov,Separated,Prof-specialty,White,Male,United-States,wachter,1
32.0,10.0,7396.0,0.0,40.0,State-gov,Separated,Prof-specialty,White,Male,United-States,wachter,0
32.0,9.0,6421.0,0.0,47.0,State-gov,Separated,Prof-specialty,White,Male,United-States,wachter,0
32.0,10.0,7389.0,0.0,39.0,State-gov,Separated,Prof-specialty,White,Male,United-States,wachter,0
33.0,9.0,7336.0,0.0,39.0,State-gov,Separated,Prof-specialty,White,Male,United-States,wachter,0
32.0,10.0,7378.0,0.0,40.0,State-gov,Separated,Prof-specialty,White,Male,United-States,wachter,0
75.0,10.0,4681.0,100.0,58.0,State-gov,Separated,Prof-specialty,White,Male,United-States,wachter,0
32.0,10.0,7416.0,0.0,40.0,State-gov,Separated,Prof-specialty,White,Male,United-States,wachter,0
31.0,9.0,10519.0,0.0,36.0,State-gov,Separated,Prof-specialty,White,Male,United-States,cem,1
33.0,10.0,10519.0,0.0,40.0,State-gov,Separated,Prof-specialty,White,Male,Mexico,cfproto,0
33.0,10.0,10519.0,0.0,40.0,State-gov,Separated,Prof-specialty,White,Male,Germany,cfproto,0
33.0,10.0,10519.0,0.0,40.0,State-gov,Separated,Prof-specialty,White,Male,Laos,cfproto,0
33.0,10.0,10295.0,0.0,40.0,Without-pay,Separated,Other-service,White,Male,China,cfproto,0
33.0,10.0,10519.0,0.0,40.0,Without-pay,Separated,Protective-serv,White,Male,Ireland,cfproto,0
33.0,10.0,10519.0,0.0,40.0,State-gov,Separated,Prof-specialty,White,Male,Germany,cfproto,0
33.0,10.0,10519.0,0.0,40.0,State-gov,Separated,Prof-specialty,White,Male,Germany,cfproto,0
33.0,10.0,10519.0,0.0,40.0,State-gov,Separated,Prof-specialty,White,Male,Mexico,cfproto,0
33.0,10.0,10519.0,0.0,40.0,State-gov,Separated,Prof-specialty,White,Male,Germany,cfproto,0
33.0,10.0,10519.0,0.0,40.0,State-gov,Separated,Prof-specialty,White,Male,Germany,cfproto,0
32.0,10.0,17618.0,0.0,37.0,Federal-gov,Divorced,Farming-fishing,White,Male,United-States,growing-spheres,1
38.0,10.0,8919.0,0.0,41.0,Local-gov,Married-AF-spouse,Adm-clerical,White,Male,United-States,growing-spheres,1
33.0,9.0,9727.0,0.0,50.0,?,Divorced,Exec-managerial,White,Male,United-States,growing-spheres,1
31.0,10.0,7966.0,0.0,42.0,State-gov,Divorced,?,White,Male,United-States,growing-spheres,0
28.0,9.0,17323.0,9.0,46.0,?,Separated,?,White,Male,United-States,growing-spheres,1
36.0,9.0,732.0,0.0,44.0,Federal-gov,Married-civ-spouse,?,White,Male,United-States,growing-spheres,0
29.0,9.0,9304.0,269.0,37.0,Local-gov,Married-AF-spouse,Armed-Forces,White,Male,United-States,growing-spheres,1
45.0,9.0,10025.0,0.0,36.0,?,Married-spouse-absent,Farming-fishing,White,Male,United-States,growing-spheres,0
31.0,10.0,7322.0,0.0,45.0,?,Divorced,Adm-clerical,White,Male,United-States,growing-spheres,0
30.0,8.0,12238.0,0.0,47.0,?,Divorced,Exec-managerial,White,Male,United-States,growing-spheres,1
33.0,10.0,10381.0,0.0,39.0,Local-gov,Divorced,?,White,Male,United-States,growing-spheres,1
31.0,10.0,12023.0,130.0,41.0,?,Married-spouse-absent,Craft-repair,White,Male,United-States,growing-spheres,1
33.0,10.0,10038.0,0.0,39.0,?,Separated,Adm-clerical,White,Male,United-States,growing-spheres,1
31.0,11.0,0.0,0.0,43.0,Private,Divorced,Handlers-cleaners,White,Male,United-States,growing-spheres,0
26.0,8.0,14872.0,0.0,36.0,?,Separated,Farming-fishing,White,Male,United-States,growing-spheres,0
31.0,11.0,10376.0,0.0,37.0,Self-emp-inc,Separated,?,White,Male,United-States,growing-spheres,0
33.0,8.0,13753.0,0.0,31.0,Self-emp-inc,Divorced,Exec-managerial,White,Male,United-States,growing-spheres,1
28.0,10.0,13529.0,0.0,38.0,?,Married-civ-spouse,Adm-clerical,White,Male,United-States,growing-spheres,1
26.0,8.0,10233.0,0.0,40.0,Local-gov,Separated,Exec-managerial,White,Male,United-States,growing-spheres,0
34.0,9.0,9312.0,0.0,37.0,Local-gov,Married-spouse-absent,Craft-repair,White,Male,United-States,growing-spheres,1
29.0,10.0,0.0,0.0,34.0,State-gov,Never-married,Prof-specialty,White,Male,United-States,face,0
26.0,14.0,0.0,0.0,29.0,State-gov,Married-civ-spouse,Prof-specialty,White,Male,United-States,face,0
24.0,13.0,0.0,0.0,14.0,State-gov,Never-married,Prof-specialty,White,Male,United-States,face,0
29.0,13.0,0.0,0.0,39.0,Self-emp-not-inc,Separated,Prof-specialty,White,Male,United-States,face,0
21.0,10.0,0.0,0.0,19.0,State-gov,Never-married,Prof-specialty,White,Male,United-States,face,0
30.0,10.0,0.0,0.0,39.0,State-gov,Never-married,Prof-specialty,White,Male,United-States,face,0
26.0,13.0,0.0,0.0,39.0,State-gov,Never-married,Prof-specialty,White,Male,United-States,face,0
31.0,13.0,0.0,0.0,39.0,State-gov,Divorced,Prof-specialty,White,Male,United-States,face,0
38.0,10.0,0.0,0.0,39.0,State-gov,Separated,Exec-managerial,White,Male,United-States,face,0
30.0,10.0,0.0,0.0,39.0,State-gov,Never-married,Prof-specialty,White,Male,United-States,face,0
