age,education.num,capital.gain,capital.loss,hours.per.week,workclass,marital.status,occupation,race,sex,native.country,explainer,income
53.0,5.0,0.0,2690.0,40.0,Local-gov,Married-civ-spouse,Exec-managerial,White,Male,United-States,dice,1
53.0,5.0,93544.0,0.0,40.0,Local-gov,Married-civ-spouse,Exec-managerial,White,Male,United-States,dice,1
53.0,5.0,56802.0,0.0,9.0,Local-gov,Married-civ-spouse,Exec-managerial,White,Male,United-States,dice,1
53.0,5.0,0.0,0.0,40.0,Local-gov,Married-civ-spouse,Tech-support,White,Male,United-States,dice,1
53.0,5.0,0.0,0.0,40.0,State-gov,Married-civ-spouse,Tech-support,White,Male,United-States,dice,1
43.0,9.0,0.0,0.0,40.0,Local-gov,Married-civ-spouse,Exec-managerial,White,Male,United-States,dice,1
53.0,15.0,7260.0,0.0,40.0,Local-gov,Married-civ-spouse,Exec-managerial,White,Male,United-States,dice,1
53.0,5.0,99632.0,0.0,40.0,Local-gov,Married-civ-spouse,Exec-managerial,White,Male,United-States,dice,1
76.0,5.0,60267.0,0.0,40.0,Local-gov,Married-civ-spouse,Exec-managerial,White,Male,United-States,dice,1
53.0,5.0,50265.0,0.0,40.0,Local-gov,Married-civ-spouse,Exec-managerial,White,Male,United-States,dice,1
53.0,5.0,0.0,3756.0,40.0,Local-gov,Married-civ-spouse,Exec-managerial,White,Male,United-States,dice,1
53.0,5.0,16566.0,886.0,40.0,Local-gov,Married-civ-spouse,Exec-managerial,White,Male,United-States,dice,1
53.0,5.0,0.0,0.0,67.0,?,Married-civ-spouse,Exec-managerial,White,Male,United-States,dice,1
53.0,5.0,0.0,3889.0,40.0,Local-gov,Married-civ-spouse,Exec-managerial,White,Male,United-States,dice,1
53.0,10.0,0.0,0.0,40.0,Self-emp-inc,Married-civ-spouse,Exec-managerial,White,Male,United-States,dice,1
53.0,5.0,0.0,0.0,92.0,Local-gov,Married-civ-spouse,Tech-support,White,Male,United-States,dice,1
53.0,5.0,87458.0,0.0,11.0,Local-gov,Married-civ-spouse,Exec-managerial,White,Male,United-States,dice,1
53.0,5.0,64026.0,0.0,40.0,Local-gov,Married-spouse-absent,Exec-managerial,White,Male,United-States,dice,1
53.0,5.0,0.0,4017.0,40.0,Local-gov,Married-civ-spouse,Exec-managerial,White,Male,United-States,dice,1
53.0,5.0,26359.0,3220.0,40.0,Local-gov,Married-civ-spouse,Exec-managerial,White,Male,United-States,dice,1
50.0,6.0,7597.0,52.0,43.0,Private,Married-civ-spouse,Sales,White,Male,United-States,fimap,1
50.0,6.0,8098.0,57.0,43.0,Private,Married-civ-spouse,Transport-moving,White,Male,United-States,fimap,1
51.0,6.0,8285.0,64.0,43.0,Private,Never-married,Protective-serv,White,Male,United-States,fimap,0
52.0,6.0,9754.0,71.0,44.0,Private,Married-civ-spouse,Transport-moving,White,Male,United-States,fimap,1
53.0,5.0,4999.0,0.0,40.0,Local-gov,Married-civ-spouse,Exec-managerial,White,Male,United-States,cadex,1
53.0,5.0,4999.0,0.0,44.0,Local-gov,Married-civ-spouse,Exec-managerial,White,Male,United-States,cadex,1
53.0,5.0,4999.0,0.0,44.0,Local-gov,Married-civ-spouse,Exec-managerial,White,Male,United-States,cadex,1
53.0,5.0,4999.0,217.0,44.0,Local-gov,Married-civ-spouse,Exec-managerial,White,Male,United-States,cadex,1
56.0,6.0,12573.0,104.0,44.0,Private,Divorced,Prof-specialty,White,Male,United-States,fimap,1
56.0,6.0,12477.0,110.0,44.0,Private,Divorced,Farming-fishing,White,Male,United-States,fimap,1
56.0,5.0,4999.0,217.0,44.0,Local-gov,Married-civ-spouse,Exec-managerial,White,Male,United-States,cadex,1
52.0,4.0,2764.0,0.0,40.0,Local-gov,Married-civ-spouse,Exec-managerial,White,Male,United-States,wachter,0
52.0,4.0,2901.0,0.0,39.0,Local-gov,Married-civ-spouse,Exec-managerial,White,Male,United-States,wachter,0
53.0,5.0,2882.0,0.0,39.0,Local-gov,Married-civ-spouse,Exec-managerial,White,Male,United-States,wachter,1
52.0,5.0,2908.0,0.0,40.0,Local-gov,Married-civ-spouse,Exec-managerial,White,Male,United-States,wachter,1
52.0,5.0,2703.0,0.0,40.0,Local-gov,Married-civ-spouse,Exec-managerial,White,Male,United-States,wachter,1
52.0,4.0,2737.0,0.0,39.0,Local-gov,Married-civ-spouse,Exec-managerial,White,Male,United-States,wachter,0
52.0,5.0,2737.0,0.0,39.0,Local-gov,Married-civ-spouse,Exec-managerial,White,Male,United-States,wachter,1
53.0,5.0,2725.0,0.0,40.0,Local-gov,Married-civ-spouse,Exec-managerial,White,Male,United-States,wachter,1
54.0,5.0,3281.0,0.0,36.0,Local-gov,Married-civ-spouse,Exec-managerial,White,Male,United-States,wachter,1
52.0,4.0,2720.0,0.0,39.0,Local-gov,Married-civ-spouse,Exec-managerial,White,Male,United-States,wachter,0
53.0,5.0,4589.0,0.0,40.0,Local-gov,Married-civ-spouse,Exec-managerial,White,Male,United-States,cem,1
53.0,5.0,5030.0,0.0,40.0,Local-gov,Married-civ-spouse,Exec-managerial,White,Male,United-States,cfproto,1
53.0,5.0,0.0,0.0,40.0,Local-gov,Married-civ-spouse,Exec-managerial,White,Male,France,cfproto,1
53.0,5.0,0.0,0.0,40.0,Local-gov,Married-civ-spouse,Exec-managerial,White,Male,France,cfproto,1
53.0,5.0,0.0,0.0,40.0,Local-gov,Married-civ-spouse,Exec-managerial,White,Male,France,cfproto,1
53.0,5.0,9024.0,0.0,40.0,State-gov,Married-civ-spouse,Protective-serv,White,Male,Honduras,cfproto,1
53.0,5.0,808.0,0.0,40.0,Local-gov,Married-civ-spouse,Craft-repair,White,Male,France,cfproto,1
53.0,5.0,0.0,0.0,40.0,Local-gov,Married-civ-spouse,Exec-managerial,White,Male,France,cfproto,1
54.0,9.0,40835.0,332.0,44.0,Local-gov,Married-civ-spouse,Adm-clerical,White,Male,United-States,growing-spheres,1
55.0,4.0,32228.0,0.0,37.0,?,Married-AF-spouse,Adm-clerical,White,Male,United-States,growing-spheres,1
47.0,3.0,38561.0,0.0,43.0,Never-worked,Married-AF-spouse,Adm-clerical,White,Male,United-States,growing-spheres,1
49.0,6.0,23207.0,0.0,56.0,Federal-gov,Divorced,Armed-Forces,White,Male,United-States,growing-spheres,1
57.0,4.0,21753.0,1024.0,32.0,Self-emp-not-inc,Divorced,?,White,Male,United-States,growing-spheres,1
62.0,6.0,30012.0,197.0,20.0,Federal-gov,Married-AF-spouse,Adm-clerical,White,Male,United-States,growing-spheres,1
45.0,9.0,29469.0,1029.0,13.0,?,Divorced,Adm-clerical,White,Male,United-States,growing-spheres,1
50.0,2.0,39631.0,724.0,58.0,Federal-gov,Married-civ-spouse,Armed-Forces,White,Male,United-States,growing-spheres,1
35.0,2.0,24645.0,60.0,41.0,?,Married-AF-spouse,Protective-serv,White,Male,United-States,growing-spheres,1
52.0,6.0,18452.0,1037.0,47.0,Private,Married-AF-spouse,?,White,Male,United-States,growing-spheres,1
57.0,2.0,29453.0,0.0,36.0,Self-emp-inc,Married-AF-spouse,?,White,Male,United-States,growing-spheres,1
64.0,6.0,34155.0,0.0,49.0,Local-gov,Married-AF-spouse,?,White,Male,United-States,growing-spheres,1
67.0,8.0,29898.0,0.0,25.0,Local-gov,Divorced,?,White,Male,United-States,growing-spheres,1
64.0,3.0,18524.0,465.0,31.0,Never-worked,Never-married,Transport-moving,White,Male,United-States,growing-spheres,0
55.0,10.0,36066.0,564.0,53.0,?,Divorced,Armed-Forces,White,Male,United-States,growing-spheres,1
62.0,6.0,15871.0,0.0,40.0,Federal-gov,Married-AF-spouse,Machine-op-inspct,White,Male,United-States,growing-spheres,1
54.0,1.0,44132.0,0.0,33.0,?,Married-AF-spouse,Exec-managerial,White,Male,United-States,growing-spheres,1
64.0,1.0,47198.0,0.0,38.0,Local-gov,Married-AF-spouse,Adm-clerical,White,Male,United-States,growing-spheres,1
31.0,7.0,35475.0,0.0,13.0,Never-worked,Married-AF-spouse,Armed-Forces,White,Male,United-States,growing-spheres,1
54.0,5.0,34000.0,806.0,36.0,Local-gov,Divorced,Craft-repair,White,Male,United-States,growing-spheres,1
53.0,5.0,150.0,0.0,40.0,Local-gov,Married-AF-spouse,Exec-managerial,White,Male,United-States,actionable-recourse,0
52.0,10.0,0.0,0.0,39.0,Local-gov,Married-civ-spouse,Exec-managerial,White,Male,United-States,face,1
58.0,9.0,7298.0,0.0,39.0,Local-gov,Married-civ-spouse,Exec-managerial,White,Male,United-States,face,1
50.0,13.0,0.0,0.0,50.0,Local-gov,Married-civ-spouse,Exec-managerial,White,Male,United-States,face,1
36.0,9.0,0.0,0.0,44.0,Local-gov,Married-civ-spouse,Exec-managerial,White,Male,United-States,face,1
52.0,10.0,0.0,0.0,39.0,Local-gov,Married-civ-spouse,Exec-managerial,White,Male,United-States,face,1
46.0,9.0,0.0,0.0,39.0,Local-gov,Married-civ-spouse,Exec-managerial,White,Male,United-States,face,1
54.0,9.0,0.0,0.0,55.0,Local-gov,Married-civ-spouse,Exec-managerial,White,Male,United-States,face,1
49.0,10.0,0.0,0.0,45.0,Local-gov,Married-civ-spouse,Exec-managerial,White,Male,United-States,face,1
46.0,10.0,0.0,0.0,39.0,Local-gov,Married-civ-spouse,Exec-managerial,White,Male,United-States,face,1
50.0,9.0,5178.0,0.0,39.0,Local-gov,Married-civ-spouse,Exec-managerial,White,Male,United-States,face,1
