age,education.num,capital.gain,capital.loss,hours.per.week,workclass,marital.status,occupation,race,sex,native.country,explainer,income
47.0,5.0,0,0,40.0,Federal-gov,Married-civ-spouse,Tech-support,White,Male,United-States,dice,0
47.0,1.0,0,0,40.0,State-gov,Married-civ-spouse,Tech-support,White,Male,United-States,dice,0
47.0,9.0,0,0,40.0,Never-worked,Never-married,Tech-support,White,Male,United-States,dice,0
47.0,9.0,0,0,40.0,Private,Married-civ-spouse,Farming-fishing,White,Male,United-States,dice,0
47.0,5.0,0,0,40.0,State-gov,Married-civ-spouse,Other-service,White,Male,United-States,dice,0
47.0,9.0,0,0,1.0,State-gov,Married-civ-spouse,Protective-serv,White,Male,United-States,dice,0
30.0,9.0,0,0,40.0,State-gov,Married-civ-spouse,Tech-support,White,Male,United-States,dice,0
47.0,9.0,0,0,40.0,State-gov,Widowed,Farming-fishing,White,Male,United-States,dice,0
47.0,9.0,0,0,40.0,State-gov,Married-spouse-absent,Tech-support,White,Male,United-States,dice,0
47.0,9.0,0,0,11.0,State-gov,Married-civ-spouse,Tech-support,White,Male,United-States,dice,0
47.0,9.0,0,0,16.0,State-gov,Married-civ-spouse,Priv-house-serv,White,Male,United-States,dice,0
47.0,6.0,0,0,40.0,State-gov,Married-civ-spouse,Priv-house-serv,White,Male,United-States,dice,0
47.0,9.0,0,0,25.0,State-gov,Married-civ-spouse,Adm-clerical,White,Male,United-States,dice,0
23.0,9.0,0,0,4.0,State-gov,Married-civ-spouse,Tech-support,White,Male,United-States,dice,0
47.0,9.0,0,0,9.0,State-gov,Married-civ-spouse,Handlers-cleaners,White,Male,United-States,dice,0
56.0,9.0,0,0,1.0,State-gov,Married-civ-spouse,Tech-support,White,Male,United-States,dice,0
47.0,9.0,0,0,40.0,State-gov,Married-civ-spouse,Farming-fishing,White,Male,United-States,dice,0
47.0,9.0,0,0,40.0,State-gov,Never-married,Armed-Forces,White,Male,United-States,dice,0
75.0,9.0,0,0,40.0,State-gov,Married-civ-spouse,Machine-op-inspct,White,Male,United-States,dice,0
47.0,9.0,0,0,40.0,State-gov,Married-spouse-absent,Transport-moving,White,Male,United-States,dice,0
42.0,7.0,0,0,35.0,Private,Married-civ-spouse,Prof-specialty,White,Male,United-States,fimap,0
43.0,8.0,0,0,35.0,State-gov,Married-civ-spouse,Tech-support,White,Male,United-States,cadex,0
44.0,8.0,0,0,36.0,Private,Married-civ-spouse,Protective-serv,White,Male,United-States,fimap,0
45.0,8.0,0,0,38.0,Private,Married-civ-spouse,Adm-clerical,White,Male,United-States,fimap,0
46.0,8.0,0,0,38.0,Private,Never-married,Prof-specialty,White,Male,United-States,fimap,0
46.0,8.0,0,0,39.0,Private,Married-civ-spouse,Machine-op-inspct,White,Male,United-States,fimap,0
46.0,8.0,0,0,38.0,Private,Married-civ-spouse,Transport-moving,White,Male,United-States,fimap,0
47.0,8.0,0,0,35.0,State-gov,Married-civ-spouse,Tech-support,White,Male,United-States,cadex,0
47.0,8.0,0,0,35.0,State-gov,Married-civ-spouse,Tech-support,White,Male,United-States,cadex,0
47.0,8.0,0,0,40.0,State-gov,Married-civ-spouse,Tech-support,White,Male,United-States,cadex,0
47.0,9.0,0,0,40.0,State-gov,Married-civ-spouse,Tech-support,White,Male,United-States,cadex,0
46.0,8.0,0,0,39.0,State-gov,Married-civ-spouse,Tech-support,White,Male,United-States,wachter,1
46.0,8.0,0,0,40.0,State-gov,Married-civ-spouse,Tech-support,White,Male,United-States,wachter,1
46.0,8.0,0,0,38.0,State-gov,Married-civ-spouse,Tech-support,White,Male,United-States,wachter,1
46.0,8.0,0,0,39.0,State-gov,Married-civ-spouse,Tech-support,White,Male,United-States,wachter,1
46.0,8.0,0,0,40.0,State-gov,Married-civ-spouse,Tech-support,White,Male,United-States,wachter,1
46.0,8.0,0,0,38.0,State-gov,Married-civ-spouse,Tech-support,White,Male,United-States,wachter,1
46.0,8.0,0,0,39.0,State-gov,Married-civ-spouse,Tech-support,White,Male,United-States,wachter,1
46.0,8.0,0,0,37.0,State-gov,Married-civ-spouse,Tech-support,White,Male,United-States,wachter,1
46.0,8.0,0,0,39.0,State-gov,Married-civ-spouse,Tech-support,White,Male,United-States,wachter,1
46.0,8.0,0,0,39.0,State-gov,Married-civ-spouse,Tech-support,White,Male,United-States,wachter,1
47.0,7.0,0,0,34.0,State-gov,Married-civ-spouse,Tech-support,White,Male,United-States,cem,1
47.0,9.0,0,0,40.0,State-gov,Married-civ-spouse,Tech-support,White,Male,Germany,cfproto,0
47.0,9.0,0,0,40.0,State-gov,Married-civ-spouse,Tech-support,White,Male,Germany,cfproto,0
47.0,9.0,0,0,40.0,State-gov,Married-civ-spouse,Tech-support,White,Male,Germany,cfproto,0
47.0,9.0,0,0,40.0,State-gov,Married-civ-spouse,Handlers-cleaners,White,Male,Greece,cfproto,0
47.0,9.0,0,0,40.0,State-gov,Married-civ-spouse,Other-service,White,Male,Vietnam,cfproto,0
47.0,9.0,0,0,40.0,State-gov,Married-civ-spouse,Tech-support,White,Male,Germany,cfproto,0
47.0,9.0,0,0,40.0,State-gov,Married-civ-spouse,Other-service,White,Male,?,cfproto,0
46.0,8.0,0,0,39.0,Self-emp-inc,Married-civ-spouse,Priv-house-serv,White,Male,China,cfproto,0
47.0,9.0,0,0,40.0,State-gov,Married-civ-spouse,Other-service,White,Male,China,cfproto,0
47.0,9.0,0,0,40.0,State-gov,Married-civ-spouse,Tech-support,White,Male,Germany,cfproto,0
43.0,9.0,638,0,38.0,State-gov,Married-AF-spouse,Armed-Forces,White,Male,United-States,growing-spheres,0
40.0,8.0,6518,85,42.0,Private,Married-civ-spouse,Exec-managerial,White,Male,United-States,growing-spheres,1
46.0,8.0,0,0,39.0,Federal-gov,Widowed,Prof-specialty,White,Male,United-States,growing-spheres,0
55.0,9.0,869,0,31.0,Federal-gov,Divorced,Armed-Forces,White,Male,United-States,growing-spheres,0
49.0,8.0,0,142,39.0,Self-emp-inc,Married-AF-spouse,Farming-fishing,White,Male,United-States,growing-spheres,0
46.0,9.0,0,31,33.0,State-gov,Married-AF-spouse,Adm-clerical,White,Male,United-States,growing-spheres,0
44.0,8.0,0,0,31.0,Local-gov,Divorced,Other-service,White,Male,United-States,growing-spheres,0
48.0,7.0,0,0,39.0,Federal-gov,Married-civ-spouse,Exec-managerial,White,Male,United-States,growing-spheres,1
48.0,9.0,0,0,40.0,Local-gov,Married-civ-spouse,?,White,Male,United-States,growing-spheres,0
46.0,9.0,0,54,35.0,Self-emp-inc,Married-AF-spouse,Exec-managerial,White,Male,United-States,growing-spheres,1
41.0,8.0,255,508,47.0,Self-emp-inc,Divorced,Protective-serv,White,Male,United-States,growing-spheres,0
42.0,8.0,0,0,38.0,Federal-gov,Married-civ-spouse,Armed-Forces,White,Male,United-States,growing-spheres,0
48.0,8.0,0,68,34.0,Never-worked,Married-civ-spouse,?,White,Male,United-States,growing-spheres,0
53.0,9.0,0,161,45.0,Federal-gov,Married-civ-spouse,Farming-fishing,White,Male,United-States,growing-spheres,0
54.0,10.0,4491,19,45.0,?,Married-civ-spouse,Exec-managerial,White,Male,United-States,growing-spheres,1
49.0,8.0,4547,0,38.0,Local-gov,Married-civ-spouse,?,White,Male,United-States,growing-spheres,0
46.0,8.0,0,0,46.0,?,Widowed,?,White,Male,United-States,growing-spheres,0
44.0,8.0,5505,106,33.0,?,Married-AF-spouse,?,White,Male,United-States,growing-spheres,1
44.0,7.0,8344,202,39.0,?,Divorced,Adm-clerical,White,Male,United-States,growing-spheres,1
44.0,8.0,0,87,42.0,?,Married-civ-spouse,Adm-clerical,White,Male,United-States,growing-spheres,0
46.0,9.0,0,0,39.0,State-gov,Married-civ-spouse,Prof-specialty,White,Male,United-States,actionable-recourse,1
36.0,9.0,0,0,39.0,State-gov,Married-civ-spouse,Protective-serv,White,Male,United-States,face,0
52.0,7.0,0,0,39.0,State-gov,Married-civ-spouse,Transport-moving,White,Male,United-States,face,0
37.0,9.0,0,0,39.0,State-gov,Married-civ-spouse,Adm-clerical,White,Male,United-States,face,0
27.0,9.0,0,0,39.0,State-gov,Married-civ-spouse,Tech-support,White,Male,United-States,face,0
37.0,10.0,0,0,39.0,State-gov,Married-civ-spouse,Other-service,White,Male,United-States,face,0
37.0,10.0,0,0,39.0,State-gov,Married-civ-spouse,Other-service,White,Male,United-States,face,0
31.0,9.0,0,0,39.0,State-gov,Married-civ-spouse,Sales,White,Male,United-States,face,0
24.0,9.0,0,0,39.0,State-gov,Married-civ-spouse,Tech-support,White,Male,United-States,face,0
37.0,10.0,0,0,39.0,State-gov,Married-civ-spouse,Other-service,White,Male,United-States,face,0
23.0,13.0,0,0,38.0,State-gov,Married-civ-spouse,Tech-support,White,Male,United-States,face,0
