age,education.num,capital.gain,capital.loss,hours.per.week,workclass,marital.status,occupation,race,sex,native.country,explainer,income
20.0,9.0,0,1928.0,35.0,Private,Married-civ-spouse,Craft-repair,White,Male,United-States,dice,0
56.0,1.0,0,0.0,35.0,Private,Married-civ-spouse,Sales,White,Male,United-States,dice,0
56.0,9.0,0,0.0,48.0,Private,Widowed,Craft-repair,White,Male,United-States,dice,0
56.0,7.0,0,0.0,35.0,Private,Widowed,Craft-repair,White,Male,United-States,dice,0
56.0,9.0,0,0.0,10.0,Private,Married-civ-spouse,Craft-repair,White,Male,United-States,dice,0
56.0,9.0,0,640.0,23.0,Private,Married-civ-spouse,Craft-repair,White,Male,United-States,dice,0
19.0,9.0,0,1939.0,35.0,Private,Married-civ-spouse,Craft-repair,White,Male,United-States,dice,0
65.0,4.0,0,0.0,35.0,Private,Married-civ-spouse,Craft-repair,White,Male,United-States,dice,0
56.0,5.0,0,0.0,35.0,Private,Widowed,Craft-repair,White,Male,United-States,dice,0
56.0,4.0,0,0.0,19.0,Private,Married-civ-spouse,Craft-repair,White,Male,United-States,dice,0
56.0,1.0,0,0.0,35.0,Private,Married-civ-spouse,Prof-specialty,White,Male,United-States,dice,0
32.0,9.0,0,0.0,35.0,Private,Married-civ-spouse,Craft-repair,White,Male,United-States,dice,0
56.0,9.0,0,0.0,35.0,Never-worked,Married-civ-spouse,Handlers-cleaners,White,Male,United-States,dice,0
90.0,9.0,0,0.0,35.0,Private,Married-civ-spouse,Craft-repair,White,Male,United-States,dice,0
77.0,9.0,0,0.0,35.0,Private,Married-civ-spouse,Craft-repair,White,Male,United-States,dice,0
56.0,9.0,0,0.0,41.0,Private,Married-civ-spouse,?,White,Male,United-States,dice,0
64.0,9.0,0,0.0,35.0,Without-pay,Married-civ-spouse,Craft-repair,White,Male,United-States,dice,0
76.0,9.0,0,1332.0,35.0,Private,Married-civ-spouse,Craft-repair,White,Male,United-States,dice,0
56.0,9.0,0,0.0,5.0,Private,Married-AF-spouse,Craft-repair,White,Male,United-States,dice,0
56.0,1.0,0,2201.0,35.0,Private,Married-civ-spouse,Craft-repair,White,Male,United-States,dice,0
53.0,9.0,2126,14.0,35.0,Private,Married-civ-spouse,?,White,Male,United-States,fimap,0
54.0,9.0,1660,10.0,35.0,Private,Divorced,Machine-op-inspct,White,Male,United-States,fimap,0
54.0,9.0,1644,15.0,35.0,Private,Married-civ-spouse,Craft-repair,White,Male,United-States,fimap,1
54.0,9.0,2251,25.0,35.0,Private,Never-married,Adm-clerical,White,Male,United-States,fimap,0
56.0,8.0,0,0.0,30.0,Private,Married-civ-spouse,Craft-repair,White,Male,United-States,cadex,0
56.0,9.0,0,0.0,30.0,Private,Married-civ-spouse,Craft-repair,White,Male,United-States,cadex,0
56.0,9.0,0,0.0,35.0,Private,Married-civ-spouse,Craft-repair,White,Male,United-States,cadex,0
56.0,9.0,2923,19.0,34.0,Private,Divorced,Machine-op-inspct,White,Male,United-States,fimap,0
57.0,9.0,3760,34.0,35.0,Private,Divorced,Sales,White,Male,United-States,fimap,0
59.0,8.0,0,0.0,30.0,Private,Married-civ-spouse,Craft-repair,White,Male,United-States,cadex,0
59.0,8.0,0,0.0,30.0,Private,Married-civ-spouse,Craft-repair,White,Male,United-States,cadex,0
56.0,8.0,0,0.0,34.0,Private,Married-civ-spouse,Craft-repair,White,Male,United-States,wachter,0
56.0,8.0,0,0.0,34.0,Private,Married-civ-spouse,Craft-repair,White,Male,United-States,wachter,0
57.0,9.0,0,0.0,32.0,Private,Married-civ-spouse,Craft-repair,White,Male,United-States,wachter,0
56.0,8.0,0,0.0,34.0,Private,Married-civ-spouse,Craft-repair,White,Male,United-States,wachter,0
56.0,8.0,0,0.0,33.0,Private,Married-civ-spouse,Craft-repair,White,Male,United-States,wachter,0
55.0,8.0,0,0.0,32.0,Private,Married-civ-spouse,Craft-repair,White,Male,United-States,wachter,0
56.0,8.0,0,0.0,31.0,Private,Married-civ-spouse,Craft-repair,White,Male,United-States,wachter,0
56.0,8.0,0,0.0,34.0,Private,Married-civ-spouse,Craft-repair,White,Male,United-States,wachter,0
56.0,8.0,0,0.0,34.0,Private,Married-civ-spouse,Craft-repair,White,Male,United-States,wachter,0
56.0,8.0,0,0.0,32.0,Private,Married-civ-spouse,Craft-repair,White,Male,United-States,wachter,0
56.0,8.0,0,0.0,29.0,Private,Married-civ-spouse,Craft-repair,White,Male,United-States,cem,0
56.0,8.0,0,0.0,35.0,Self-emp-inc,Married-civ-spouse,Farming-fishing,White,Male,Trinadad&Tobago,cfproto,0
56.0,9.0,0,0.0,35.0,Without-pay,Married-civ-spouse,Craft-repair,White,Male,United-States,cfproto,0
56.0,9.0,0,0.0,35.0,Without-pay,Married-civ-spouse,Protective-serv,White,Male,Haiti,cfproto,0
56.0,9.0,0,0.0,35.0,Private,Married-civ-spouse,Other-service,White,Male,Cambodia,cfproto,0
56.0,8.0,0,0.0,33.0,Self-emp-not-inc,Married-civ-spouse,Priv-house-serv,White,Male,Hong,cfproto,0
56.0,9.0,0,0.0,35.0,Self-emp-inc,Married-civ-spouse,Handlers-cleaners,White,Male,Ireland,cfproto,0
56.0,9.0,0,0.0,35.0,Private,Married-civ-spouse,Craft-repair,White,Male,Poland,cfproto,0
56.0,9.0,0,0.0,35.0,Private,Married-civ-spouse,Craft-repair,White,Male,China,cfproto,0
56.0,9.0,0,0.0,35.0,Without-pay,Married-civ-spouse,Farming-fishing,White,Male,United-States,cfproto,0
56.0,9.0,0,0.0,35.0,Without-pay,Married-civ-spouse,Craft-repair,White,Male,United-States,cfproto,0
56.0,8.0,0,51.0,34.0,Private,Married-civ-spouse,?,White,Male,United-States,growing-spheres,0
56.0,9.0,0,361.0,34.0,?,Divorced,Craft-repair,White,Male,United-States,growing-spheres,0
63.0,7.0,0,170.0,45.0,Self-emp-not-inc,Married-civ-spouse,Exec-managerial,White,Male,United-States,growing-spheres,0
50.0,10.0,1999,24.0,35.0,Private,Married-civ-spouse,Adm-clerical,White,Male,United-States,growing-spheres,1
54.0,9.0,0,688.0,36.0,Federal-gov,Married-civ-spouse,Adm-clerical,White,Male,United-States,growing-spheres,0
60.0,10.0,0,168.0,29.0,Private,Married-AF-spouse,Adm-clerical,White,Male,United-States,growing-spheres,0
53.0,7.0,0,578.0,30.0,Private,Married-civ-spouse,?,White,Male,United-States,growing-spheres,0
52.0,8.0,0,0.0,33.0,Federal-gov,Divorced,Armed-Forces,White,Male,United-States,growing-spheres,0
55.0,9.0,534,0.0,34.0,Private,Married-AF-spouse,Adm-clerical,White,Male,United-States,growing-spheres,0
52.0,8.0,0,0.0,37.0,Private,Divorced,?,White,Male,United-States,growing-spheres,0
54.0,9.0,1943,77.0,35.0,Federal-gov,Married-civ-spouse,Adm-clerical,White,Male,United-States,growing-spheres,1
63.0,7.0,0,319.0,38.0,Federal-gov,Married-civ-spouse,Armed-Forces,White,Male,United-States,growing-spheres,0
56.0,7.0,0,0.0,34.0,Private,Married-civ-spouse,?,White,Male,United-States,growing-spheres,0
59.0,8.0,0,0.0,34.0,Private,Divorced,Craft-repair,White,Male,United-States,growing-spheres,0
54.0,8.0,0,0.0,33.0,Federal-gov,Married-civ-spouse,Craft-repair,White,Male,United-States,growing-spheres,0
56.0,8.0,0,0.0,35.0,Private,Married-civ-spouse,Adm-clerical,White,Male,United-States,growing-spheres,0
50.0,8.0,3345,3.0,45.0,Local-gov,Widowed,Craft-repair,White,Male,United-States,growing-spheres,1
57.0,9.0,0,0.0,38.0,?,Married-civ-spouse,Craft-repair,White,Male,United-States,growing-spheres,0
56.0,8.0,2409,0.0,34.0,Private,Divorced,Craft-repair,White,Male,United-States,growing-spheres,0
52.0,7.0,8735,0.0,38.0,Local-gov,Married-civ-spouse,Armed-Forces,White,Male,United-States,growing-spheres,0
55.0,9.0,0,0.0,34.0,Private,Married-civ-spouse,Armed-Forces,White,Male,United-States,actionable-recourse,0
50.0,6.0,0,0.0,39.0,Private,Married-civ-spouse,Craft-repair,White,Male,United-States,face,0
58.0,9.0,0,0.0,25.0,Private,Married-civ-spouse,Craft-repair,White,Male,United-States,face,0
63.0,9.0,0,0.0,39.0,Private,Married-civ-spouse,Craft-repair,White,Male,United-States,face,1
58.0,9.0,0,0.0,25.0,Private,Married-civ-spouse,Craft-repair,White,Male,United-States,face,0
50.0,7.0,0,0.0,39.0,Private,Married-civ-spouse,Craft-repair,White,Male,United-States,face,0
59.0,9.0,0,0.0,34.0,Private,Married-civ-spouse,Craft-repair,White,Male,United-States,face,0
58.0,9.0,0,0.0,25.0,Private,Married-civ-spouse,Craft-repair,White,Male,United-States,face,0
62.0,8.0,0,0.0,39.0,Private,Married-civ-spouse,Craft-repair,White,Male,United-States,face,0
45.0,7.0,0,0.0,42.0,Private,Married-civ-spouse,Craft-repair,White,Male,United-States,face,0
37.0,9.0,0,0.0,39.0,Private,Married-civ-spouse,Craft-repair,White,Male,United-States,face,0
