age,education.num,capital.gain,capital.loss,hours.per.week,workclass,marital.status,occupation,race,sex,native.country,explainer,income
32.0,13.0,57681.0,0.0,30.0,Private,Never-married,Protective-serv,Black,Male,United-States,dice,1
32.0,13.0,0.0,3085.0,30.0,Private,Never-married,Protective-serv,Black,Male,United-States,dice,1
32.0,13.0,74244.0,0.0,42.0,Private,Never-married,Protective-serv,Black,Male,United-States,dice,1
93.0,13.0,13672.0,0.0,30.0,Private,Never-married,Protective-serv,Black,Male,United-States,dice,1
32.0,13.0,54279.0,0.0,30.0,Private,Never-married,Protective-serv,Black,Male,United-States,dice,1
32.0,5.0,61000.0,0.0,30.0,Private,Never-married,Protective-serv,Black,Male,United-States,dice,1
32.0,5.0,83545.0,0.0,30.0,Private,Never-married,Protective-serv,Black,Male,United-States,dice,1
32.0,13.0,84367.0,0.0,98.0,Private,Never-married,Protective-serv,Black,Male,United-States,dice,1
32.0,13.0,0.0,3724.0,30.0,Private,Never-married,Protective-serv,Black,Male,United-States,dice,1
32.0,13.0,57885.0,0.0,30.0,Private,Never-married,Protective-serv,Black,Male,United-States,dice,1
32.0,13.0,68185.0,2585.0,30.0,Private,Never-married,Protective-serv,Black,Male,United-States,dice,1
32.0,13.0,82952.0,0.0,30.0,Private,Never-married,Protective-serv,Black,Male,United-States,dice,1
85.0,13.0,0.0,3537.0,30.0,Private,Never-married,Protective-serv,Black,Male,United-States,dice,1
32.0,13.0,86882.0,0.0,30.0,Local-gov,Never-married,Protective-serv,Black,Male,United-States,dice,1
46.0,13.0,82940.0,0.0,30.0,Private,Never-married,Protective-serv,Black,Male,United-States,dice,1
32.0,13.0,0.0,3656.0,30.0,Private,Never-married,Protective-serv,Black,Male,United-States,dice,1
32.0,13.0,0.0,3346.0,30.0,Private,Never-married,Protective-serv,Black,Male,United-States,dice,1
32.0,13.0,23858.0,0.0,95.0,Private,Never-married,Protective-serv,Black,Male,United-States,dice,1
66.0,13.0,0.0,0.0,82.0,Private,Never-married,Protective-serv,Black,Male,United-States,dice,1
32.0,13.0,12484.0,0.0,30.0,Private,Never-married,Protective-serv,Black,Male,United-States,dice,1
32.0,13.0,9892.0,0.0,30.0,Private,Never-married,Protective-serv,Black,Male,United-States,cadex,1
35.0,13.0,4999.0,0.0,30.0,Private,Never-married,Protective-serv,Black,Male,United-States,cadex,0
35.0,13.0,4999.0,0.0,34.0,Private,Never-married,Protective-serv,Black,Male,United-States,cadex,1
35.0,13.0,4999.0,0.0,34.0,Private,Never-married,Protective-serv,Black,Male,United-States,cadex,1
35.0,13.0,4999.0,217.0,34.0,Private,Never-married,Protective-serv,Black,Male,United-States,cadex,1
36.0,13.0,4166.0,31.0,31.0,Private,Divorced,Sales,Black,Male,United-States,fimap,0
36.0,13.0,4960.0,38.0,31.0,Private,Married-civ-spouse,Sales,Black,Male,United-States,fimap,1
36.0,13.0,4810.0,37.0,31.0,Private,Married-civ-spouse,Handlers-cleaners,Black,Male,United-States,fimap,1
37.0,14.0,7861.0,83.0,32.0,Private,Married-civ-spouse,Tech-support,Black,Male,United-States,fimap,1
37.0,13.0,5908.0,52.0,32.0,Private,Married-civ-spouse,Adm-clerical,Black,Male,United-States,fimap,1
37.0,13.0,6865.0,75.0,32.0,Private,Married-civ-spouse,Prof-specialty,Black,Male,United-States,fimap,1
32.0,13.0,3904.0,0.0,45.0,Private,Never-married,Protective-serv,Black,Male,United-States,wachter,0
34.0,13.0,5121.0,0.0,32.0,Private,Never-married,Protective-serv,Black,Male,United-States,wachter,0
39.0,14.0,261.0,0.0,47.0,Private,Never-married,Protective-serv,Black,Male,United-States,wachter,0
34.0,14.0,0.0,0.0,79.0,Private,Never-married,Protective-serv,Black,Male,United-States,wachter,1
36.0,15.0,0.0,0.0,85.0,Private,Never-married,Protective-serv,Black,Male,United-States,wachter,1
42.0,15.0,0.0,0.0,52.0,Private,Never-married,Protective-serv,Black,Male,United-States,wachter,1
32.0,12.0,4330.0,0.0,43.0,Private,Never-married,Protective-serv,Black,Male,United-States,wachter,0
44.0,15.0,31.0,0.0,55.0,Private,Never-married,Protective-serv,Black,Male,United-States,wachter,1
33.0,12.0,4690.0,0.0,38.0,Private,Never-married,Protective-serv,Black,Male,United-States,wachter,0
33.0,13.0,6049.0,0.0,30.0,Private,Never-married,Protective-serv,Black,Male,United-States,wachter,1
32.0,13.0,7722.0,0.0,30.0,Private,Never-married,Protective-serv,Black,Male,United-States,cem,1
32.0,12.0,52532.0,0.0,30.0,Private,Never-married,Protective-serv,Black,Male,Dominican-Republic,cfproto,1
30.0,13.0,43335.0,0.0,28.0,Local-gov,Never-married,Protective-serv,Black,Male,Germany,cfproto,1
37.0,13.0,48242.0,0.0,31.0,?,Never-married,Protective-serv,Black,Male,Outlying-US(Guam-USVI-etc),cfproto,1
32.0,13.0,21328.0,0.0,30.0,Local-gov,Never-married,Protective-serv,Black,Male,Haiti,cfproto,1
31.0,13.0,18224.0,0.0,20.0,Self-emp-not-inc,Never-married,Protective-serv,Black,Male,Trinadad&Tobago,cfproto,1
30.0,13.0,34055.0,0.0,28.0,State-gov,Never-married,Protective-serv,Black,Male,?,cfproto,1
32.0,13.0,6543.0,0.0,23.0,State-gov,Never-married,Protective-serv,Black,Male,United-States,cfproto,1
40.0,13.0,42519.0,173.0,35.0,?,Married-civ-spouse,Protective-serv,White,Male,Outlying-US(Guam-USVI-etc),cfproto,1
30.0,13.0,24804.0,0.0,29.0,Private,Never-married,Protective-serv,Black,Male,?,cfproto,1
32.0,13.0,6543.0,0.0,23.0,State-gov,Never-married,Protective-serv,Black,Male,United-States,cfproto,1
33.0,13.0,28763.0,193.0,27.0,Federal-gov,Married-AF-spouse,Exec-managerial,Black,Male,United-States,growing-spheres,1
37.0,14.0,24789.0,0.0,37.0,Local-gov,Married-AF-spouse,Prof-specialty,Black,Male,United-States,growing-spheres,1
42.0,16.0,17432.0,298.0,27.0,Local-gov,Divorced,?,Black,Male,United-States,growing-spheres,1
26.0,12.0,18200.0,0.0,69.0,?,Divorced,Adm-clerical,Black,Male,United-States,growing-spheres,1
52.0,12.0,32151.0,15.0,51.0,Federal-gov,Married-spouse-absent,Craft-repair,Black,Male,United-States,growing-spheres,1
50.0,8.0,24020.0,125.0,13.0,Private,Divorced,Craft-repair,Black,Male,United-States,growing-spheres,1
31.0,14.0,32913.0,587.0,34.0,Federal-gov,Divorced,?,Black,Male,United-States,growing-spheres,1
17.0,16.0,36004.0,652.0,33.0,Federal-gov,Married-AF-spouse,?,Black,Male,United-States,growing-spheres,1
17.0,15.0,41115.0,522.0,45.0,Self-emp-inc,Married-AF-spouse,Armed-Forces,Black,Male,United-States,growing-spheres,1
40.0,11.0,46823.0,0.0,37.0,Local-gov,Divorced,Prof-specialty,Black,Male,United-States,growing-spheres,1
49.0,15.0,35726.0,572.0,62.0,?,Divorced,Adm-clerical,Black,Male,United-States,growing-spheres,1
39.0,13.0,22275.0,91.0,48.0,Federal-gov,Divorced,?,Black,Male,United-States,growing-spheres,1
36.0,12.0,18032.0,555.0,47.0,?,Married-AF-spouse,Craft-repair,Black,Male,United-States,growing-spheres,1
35.0,13.0,17649.0,705.0,55.0,Self-emp-inc,Married-AF-spouse,Armed-Forces,Black,Male,United-States,growing-spheres,1
26.0,14.0,31493.0,0.0,47.0,Federal-gov,Divorced,Adm-clerical,Black,Male,United-States,growing-spheres,1
39.0,11.0,27911.0,672.0,25.0,?,Married-civ-spouse,Prof-specialty,Black,Male,United-States,growing-spheres,1
44.0,14.0,35774.0,577.0,30.0,?,Divorced,Craft-repair,Black,Male,United-States,growing-spheres,1
18.0,13.0,26157.0,335.0,34.0,Local-gov,Married-AF-spouse,Craft-repair,Black,Male,United-States,growing-spheres,1
41.0,11.0,15849.0,0.0,38.0,State-gov,Divorced,Exec-managerial,Black,Male,United-States,growing-spheres,1
28.0,11.0,26054.0,198.0,36.0,Federal-gov,Married-AF-spouse,Armed-Forces,Black,Male,United-States,growing-spheres,1
32.0,13.0,0.0,0.0,29.0,Private,Married-AF-spouse,?,Black,Male,United-States,actionable-recourse,0
33.0,14.0,0.0,0.0,39.0,State-gov,Married-civ-spouse,Protective-serv,Black,Male,United-States,face,1
33.0,12.0,0.0,0.0,39.0,Private,Married-civ-spouse,Protective-serv,White,Male,United-States,face,1
38.0,10.0,0.0,0.0,39.0,Private,Married-civ-spouse,Protective-serv,Black,Male,United-States,face,1
39.0,12.0,0.0,0.0,59.0,Private,Married-civ-spouse,Protective-serv,Black,Male,United-States,face,1
41.0,13.0,6497.0,0.0,39.0,Private,Divorced,Transport-moving,Black,Male,United-States,face,1
36.0,7.0,13549.0,0.0,39.0,Private,Never-married,Protective-serv,Black,Male,United-States,face,1
37.0,13.0,0.0,0.0,44.0,Private,Never-married,Sales,White,Male,United-States,face,1
40.0,14.0,0.0,0.0,34.0,Private,Never-married,Prof-specialty,White,Male,United-States,face,1
36.0,13.0,8614.0,0.0,39.0,Private,Never-married,Exec-managerial,White,Male,United-States,face,1
36.0,13.0,0.0,0.0,39.0,Private,Never-married,Prof-specialty,White,Male,United-States,face,0
