age,education.num,capital.gain,capital.loss,hours.per.week,workclass,marital.status,occupation,race,sex,native.country,explainer,income
21.0,9,80358.0,0.0,35.0,Private,Never-married,Sales,White,Female,United-States,dice,1
21.0,9,88151.0,4007.0,35.0,Private,Never-married,Sales,White,Female,United-States,dice,1
21.0,9,27420.0,0.0,35.0,Federal-gov,Never-married,Sales,White,Female,United-States,dice,1
21.0,9,27090.0,0.0,35.0,Private,Never-married,Sales,White,Female,United-States,dice,1
75.0,9,63728.0,0.0,35.0,Private,Never-married,Sales,White,Female,United-States,dice,1
21.0,9,63945.0,0.0,35.0,Private,Married-civ-spouse,Sales,White,Female,United-States,dice,1
21.0,9,28737.0,0.0,35.0,Private,Never-married,Sales,White,Female,United-States,dice,1
21.0,9,91973.0,0.0,93.0,Private,Never-married,Sales,White,Female,United-States,dice,1
21.0,9,66696.0,0.0,35.0,Private,Married-spouse-absent,Sales,White,Female,United-States,dice,1
21.0,9,71257.0,0.0,35.0,Without-pay,Never-married,Sales,White,Female,United-States,dice,1
21.0,9,69612.0,0.0,35.0,Private,Never-married,Sales,White,Female,United-States,dice,1
21.0,9,26393.0,0.0,35.0,Private,Never-married,Sales,White,Female,United-States,dice,1
21.0,9,13745.0,0.0,35.0,Self-emp-not-inc,Never-married,Sales,White,Female,United-States,dice,1
21.0,9,90953.0,0.0,35.0,?,Never-married,Sales,White,Female,United-States,dice,1
99.0,9,14983.0,0.0,35.0,Private,Never-married,Sales,White,Female,United-States,dice,1
21.0,9,72953.0,0.0,35.0,Private,Married-AF-spouse,Sales,White,Female,United-States,dice,1
21.0,9,84900.0,0.0,21.0,Private,Never-married,Sales,White,Female,United-States,dice,1
21.0,9,29477.0,0.0,35.0,Private,Never-married,Sales,White,Female,United-States,dice,1
21.0,9,17260.0,0.0,35.0,Private,Never-married,Sales,White,Female,United-States,dice,1
85.0,9,50025.0,0.0,35.0,Private,Never-married,Sales,White,Female,United-States,dice,1
21.0,9,15017.0,0.0,35.0,Private,Never-married,Sales,White,Female,United-States,cadex,1
27.0,10,9450.0,425.0,43.0,Private,Never-married,Sales,White,Female,United-States,cadex,1
27.0,10,9510.0,0.0,43.0,Private,Never-married,Sales,White,Female,United-States,cadex,0
27.0,10,9755.0,0.0,44.0,Private,Never-married,Sales,White,Female,United-States,cadex,0
29.0,9,7166.0,51.0,37.0,Private,Married-civ-spouse,Prof-specialty,White,Female,United-States,fimap,1
29.0,9,7534.0,57.0,37.0,Private,Never-married,Other-service,White,Female,United-States,fimap,0
29.0,10,7817.0,57.0,37.0,Private,Married-civ-spouse,Transport-moving,White,Female,United-States,fimap,1
30.0,11,15033.0,145.0,41.0,Private,Married-civ-spouse,Farming-fishing,White,Female,United-States,fimap,1
30.0,10,9346.0,72.0,38.0,Private,Married-civ-spouse,?,White,Female,United-States,fimap,1
30.0,11,15331.0,144.0,41.0,Private,Divorced,Adm-clerical,White,Female,United-States,fimap,1
30.0,9,13662.0,0.0,47.0,Private,Never-married,Sales,White,Female,United-States,cadex,1
30.0,9,14074.0,0.0,48.0,Private,Never-married,Sales,White,Female,United-States,cadex,1
31.0,9,14200.0,0.0,35.0,Private,Never-married,Sales,White,Female,United-States,cadex,1
31.0,9,14898.0,0.0,35.0,Private,Never-married,Sales,White,Female,United-States,cadex,1
20.0,8,14817.0,0.0,35.0,Private,Never-married,Sales,White,Female,United-States,wachter,0
21.0,8,14712.0,0.0,34.0,Private,Never-married,Sales,White,Female,United-States,wachter,0
21.0,9,14639.0,0.0,35.0,Private,Never-married,Sales,White,Female,United-States,wachter,1
20.0,9,14867.0,0.0,34.0,Private,Never-married,Sales,White,Female,United-States,wachter,0
21.0,8,14873.0,0.0,34.0,Private,Never-married,Sales,White,Female,United-States,wachter,0
21.0,9,14752.0,0.0,35.0,Private,Never-married,Sales,White,Female,United-States,wachter,1
21.0,8,14782.0,0.0,35.0,Private,Never-married,Sales,White,Female,United-States,wachter,0
21.0,8,14814.0,0.0,34.0,Private,Never-married,Sales,White,Female,United-States,wachter,0
21.0,8,14723.0,0.0,34.0,Private,Never-married,Sales,White,Female,United-States,wachter,0
20.0,8,14714.0,0.0,35.0,Private,Never-married,Sales,White,Female,United-States,wachter,0
21.0,9,15834.0,0.0,35.0,Private,Never-married,Sales,White,Female,United-States,cem,1
26.0,9,31784.0,47.0,39.0,?,Never-married,Protective-serv,White,Female,Outlying-US(Guam-USVI-etc),cfproto,1
17.0,8,41330.0,0.0,33.0,Self-emp-inc,Never-married,Sales,White,Female,Philippines,cfproto,1
23.0,9,19502.0,0.0,29.0,Self-emp-inc,Never-married,Sales,White,Female,Thailand,cfproto,0
17.0,8,23596.0,0.0,35.0,Self-emp-not-inc,Never-married,Sales,White,Female,India,cfproto,1
17.0,8,28086.0,0.0,35.0,Self-emp-inc,Never-married,Sales,White,Female,Trinadad&Tobago,cfproto,1
17.0,8,23596.0,0.0,35.0,Self-emp-not-inc,Never-married,Sales,White,Female,India,cfproto,1
38.0,7,41148.0,0.0,34.0,Federal-gov,Never-married,?,White,Female,United-States,growing-spheres,1
29.0,13,44318.0,0.0,48.0,Private,Divorced,Armed-Forces,White,Female,United-States,growing-spheres,1
33.0,5,48771.0,374.0,27.0,Federal-gov,Married-AF-spouse,?,White,Female,United-States,growing-spheres,1
27.0,6,33911.0,0.0,37.0,?,Divorced,Handlers-cleaners,White,Female,United-States,growing-spheres,1
29.0,10,22549.0,935.0,41.0,Self-emp-not-inc,Married-AF-spouse,Adm-clerical,White,Female,United-States,growing-spheres,1
18.0,10,18100.0,615.0,40.0,Local-gov,Divorced,Exec-managerial,White,Female,United-States,growing-spheres,1
17.0,11,36497.0,1436.0,55.0,Federal-gov,Married-AF-spouse,?,White,Female,United-States,growing-spheres,1
40.0,9,31749.0,1262.0,54.0,?,Never-married,Adm-clerical,White,Female,United-States,growing-spheres,1
28.0,12,50726.0,222.0,27.0,?,Married-AF-spouse,Armed-Forces,White,Female,United-States,growing-spheres,1
22.0,7,42032.0,0.0,53.0,Local-gov,Divorced,?,White,Female,United-States,growing-spheres,1
61.0,11,35308.0,600.0,64.0,Federal-gov,Divorced,Machine-op-inspct,White,Female,United-States,growing-spheres,1
34.0,7,26746.0,0.0,36.0,?,Married-AF-spouse,Adm-clerical,White,Female,United-States,growing-spheres,1
18.0,10,8636.0,0.0,37.0,Self-emp-not-inc,Married-AF-spouse,?,White,Female,United-States,growing-spheres,0
17.0,7,50234.0,513.0,52.0,Private,Divorced,?,White,Female,United-States,growing-spheres,1
24.0,11,27823.0,399.0,49.0,?,Married-AF-spouse,Handlers-cleaners,White,Female,United-States,growing-spheres,1
32.0,5,33388.0,375.0,65.0,Local-gov,Married-AF-spouse,Armed-Forces,White,Female,United-States,growing-spheres,1
25.0,11,22358.0,0.0,36.0,Local-gov,Married-AF-spouse,?,White,Female,United-States,growing-spheres,1
17.0,9,43978.0,725.0,19.0,?,Divorced,Handlers-cleaners,White,Female,United-States,growing-spheres,1
23.0,8,46109.0,0.0,37.0,State-gov,Married-AF-spouse,Handlers-cleaners,White,Female,United-States,growing-spheres,1
17.0,7,44969.0,1208.0,54.0,Local-gov,Married-civ-spouse,?,White,Female,United-States,growing-spheres,1
38.0,13,0.0,2444.0,44.0,Private,Never-married,Sales,White,Female,United-States,face,1
49.0,10,0.0,0.0,39.0,Private,Married-civ-spouse,Sales,White,Female,United-States,face,1
29.0,13,13549.0,0.0,34.0,Private,Never-married,Sales,White,Female,United-States,face,1
32.0,15,13549.0,0.0,50.0,Private,Never-married,Sales,White,Female,United-States,face,1
40.0,13,0.0,0.0,39.0,Private,Never-married,Sales,White,Male,United-States,face,1
30.0,10,0.0,0.0,39.0,Private,Married-civ-spouse,Sales,White,Female,United-States,face,0
39.0,13,0.0,0.0,29.0,Private,Married-civ-spouse,Sales,White,Female,United-States,face,1
40.0,9,5013.0,0.0,19.0,Private,Married-civ-spouse,Sales,White,Female,United-States,face,1
38.0,10,0.0,0.0,39.0,Private,Married-civ-spouse,Sales,White,Female,United-States,face,1
27.0,9,3464.0,0.0,39.0,Private,Married-civ-spouse,Sales,White,Female,United-States,face,1
