age,education.num,capital.gain,capital.loss,hours.per.week,workclass,marital.status,occupation,race,sex,native.country,explainer,income
24.0,10.0,5193.0,0.0,30.0,Self-emp-not-inc,Married-AF-spouse,Prof-specialty,Asian-Pac-Islander,Male,United-States,dice,1
24.0,10.0,0.0,3851.0,30.0,Self-emp-not-inc,Never-married,Prof-specialty,Asian-Pac-Islander,Male,United-States,dice,1
24.0,10.0,0.0,3139.0,30.0,Self-emp-not-inc,Never-married,Prof-specialty,Asian-Pac-Islander,Male,United-States,dice,1
24.0,6.0,49751.0,0.0,30.0,Self-emp-not-inc,Never-married,Prof-specialty,Asian-Pac-Islander,Male,United-States,dice,1
24.0,10.0,17327.0,0.0,30.0,Self-emp-not-inc,Never-married,Prof-specialty,Asian-Pac-Islander,Male,United-States,dice,1
24.0,10.0,26115.0,3511.0,30.0,Self-emp-not-inc,Never-married,Prof-specialty,Asian-Pac-Islander,Male,United-States,dice,1
24.0,10.0,94281.0,0.0,30.0,Self-emp-not-inc,Never-married,Sales,Asian-Pac-Islander,Male,United-States,dice,1
24.0,10.0,0.0,402.0,30.0,Self-emp-not-inc,Married-civ-spouse,Prof-specialty,Asian-Pac-Islander,Male,United-States,dice,1
78.0,10.0,0.0,0.0,30.0,Self-emp-not-inc,Married-AF-spouse,Prof-specialty,Asian-Pac-Islander,Male,United-States,dice,1
24.0,10.0,29264.0,0.0,30.0,Self-emp-not-inc,Never-married,Prof-specialty,Asian-Pac-Islander,Male,United-States,dice,1
24.0,10.0,0.0,0.0,51.0,Self-emp-not-inc,Widowed,Prof-specialty,Asian-Pac-Islander,Male,United-States,dice,1
24.0,10.0,4349.0,0.0,30.0,Self-emp-not-inc,Never-married,Prof-specialty,Asian-Pac-Islander,Male,United-States,dice,1
70.0,10.0,53380.0,0.0,30.0,Self-emp-not-inc,Never-married,Prof-specialty,Asian-Pac-Islander,Male,United-States,dice,1
54.0,10.0,0.0,0.0,30.0,Self-emp-not-inc,Married-civ-spouse,Prof-specialty,Asian-Pac-Islander,Male,United-States,dice,1
24.0,14.0,10377.0,0.0,30.0,Self-emp-not-inc,Never-married,Prof-specialty,Asian-Pac-Islander,Male,United-States,dice,1
39.0,10.0,0.0,3097.0,30.0,Self-emp-not-inc,Never-married,Prof-specialty,Asian-Pac-Islander,Male,United-States,dice,1
24.0,10.0,66733.0,0.0,30.0,Self-emp-not-inc,Never-married,Prof-specialty,Asian-Pac-Islander,Male,United-States,dice,1
24.0,10.0,0.0,4354.0,30.0,Self-emp-not-inc,Never-married,Prof-specialty,Asian-Pac-Islander,Male,United-States,dice,1
24.0,10.0,0.0,3568.0,30.0,Self-emp-not-inc,Never-married,Prof-specialty,Asian-Pac-Islander,Male,United-States,dice,1
24.0,10.0,0.0,4207.0,30.0,Self-emp-not-inc,Never-married,Prof-specialty,Asian-Pac-Islander,Male,United-States,dice,1
24.0,10.0,4999.0,0.0,30.0,Self-emp-not-inc,Never-married,Prof-specialty,Asian-Pac-Islander,Male,United-States,cadex,1
27.0,10.0,4999.0,0.0,30.0,Self-emp-not-inc,Never-married,Prof-specialty,Asian-Pac-Islander,Male,United-States,cadex,1
27.0,10.0,4999.0,0.0,34.0,Self-emp-not-inc,Never-married,Prof-specialty,Asian-Pac-Islander,Male,United-States,cadex,1
27.0,10.0,4999.0,217.0,34.0,Self-emp-not-inc,Never-married,Prof-specialty,Asian-Pac-Islander,Male,United-States,cadex,1
27.0,10.0,4999.0,217.0,34.0,Self-emp-not-inc,Never-married,Prof-specialty,Asian-Pac-Islander,Male,United-States,cadex,1
30.0,11.0,10317.0,102.0,34.0,Private,Married-civ-spouse,Prof-specialty,Asian-Pac-Islander,Male,United-States,fimap,1
30.0,10.0,5907.0,43.0,32.0,Private,Married-civ-spouse,Prof-specialty,Asian-Pac-Islander,Male,United-States,fimap,1
31.0,10.0,6444.0,49.0,32.0,Private,Married-civ-spouse,Machine-op-inspct,Asian-Pac-Islander,Male,United-States,fimap,1
31.0,11.0,9949.0,102.0,33.0,Private,Married-civ-spouse,Handlers-cleaners,Asian-Pac-Islander,Male,United-States,fimap,1
31.0,11.0,7127.0,61.0,32.0,Private,Divorced,Prof-specialty,Asian-Pac-Islander,Male,United-States,fimap,1
31.0,10.0,6595.0,49.0,32.0,Private,Divorced,?,Asian-Pac-Islander,Male,United-States,fimap,0
72.0,10.0,3885.0,0.0,65.0,Self-emp-not-inc,Never-married,Prof-specialty,Asian-Pac-Islander,Male,United-States,wachter,1
70.0,9.0,3640.0,0.0,55.0,Self-emp-not-inc,Never-married,Prof-specialty,Asian-Pac-Islander,Male,United-States,wachter,1
53.0,9.0,2918.0,0.0,33.0,Self-emp-not-inc,Never-married,Prof-specialty,Asian-Pac-Islander,Male,United-States,wachter,0
24.0,10.0,4402.0,0.0,29.0,Self-emp-not-inc,Never-married,Prof-specialty,Asian-Pac-Islander,Male,United-States,wachter,1
31.0,9.0,2614.0,1.0,30.0,Self-emp-not-inc,Never-married,Prof-specialty,Asian-Pac-Islander,Male,United-States,wachter,0
24.0,10.0,4469.0,0.0,30.0,Self-emp-not-inc,Never-married,Prof-specialty,Asian-Pac-Islander,Male,United-States,wachter,1
23.0,9.0,4474.0,0.0,29.0,Self-emp-not-inc,Never-married,Prof-specialty,Asian-Pac-Islander,Male,United-States,wachter,0
70.0,10.0,3712.0,0.0,62.0,Self-emp-not-inc,Never-married,Prof-specialty,Asian-Pac-Islander,Male,United-States,wachter,1
58.0,8.0,4964.0,0.0,34.0,Self-emp-not-inc,Never-married,Prof-specialty,Asian-Pac-Islander,Male,United-States,wachter,1
23.0,10.0,4405.0,0.0,30.0,Self-emp-not-inc,Never-married,Prof-specialty,Asian-Pac-Islander,Male,United-States,wachter,0
24.0,10.0,5939.0,0.0,30.0,Self-emp-not-inc,Never-married,Prof-specialty,Asian-Pac-Islander,Male,United-States,cem,1
24.0,10.0,15154.0,0.0,30.0,Self-emp-inc,Never-married,Protective-serv,Asian-Pac-Islander,Male,France,cfproto,1
28.0,10.0,35794.0,0.0,30.0,?,Never-married,Protective-serv,White,Male,Outlying-US(Guam-USVI-etc),cfproto,1
24.0,10.0,13763.0,0.0,30.0,Self-emp-not-inc,Never-married,Prof-specialty,White,Male,Philippines,cfproto,1
24.0,10.0,18256.0,0.0,30.0,Self-emp-inc,Never-married,Prof-specialty,White,Male,China,cfproto,1
24.0,10.0,34508.0,0.0,30.0,Self-emp-inc,Never-married,Prof-specialty,White,Male,Vietnam,cfproto,1
24.0,10.0,40939.0,0.0,30.0,State-gov,Never-married,Prof-specialty,White,Male,India,cfproto,1
24.0,10.0,26873.0,0.0,30.0,Self-emp-inc,Never-married,Prof-specialty,White,Male,China,cfproto,1
23.0,10.0,45951.0,0.0,30.0,Without-pay,Never-married,Prof-specialty,White,Male,Greece,cfproto,1
24.0,10.0,13763.0,0.0,30.0,Self-emp-not-inc,Never-married,Prof-specialty,White,Male,Philippines,cfproto,1
45.0,9.0,26255.0,703.0,22.0,Federal-gov,Married-civ-spouse,?,Asian-Pac-Islander,Male,United-States,growing-spheres,1
17.0,14.0,42417.0,86.0,36.0,Self-emp-inc,Divorced,?,Asian-Pac-Islander,Male,United-States,growing-spheres,1
34.0,10.0,26651.0,333.0,27.0,?,Divorced,?,Asian-Pac-Islander,Male,United-States,growing-spheres,1
30.0,13.0,31719.0,1324.0,24.0,?,Divorced,?,Asian-Pac-Islander,Male,United-States,growing-spheres,1
17.0,9.0,29154.0,47.0,43.0,Private,Married-AF-spouse,Armed-Forces,Asian-Pac-Islander,Male,United-States,growing-spheres,1
46.0,12.0,17359.0,0.0,36.0,?,Married-AF-spouse,Craft-repair,Asian-Pac-Islander,Male,United-States,growing-spheres,1
17.0,9.0,19830.0,0.0,36.0,Federal-gov,Married-AF-spouse,Adm-clerical,Asian-Pac-Islander,Male,United-States,growing-spheres,1
24.0,6.0,22589.0,115.0,24.0,?,Married-AF-spouse,Craft-repair,Asian-Pac-Islander,Male,United-States,growing-spheres,1
33.0,8.0,25089.0,552.0,29.0,Federal-gov,Divorced,Armed-Forces,Asian-Pac-Islander,Male,United-States,growing-spheres,1
29.0,10.0,31798.0,215.0,30.0,Federal-gov,Divorced,Adm-clerical,Asian-Pac-Islander,Male,United-States,growing-spheres,1
17.0,8.0,49887.0,641.0,52.0,?,Married-AF-spouse,Craft-repair,Asian-Pac-Islander,Male,United-States,growing-spheres,1
30.0,10.0,35880.0,0.0,33.0,Federal-gov,Divorced,Craft-repair,Asian-Pac-Islander,Male,United-States,growing-spheres,1
21.0,10.0,27720.0,0.0,35.0,?,Divorced,?,Asian-Pac-Islander,Male,United-States,growing-spheres,1
31.0,7.0,47001.0,198.0,22.0,Private,Married-AF-spouse,Adm-clerical,Asian-Pac-Islander,Male,United-States,growing-spheres,1
25.0,11.0,24283.0,518.0,15.0,?,Divorced,Craft-repair,Asian-Pac-Islander,Male,United-States,growing-spheres,1
40.0,7.0,36015.0,275.0,5.0,Federal-gov,Divorced,Armed-Forces,Asian-Pac-Islander,Male,United-States,growing-spheres,1
32.0,9.0,29964.0,0.0,36.0,Self-emp-not-inc,Divorced,Machine-op-inspct,Asian-Pac-Islander,Male,United-States,growing-spheres,1
39.0,11.0,20938.0,0.0,38.0,Federal-gov,Married-AF-spouse,Farming-fishing,Asian-Pac-Islander,Male,United-States,growing-spheres,1
35.0,10.0,34992.0,0.0,67.0,Private,Married-AF-spouse,Machine-op-inspct,Asian-Pac-Islander,Male,United-States,growing-spheres,1
17.0,3.0,30575.0,430.0,26.0,Private,Married-AF-spouse,Exec-managerial,Asian-Pac-Islander,Male,United-States,growing-spheres,1
24.0,10.0,0.0,0.0,29.0,Self-emp-not-inc,Married-AF-spouse,Prof-specialty,Asian-Pac-Islander,Male,United-States,actionable-recourse,1
32.0,14.0,0.0,0.0,39.0,Self-emp-not-inc,Never-married,Prof-specialty,White,Male,United-States,face,1
39.0,16.0,4787.0,0.0,39.0,Self-emp-not-inc,Never-married,Prof-specialty,White,Male,United-States,face,1
27.0,13.0,13549.0,0.0,39.0,Private,Never-married,Prof-specialty,Asian-Pac-Islander,Male,United-States,face,1
37.0,13.0,0.0,0.0,39.0,Self-emp-not-inc,Married-civ-spouse,Prof-specialty,White,Male,United-States,face,1
38.0,10.0,3137.0,0.0,50.0,Self-emp-not-inc,Married-civ-spouse,Prof-specialty,White,Male,United-States,face,1
35.0,9.0,8614.0,0.0,39.0,Self-emp-not-inc,Never-married,Machine-op-inspct,White,Male,United-States,face,1
30.0,15.0,0.0,0.0,39.0,Self-emp-not-inc,Never-married,Prof-specialty,White,Male,United-States,face,1
35.0,13.0,0.0,0.0,39.0,Self-emp-not-inc,Married-civ-spouse,Prof-specialty,White,Male,United-States,face,1
39.0,14.0,0.0,0.0,39.0,Self-emp-not-inc,Never-married,Prof-specialty,White,Male,United-States,face,1
37.0,9.0,3137.0,0.0,29.0,Self-emp-not-inc,Married-civ-spouse,Prof-specialty,White,Male,United-States,face,1
