age,education.num,capital.gain,capital.loss,hours.per.week,workclass,marital.status,occupation,race,sex,native.country,explainer,income
47.0,9.0,0,0.0,52.0,Without-pay,Married-civ-spouse,Exec-managerial,White,Male,United-States,dice,0
47.0,9.0,0,0.0,40.0,Self-emp-not-inc,Widowed,Exec-managerial,White,Male,United-States,dice,0
47.0,9.0,0,0.0,40.0,State-gov,Married-civ-spouse,Farming-fishing,White,Male,United-States,dice,0
47.0,1.0,0,609.0,40.0,Self-emp-inc,Married-civ-spouse,Exec-managerial,White,Male,United-States,dice,0
47.0,9.0,0,0.0,40.0,Never-worked,Married-civ-spouse,Exec-managerial,White,Male,United-States,dice,0
47.0,6.0,0,0.0,40.0,Never-worked,Married-civ-spouse,Exec-managerial,White,Male,United-States,dice,0
47.0,2.0,0,0.0,40.0,Self-emp-inc,Married-civ-spouse,Sales,White,Male,United-States,dice,0
47.0,9.0,0,2870.0,40.0,Without-pay,Married-civ-spouse,Exec-managerial,White,Male,United-States,dice,0
47.0,9.0,0,0.0,40.0,Local-gov,Married-spouse-absent,Exec-managerial,White,Male,United-States,dice,0
92.0,9.0,0,0.0,40.0,Self-emp-inc,Married-civ-spouse,Exec-managerial,White,Male,United-States,dice,0
47.0,2.0,0,0.0,40.0,Self-emp-inc,Married-civ-spouse,Prof-specialty,White,Male,United-States,dice,0
33.0,9.0,0,0.0,17.0,Self-emp-inc,Married-civ-spouse,Exec-managerial,White,Male,United-States,dice,0
47.0,9.0,0,0.0,40.0,Self-emp-inc,Divorced,Armed-Forces,White,Male,United-States,dice,0
47.0,9.0,0,0.0,40.0,State-gov,Never-married,Exec-managerial,White,Male,United-States,dice,0
73.0,2.0,0,0.0,40.0,Self-emp-inc,Married-civ-spouse,Exec-managerial,White,Male,United-States,dice,0
87.0,4.0,0,0.0,40.0,Self-emp-inc,Married-civ-spouse,Exec-managerial,White,Male,United-States,dice,0
92.0,3.0,0,0.0,40.0,Self-emp-inc,Married-civ-spouse,Exec-managerial,White,Male,United-States,dice,0
47.0,9.0,0,0.0,40.0,Never-worked,Married-civ-spouse,Adm-clerical,White,Male,United-States,dice,0
20.0,9.0,0,0.0,40.0,Self-emp-inc,Married-civ-spouse,Exec-managerial,White,Male,United-States,dice,0
47.0,9.0,0,0.0,40.0,Self-emp-inc,Married-civ-spouse,Priv-house-serv,White,Male,United-States,dice,0
42.0,7.0,0,0.0,35.0,Private,Divorced,Tech-support,White,Male,United-States,fimap,0
42.0,7.0,0,0.0,35.0,Private,Divorced,Prof-specialty,White,Male,United-States,fimap,0
43.0,8.0,0,0.0,35.0,Self-emp-inc,Married-civ-spouse,Exec-managerial,White,Male,United-States,cadex,0
45.0,8.0,0,0.0,37.0,Private,Married-civ-spouse,Prof-specialty,White,Male,United-States,fimap,0
46.0,8.0,0,0.0,38.0,Private,Married-civ-spouse,Prof-specialty,White,Male,United-States,fimap,1
46.0,8.0,0,0.0,39.0,Private,Married-civ-spouse,Transport-moving,White,Male,United-States,fimap,0
46.0,8.0,0,0.0,39.0,Private,Married-civ-spouse,Adm-clerical,White,Male,United-States,fimap,0
47.0,8.0,0,0.0,35.0,Self-emp-inc,Married-civ-spouse,Exec-managerial,White,Male,United-States,cadex,0
47.0,8.0,0,0.0,40.0,Self-emp-inc,Married-civ-spouse,Exec-managerial,White,Male,United-States,cadex,0
47.0,9.0,0,0.0,40.0,Self-emp-inc,Married-civ-spouse,Exec-managerial,White,Male,United-States,cadex,0
47.0,9.0,0,0.0,40.0,Self-emp-inc,Married-civ-spouse,Exec-managerial,White,Male,United-States,cadex,0
47.0,9.0,0,0.0,40.0,Self-emp-inc,Married-civ-spouse,Exec-managerial,White,Male,United-States,cadex,0
47.0,9.0,0,0.0,40.0,Self-emp-inc,Married-civ-spouse,Exec-managerial,White,Male,United-States,cadex,0
46.0,8.0,0,0.0,39.0,Self-emp-inc,Married-civ-spouse,Exec-managerial,White,Male,United-States,wachter,1
46.0,8.0,0,0.0,39.0,Self-emp-inc,Married-civ-spouse,Exec-managerial,White,Male,United-States,wachter,1
46.0,9.0,0,0.0,39.0,Self-emp-inc,Married-civ-spouse,Exec-managerial,White,Male,United-States,wachter,1
41.0,8.0,0,0.0,37.0,Self-emp-inc,Married-civ-spouse,Exec-managerial,White,Male,United-States,wachter,1
43.0,8.0,0,0.0,33.0,Self-emp-inc,Married-civ-spouse,Exec-managerial,White,Male,United-States,wachter,1
46.0,8.0,0,0.0,39.0,Self-emp-inc,Married-civ-spouse,Exec-managerial,White,Male,United-States,wachter,1
43.0,8.0,0,0.0,43.0,Self-emp-inc,Married-civ-spouse,Exec-managerial,White,Male,United-States,wachter,1
78.0,8.0,0,0.0,39.0,Self-emp-inc,Married-civ-spouse,Exec-managerial,White,Male,United-States,wachter,1
46.0,8.0,0,0.0,40.0,Self-emp-inc,Married-civ-spouse,Exec-managerial,White,Male,United-States,wachter,1
46.0,8.0,0,0.0,39.0,Self-emp-inc,Married-civ-spouse,Exec-managerial,White,Male,United-States,wachter,1
47.0,8.0,0,0.0,36.0,Self-emp-inc,Married-civ-spouse,Exec-managerial,White,Male,United-States,cem,1
47.0,9.0,0,0.0,40.0,Self-emp-inc,Married-civ-spouse,Handlers-cleaners,White,Male,Poland,cfproto,0
47.0,9.0,0,0.0,40.0,Self-emp-inc,Married-civ-spouse,Exec-managerial,White,Male,Poland,cfproto,0
47.0,9.0,0,0.0,40.0,Self-emp-inc,Married-civ-spouse,Other-service,White,Male,Portugal,cfproto,0
47.0,9.0,0,0.0,40.0,Self-emp-inc,Married-civ-spouse,Exec-managerial,White,Male,?,cfproto,0
47.0,9.0,0,0.0,40.0,Self-emp-inc,Married-civ-spouse,Handlers-cleaners,White,Male,United-States,cfproto,0
47.0,9.0,0,0.0,40.0,Self-emp-inc,Married-civ-spouse,Machine-op-inspct,White,Male,Iran,cfproto,0
47.0,9.0,0,0.0,40.0,Self-emp-inc,Married-civ-spouse,Other-service,White,Male,Trinadad&Tobago,cfproto,0
47.0,9.0,0,0.0,40.0,Self-emp-inc,Married-civ-spouse,Exec-managerial,White,Male,Poland,cfproto,0
49.0,8.0,0,0.0,41.0,Never-worked,Married-civ-spouse,?,White,Male,United-States,growing-spheres,0
50.0,7.0,2447,0.0,33.0,Self-emp-inc,Married-civ-spouse,?,White,Male,United-States,growing-spheres,0
44.0,9.0,0,0.0,41.0,Never-worked,Married-AF-spouse,Adm-clerical,White,Male,United-States,growing-spheres,0
47.0,8.0,0,0.0,39.0,?,Divorced,Armed-Forces,White,Male,United-States,growing-spheres,0
49.0,8.0,0,0.0,44.0,?,Married-AF-spouse,Armed-Forces,White,Male,United-States,growing-spheres,0
46.0,8.0,0,0.0,40.0,Private,Divorced,Sales,White,Male,United-States,growing-spheres,0
45.0,9.0,0,0.0,37.0,Federal-gov,Married-civ-spouse,Adm-clerical,White,Male,United-States,growing-spheres,1
51.0,9.0,0,136.0,41.0,Self-emp-inc,Married-civ-spouse,Armed-Forces,White,Male,United-States,growing-spheres,0
48.0,8.0,0,267.0,34.0,?,Married-civ-spouse,Adm-clerical,White,Male,United-States,growing-spheres,1
42.0,8.0,0,0.0,43.0,Local-gov,Married-civ-spouse,Craft-repair,White,Male,United-States,growing-spheres,0
49.0,9.0,0,0.0,42.0,Never-worked,Divorced,Adm-clerical,White,Male,United-States,growing-spheres,0
45.0,8.0,5760,0.0,43.0,?,Married-AF-spouse,Armed-Forces,White,Male,United-States,growing-spheres,0
44.0,9.0,421,13.0,34.0,Local-gov,Married-AF-spouse,Exec-managerial,White,Male,United-States,growing-spheres,1
48.0,10.0,8979,0.0,35.0,?,Married-civ-spouse,Exec-managerial,White,Male,United-States,growing-spheres,1
47.0,9.0,0,0.0,40.0,Private,Divorced,Adm-clerical,White,Male,United-States,growing-spheres,0
49.0,9.0,0,0.0,31.0,Federal-gov,Divorced,?,White,Male,United-States,growing-spheres,0
48.0,8.0,0,0.0,41.0,Self-emp-inc,Divorced,?,White,Male,United-States,growing-spheres,0
44.0,8.0,1743,0.0,37.0,?,Married-AF-spouse,Craft-repair,White,Male,United-States,growing-spheres,0
46.0,8.0,0,54.0,38.0,Private,Divorced,Adm-clerical,White,Male,United-States,growing-spheres,0
42.0,9.0,10643,0.0,41.0,?,Married-AF-spouse,Exec-managerial,White,Male,United-States,growing-spheres,1
53.0,9.0,0,0.0,34.0,Self-emp-not-inc,Married-civ-spouse,Exec-managerial,White,Male,United-States,face,0
50.0,9.0,0,0.0,29.0,Self-emp-not-inc,Married-civ-spouse,Exec-managerial,White,Male,United-States,face,0
66.0,8.0,0,0.0,19.0,Self-emp-inc,Married-civ-spouse,Exec-managerial,White,Male,United-States,face,0
45.0,9.0,0,0.0,39.0,Self-emp-not-inc,Married-civ-spouse,Exec-managerial,White,Male,United-States,face,0
45.0,9.0,0,0.0,42.0,Self-emp-inc,Divorced,Exec-managerial,White,Male,United-States,face,0
46.0,10.0,0,0.0,39.0,Self-emp-inc,Married-civ-spouse,Farming-fishing,White,Male,United-States,face,0
77.0,7.0,0,0.0,10.0,Self-emp-inc,Married-civ-spouse,Exec-managerial,White,Male,United-States,face,0
41.0,9.0,0,0.0,39.0,Self-emp-not-inc,Married-civ-spouse,Exec-managerial,White,Male,United-States,face,0
25.0,9.0,0,0.0,39.0,Self-emp-inc,Married-civ-spouse,Exec-managerial,White,Male,United-States,face,0
39.0,9.0,0,0.0,39.0,Self-emp-not-inc,Married-civ-spouse,Exec-managerial,White,Male,United-States,face,0
