age,education.num,capital.gain,capital.loss,hours.per.week,workclass,marital.status,occupation,race,sex,native.country,explainer,income
17,5.0,78129.0,0.0,24.0,Local-gov,Never-married,Other-service,White,Male,United-States,dice,1
17,5.0,33448.0,0.0,99.0,Private,Never-married,Other-service,White,Male,United-States,dice,1
17,5.0,41308.0,4161.0,24.0,Private,Never-married,Other-service,White,Male,United-States,dice,1
17,5.0,58941.0,0.0,24.0,Private,Never-married,Other-service,White,Male,United-States,dice,1
17,5.0,96796.0,0.0,24.0,Private,Never-married,Other-service,White,Male,United-States,dice,1
17,5.0,83903.0,0.0,24.0,Self-emp-not-inc,Never-married,Other-service,White,Male,United-States,dice,1
17,15.0,36697.0,0.0,24.0,Private,Never-married,Other-service,White,Male,United-States,dice,1
17,5.0,56091.0,273.0,24.0,Private,Never-married,Other-service,White,Male,United-States,dice,1
17,5.0,90328.0,0.0,24.0,Private,Never-married,?,White,Male,United-States,dice,1
17,5.0,78129.0,0.0,24.0,Private,Never-married,Other-service,White,Male,United-States,dice,1
17,5.0,98495.0,0.0,24.0,Private,Married-AF-spouse,Other-service,White,Male,United-States,dice,1
17,5.0,71369.0,1774.0,24.0,Private,Never-married,Other-service,White,Male,United-States,dice,1
17,5.0,99170.0,0.0,24.0,Private,Never-married,Other-service,White,Male,United-States,dice,1
17,5.0,24957.0,0.0,24.0,Private,Never-married,Other-service,White,Male,United-States,dice,1
17,5.0,22344.0,2529.0,24.0,Private,Never-married,Other-service,White,Male,United-States,dice,1
17,5.0,41466.0,0.0,24.0,Private,Never-married,Other-service,White,Male,United-States,dice,1
17,5.0,67047.0,0.0,24.0,Private,Never-married,Sales,White,Male,United-States,dice,1
17,5.0,50972.0,0.0,50.0,Private,Never-married,Other-service,White,Male,United-States,dice,1
17,5.0,43274.0,0.0,24.0,?,Never-married,Other-service,White,Male,United-States,dice,1
17,5.0,59283.0,0.0,20.0,Private,Never-married,Other-service,White,Male,United-States,dice,1
17,5.0,25913.0,0.0,24.0,Private,Never-married,Other-service,White,Male,United-States,cadex,1
26,7.0,14950.0,611.0,37.0,Private,Never-married,Other-service,White,Male,United-States,cadex,1
26,7.0,15034.0,0.0,37.0,Private,Never-married,Other-service,White,Male,United-States,cadex,1
26,7.0,15201.0,0.0,37.0,Private,Never-married,Other-service,White,Male,United-States,cadex,1
27,7.0,15476.0,0.0,37.0,Private,Never-married,Other-service,White,Male,United-States,cadex,1
28,8.0,26384.0,215.0,34.0,Private,Married-civ-spouse,Tech-support,White,Male,United-States,fimap,1
29,5.0,19416.0,0.0,41.0,Private,Never-married,Other-service,White,Male,United-States,cadex,1
30,5.0,19733.0,0.0,24.0,Private,Never-married,Other-service,White,Male,United-States,cadex,1
30,6.0,12370.0,81.0,28.0,Private,Divorced,Prof-specialty,White,Male,United-States,fimap,1
31,7.0,15752.0,108.0,29.0,Private,Married-civ-spouse,Adm-clerical,White,Male,United-States,fimap,1
31,6.0,13091.0,89.0,28.0,Private,Never-married,Machine-op-inspct,White,Male,United-States,fimap,0
31,5.0,20967.0,0.0,24.0,Private,Never-married,Other-service,White,Male,United-States,cadex,1
31,6.0,13601.0,91.0,28.0,Private,Married-civ-spouse,Craft-repair,White,Male,United-States,fimap,1
31,8.0,26137.0,238.0,34.0,Private,Married-civ-spouse,Machine-op-inspct,White,Male,United-States,fimap,1
45,10.0,506.0,0.0,94.0,Private,Never-married,Other-service,White,Male,United-States,wachter,0
38,10.0,1893.0,0.0,84.0,Private,Never-married,Other-service,White,Male,United-States,wachter,0
64,10.0,2771.0,0.0,82.0,Private,Never-married,Other-service,White,Male,United-States,wachter,0
65,11.0,4.0,0.0,90.0,State-gov,Never-married,Other-service,White,Male,United-States,wachter,0
70,11.0,4318.0,0.0,96.0,Self-emp-not-inc,Married-civ-spouse,?,White,Male,United-States,wachter,1
62,13.0,0.0,0.0,92.0,Self-emp-not-inc,Married-civ-spouse,Other-service,White,Male,United-States,wachter,1
62,13.0,0.0,0.0,93.0,Self-emp-not-inc,Married-civ-spouse,Other-service,White,Male,United-States,wachter,1
49,15.0,988.0,0.0,98.0,Private,Married-civ-spouse,Transport-moving,White,Male,United-States,wachter,1
35,6.0,9731.0,0.0,74.0,Private,Never-married,Other-service,White,Male,United-States,wachter,1
35,6.0,9793.0,1.0,73.0,Private,Never-married,Other-service,White,Male,United-States,wachter,1
17,5.0,22833.0,0.0,24.0,Private,Never-married,Other-service,White,Male,United-States,cem,1
17,5.0,48701.0,0.0,24.0,Self-emp-inc,Never-married,Other-service,White,Male,Vietnam,cfproto,1
17,5.0,22011.0,0.0,24.0,Self-emp-inc,Never-married,Other-service,White,Male,Philippines,cfproto,1
17,5.0,35644.0,0.0,24.0,Self-emp-inc,Never-married,Other-service,White,Male,India,cfproto,1
21,5.0,46152.0,0.0,27.0,Without-pay,Never-married,Protective-serv,White,Male,Outlying-US(Guam-USVI-etc),cfproto,1
17,5.0,22011.0,0.0,24.0,Self-emp-inc,Never-married,Other-service,White,Male,Philippines,cfproto,1
25,5.0,33429.0,0.0,29.0,?,Married-AF-spouse,Adm-clerical,White,Male,United-States,growing-spheres,1
20,4.0,56432.0,0.0,22.0,?,Divorced,Armed-Forces,White,Male,United-States,growing-spheres,1
31,3.0,48115.0,98.0,32.0,Federal-gov,Divorced,Adm-clerical,White,Male,United-States,growing-spheres,1
17,4.0,48709.0,0.0,11.0,Local-gov,Divorced,Priv-house-serv,White,Male,United-States,growing-spheres,1
17,3.0,46168.0,0.0,31.0,Local-gov,Married-AF-spouse,Craft-repair,White,Male,United-States,growing-spheres,1
34,7.0,28203.0,330.0,35.0,Private,Divorced,?,White,Male,United-States,growing-spheres,1
26,5.0,28876.0,1755.0,51.0,Private,Divorced,Craft-repair,White,Male,United-States,growing-spheres,1
32,2.0,33603.0,195.0,41.0,Self-emp-inc,Married-AF-spouse,Machine-op-inspct,White,Male,United-States,growing-spheres,1
27,3.0,42205.0,0.0,25.0,Federal-gov,Married-AF-spouse,?,White,Male,United-States,growing-spheres,1
17,8.0,28921.0,0.0,68.0,Federal-gov,Divorced,?,White,Male,United-States,growing-spheres,1
28,4.0,53898.0,0.0,21.0,?,Married-AF-spouse,?,White,Male,United-States,growing-spheres,1
18,7.0,29647.0,536.0,33.0,Federal-gov,Divorced,Handlers-cleaners,White,Male,United-States,growing-spheres,1
17,3.0,47541.0,421.0,1.0,Federal-gov,Married-AF-spouse,Craft-repair,White,Male,United-States,growing-spheres,1
23,6.0,57757.0,125.0,23.0,Self-emp-inc,Married-AF-spouse,?,White,Male,United-States,growing-spheres,1
23,4.0,52535.0,0.0,30.0,State-gov,Married-AF-spouse,Adm-clerical,White,Male,United-States,growing-spheres,1
17,4.0,56596.0,816.0,32.0,Private,Divorced,Adm-clerical,White,Male,United-States,growing-spheres,1
31,5.0,38220.0,0.0,61.0,State-gov,Married-civ-spouse,Adm-clerical,White,Male,United-States,growing-spheres,1
17,3.0,42554.0,832.0,39.0,Federal-gov,Divorced,?,White,Male,United-States,growing-spheres,1
39,6.0,22175.0,0.0,25.0,Federal-gov,Divorced,Adm-clerical,White,Male,United-States,growing-spheres,1
17,4.0,52556.0,0.0,1.0,Self-emp-inc,Divorced,Armed-Forces,White,Male,United-States,growing-spheres,1
42,11.0,0.0,0.0,44.0,Private,Married-civ-spouse,Other-service,White,Male,United-States,face,1
25,10.0,8614.0,0.0,39.0,Private,Never-married,Prof-specialty,White,Male,United-States,face,1
26,14.0,8614.0,0.0,39.0,Private,Never-married,Prof-specialty,White,Male,United-States,face,1
32,11.0,0.0,0.0,59.0,Private,Married-civ-spouse,Other-service,White,Male,United-States,face,1
35,10.0,13549.0,0.0,59.0,Private,Never-married,Exec-managerial,White,Male,United-States,face,1
34,13.0,0.0,0.0,29.0,Private,Married-civ-spouse,Other-service,White,Male,United-States,face,0
30,12.0,4787.0,0.0,50.0,Private,Never-married,Craft-repair,White,Male,United-States,face,1
46,13.0,0.0,0.0,29.0,Private,Married-civ-spouse,Other-service,White,Male,United-States,face,1
36,13.0,0.0,0.0,39.0,Private,Never-married,Prof-specialty,White,Male,United-States,face,0
28,13.0,0.0,0.0,50.0,Private,Married-civ-spouse,Other-service,White,Male,United-States,face,1
