age,education.num,capital.gain,capital.loss,hours.per.week,workclass,marital.status,occupation,race,sex,native.country,explainer,income
90.0,15.0,0.0,2758.0,40.0,Private,Never-married,Tech-support,Asian-Pac-Islander,Male,India,dice,1
34.0,15.0,0.0,3796.0,40.0,Private,Never-married,Tech-support,Asian-Pac-Islander,Male,India,dice,1
34.0,15.0,85406.0,1564.0,40.0,Never-worked,Never-married,Tech-support,Asian-Pac-Islander,Male,India,dice,1
34.0,15.0,36080.0,1564.0,40.0,Private,Never-married,Tech-support,Asian-Pac-Islander,Male,India,dice,1
34.0,13.0,0.0,3087.0,40.0,Private,Never-married,Tech-support,Asian-Pac-Islander,Male,India,dice,1
70.0,15.0,0.0,2187.0,40.0,Private,Never-married,Tech-support,Asian-Pac-Islander,Male,India,dice,1
34.0,15.0,0.0,1564.0,59.0,Private,Never-married,Tech-support,Asian-Pac-Islander,Male,India,dice,1
34.0,15.0,81913.0,1564.0,40.0,Private,Never-married,Priv-house-serv,Asian-Pac-Islander,Male,India,dice,1
34.0,15.0,0.0,3681.0,40.0,Private,Widowed,Tech-support,Asian-Pac-Islander,Male,India,dice,1
34.0,15.0,0.0,2912.0,40.0,Private,Married-civ-spouse,Tech-support,Asian-Pac-Islander,Male,India,dice,1
34.0,15.0,3639.0,1564.0,40.0,Private,Never-married,Tech-support,Asian-Pac-Islander,Male,India,dice,1
34.0,15.0,0.0,2604.0,40.0,Private,Never-married,Tech-support,Asian-Pac-Islander,Male,India,dice,1
34.0,15.0,87214.0,1564.0,40.0,Self-emp-not-inc,Never-married,Tech-support,Asian-Pac-Islander,Male,India,dice,1
48.0,15.0,0.0,3835.0,40.0,Private,Never-married,Tech-support,Asian-Pac-Islander,Male,India,dice,1
34.0,15.0,0.0,3449.0,40.0,Private,Never-married,Protective-serv,Asian-Pac-Islander,Male,India,dice,1
34.0,5.0,14367.0,1564.0,40.0,Private,Never-married,Tech-support,Asian-Pac-Islander,Male,India,dice,1
34.0,15.0,0.0,2864.0,40.0,Private,Never-married,Tech-support,Asian-Pac-Islander,Male,India,dice,1
34.0,15.0,0.0,1564.0,40.0,Private,Married-civ-spouse,Protective-serv,Asian-Pac-Islander,Male,India,dice,1
34.0,15.0,0.0,4224.0,40.0,Private,Never-married,Tech-support,Asian-Pac-Islander,Male,India,dice,1
75.0,15.0,0.0,1564.0,40.0,Private,Never-married,Tech-support,Asian-Pac-Islander,Male,India,dice,1
32.0,14.0,0.0,1548.0,37.0,Private,Divorced,Protective-serv,Asian-Pac-Islander,Male,India,fimap,0
33.0,14.0,0.0,1542.0,37.0,Private,Married-civ-spouse,Other-service,Asian-Pac-Islander,Male,India,fimap,1
33.0,14.0,0.0,1551.0,37.0,Private,Married-civ-spouse,Transport-moving,Asian-Pac-Islander,Male,India,fimap,1
34.0,15.0,4999.0,1564.0,40.0,Private,Never-married,Tech-support,Asian-Pac-Islander,Male,India,cadex,1
34.0,14.0,0.0,1559.0,39.0,Private,Married-civ-spouse,Adm-clerical,Asian-Pac-Islander,Male,India,fimap,1
34.0,14.0,59.0,1563.0,39.0,Private,Married-civ-spouse,Adm-clerical,Asian-Pac-Islander,Male,India,fimap,1
34.0,15.0,722.0,1570.0,39.0,Private,Divorced,Farming-fishing,Asian-Pac-Islander,Male,India,fimap,0
37.0,15.0,4999.0,1564.0,40.0,Private,Never-married,Tech-support,Asian-Pac-Islander,Male,India,cadex,1
37.0,15.0,4999.0,1781.0,40.0,Private,Never-married,Tech-support,Asian-Pac-Islander,Male,India,cadex,1
37.0,15.0,4999.0,1781.0,40.0,Private,Never-married,Tech-support,Asian-Pac-Islander,Male,India,cadex,1
37.0,15.0,4999.0,1781.0,44.0,Private,Never-married,Tech-support,Asian-Pac-Islander,Male,India,cadex,1
34.0,14.0,1156.0,1565.0,39.0,Private,Never-married,Tech-support,Asian-Pac-Islander,Male,India,wachter,0
34.0,14.0,1148.0,1563.0,40.0,Private,Never-married,Tech-support,Asian-Pac-Islander,Male,India,wachter,0
33.0,15.0,1440.0,1548.0,39.0,Private,Never-married,Tech-support,Asian-Pac-Islander,Male,India,wachter,1
33.0,15.0,1244.0,1558.0,40.0,Private,Never-married,Tech-support,Asian-Pac-Islander,Male,India,wachter,0
45.0,14.0,89.0,1535.0,41.0,Private,Never-married,Tech-support,Asian-Pac-Islander,Male,India,wachter,1
34.0,15.0,1189.0,1547.0,39.0,Private,Never-married,Tech-support,Asian-Pac-Islander,Male,India,wachter,1
33.0,15.0,1442.0,1548.0,38.0,Private,Never-married,Tech-support,Asian-Pac-Islander,Male,India,wachter,0
34.0,14.0,1153.0,1560.0,40.0,Private,Never-married,Tech-support,Asian-Pac-Islander,Male,India,wachter,0
34.0,14.0,1189.0,1560.0,40.0,Private,Never-married,Tech-support,Asian-Pac-Islander,Male,India,wachter,0
33.0,14.0,1164.0,1565.0,39.0,Private,Never-married,Tech-support,Asian-Pac-Islander,Male,India,wachter,0
34.0,15.0,2912.0,1564.0,40.0,Private,Never-married,Tech-support,Asian-Pac-Islander,Male,India,cem,1
34.0,15.0,0.0,1564.0,40.0,Private,Never-married,Tech-support,White,Male,Japan,cfproto,1
34.0,15.0,0.0,1564.0,40.0,Private,Never-married,Tech-support,White,Male,Philippines,cfproto,1
34.0,15.0,220.0,1564.0,40.0,Private,Never-married,Tech-support,Asian-Pac-Islander,Male,Japan,cfproto,1
34.0,15.0,0.0,1564.0,40.0,Private,Never-married,Tech-support,White,Male,Italy,cfproto,1
34.0,15.0,386.0,1564.0,40.0,Private,Never-married,Tech-support,White,Male,Philippines,cfproto,1
34.0,15.0,0.0,1564.0,40.0,Private,Never-married,Tech-support,Asian-Pac-Islander,Male,Japan,cfproto,1
34.0,15.0,3961.0,1564.0,40.0,Private,Never-married,Prof-specialty,White,Male,Jamaica,cfproto,1
34.0,15.0,0.0,1564.0,40.0,Private,Never-married,Tech-support,White,Male,Philippines,cfproto,1
34.0,15.0,3127.0,1564.0,40.0,Private,Never-married,Tech-support,White,Male,Jamaica,cfproto,1
34.0,15.0,0.0,1564.0,40.0,Private,Never-married,Tech-support,Asian-Pac-Islander,Male,Japan,cfproto,1
41.0,16.0,24831.0,2219.0,49.0,Never-worked,Married-AF-spouse,Adm-clerical,Asian-Pac-Islander,Male,India,growing-spheres,1
38.0,14.0,12305.0,1495.0,27.0,Private,Divorced,Craft-repair,Asian-Pac-Islander,Male,India,growing-spheres,1
39.0,16.0,36004.0,1135.0,34.0,Federal-gov,Never-married,Craft-repair,Asian-Pac-Islander,Male,India,growing-spheres,1
33.0,14.0,0.0,1568.0,39.0,?,Married-civ-spouse,Adm-clerical,Asian-Pac-Islander,Male,India,growing-spheres,1
17.0,16.0,22799.0,1345.0,56.0,Federal-gov,Divorced,Adm-clerical,Asian-Pac-Islander,Male,India,growing-spheres,1
46.0,16.0,0.0,2363.0,37.0,Federal-gov,Separated,Craft-repair,Asian-Pac-Islander,Male,India,growing-spheres,0
34.0,14.0,25281.0,1091.0,25.0,Private,Divorced,Armed-Forces,Asian-Pac-Islander,Male,India,growing-spheres,1
20.0,16.0,19355.0,1208.0,40.0,?,Married-spouse-absent,Handlers-cleaners,Asian-Pac-Islander,Male,India,growing-spheres,1
30.0,16.0,26539.0,2517.0,36.0,Self-emp-not-inc,Divorced,Farming-fishing,Asian-Pac-Islander,Male,India,growing-spheres,1
30.0,15.0,19229.0,1520.0,40.0,Self-emp-not-inc,Divorced,Exec-managerial,Asian-Pac-Islander,Male,India,growing-spheres,1
37.0,16.0,14453.0,1959.0,42.0,Private,Married-civ-spouse,Machine-op-inspct,Asian-Pac-Islander,Male,India,growing-spheres,1
34.0,15.0,31968.0,1354.0,37.0,?,Married-spouse-absent,Craft-repair,Asian-Pac-Islander,Male,India,growing-spheres,1
29.0,14.0,39069.0,1359.0,40.0,Federal-gov,Divorced,Adm-clerical,Asian-Pac-Islander,Male,India,growing-spheres,1
42.0,16.0,15200.0,1277.0,63.0,Federal-gov,Married-AF-spouse,?,Asian-Pac-Islander,Male,India,growing-spheres,1
32.0,14.0,9179.0,1459.0,28.0,Federal-gov,Married-AF-spouse,Adm-clerical,Asian-Pac-Islander,Male,India,growing-spheres,1
41.0,15.0,15403.0,1078.0,27.0,Self-emp-inc,Married-AF-spouse,Craft-repair,Asian-Pac-Islander,Male,India,growing-spheres,1
41.0,15.0,20733.0,2589.0,30.0,Private,Married-AF-spouse,?,Asian-Pac-Islander,Male,India,growing-spheres,1
25.0,14.0,26092.0,1648.0,17.0,?,Married-AF-spouse,Machine-op-inspct,Asian-Pac-Islander,Male,India,growing-spheres,1
28.0,15.0,16041.0,926.0,21.0,?,Divorced,Craft-repair,Asian-Pac-Islander,Male,India,growing-spheres,1
17.0,16.0,14999.0,1947.0,36.0,?,Divorced,Adm-clerical,Asian-Pac-Islander,Male,India,growing-spheres,1
34.0,15.0,0.0,1564.0,39.0,Private,Married-AF-spouse,Tech-support,Asian-Pac-Islander,Male,India,actionable-recourse,1
48.0,13.0,0.0,0.0,39.0,Private,Married-civ-spouse,Exec-managerial,Asian-Pac-Islander,Male,India,face,1
32.0,14.0,0.0,0.0,39.0,Private,Married-civ-spouse,Prof-specialty,Asian-Pac-Islander,Male,India,face,1
34.0,9.0,14083.0,0.0,34.0,Private,Never-married,Tech-support,Asian-Pac-Islander,Male,China,face,1
36.0,15.0,0.0,0.0,39.0,Private,Never-married,Prof-specialty,Other,Male,India,face,1
29.0,13.0,0.0,0.0,63.0,Private,Never-married,Prof-specialty,Asian-Pac-Islander,Male,Philippines,face,1
31.0,15.0,0.0,0.0,39.0,Private,Married-civ-spouse,Tech-support,Asian-Pac-Islander,Male,India,face,1
48.0,13.0,0.0,0.0,39.0,Private,Married-civ-spouse,Exec-managerial,Asian-Pac-Islander,Male,India,face,1
39.0,15.0,0.0,2415.0,67.0,Private,Married-civ-spouse,Prof-specialty,Asian-Pac-Islander,Male,India,face,1
27.0,13.0,0.0,0.0,39.0,Private,Married-civ-spouse,Tech-support,Asian-Pac-Islander,Male,India,face,1
39.0,13.0,3137.0,0.0,39.0,Private,Married-civ-spouse,Tech-support,Asian-Pac-Islander,Male,?,face,1
