age,education.num,capital.gain,capital.loss,hours.per.week,workclass,marital.status,occupation,race,sex,native.country,explainer,income
20.0,10.0,0.0,1607.0,40.0,Self-emp-not-inc,Married-civ-spouse,Sales,White,Male,United-States,dice,1
41.0,10.0,0.0,0.0,93.0,Self-emp-not-inc,Married-civ-spouse,Sales,White,Male,United-States,dice,1
41.0,10.0,0.0,0.0,88.0,?,Married-civ-spouse,Sales,White,Male,United-States,dice,1
41.0,10.0,0.0,0.0,40.0,Self-emp-inc,Married-civ-spouse,Sales,White,Male,United-States,dice,1
41.0,10.0,0.0,1797.0,40.0,Self-emp-not-inc,Married-civ-spouse,Protective-serv,White,Male,United-States,dice,1
83.0,10.0,0.0,0.0,96.0,Self-emp-not-inc,Married-civ-spouse,Sales,White,Male,United-States,dice,1
41.0,10.0,0.0,688.0,40.0,Self-emp-not-inc,Married-civ-spouse,Sales,White,Male,United-States,dice,1
41.0,10.0,0.0,3633.0,69.0,Self-emp-not-inc,Married-civ-spouse,Sales,White,Male,United-States,dice,1
41.0,12.0,0.0,0.0,40.0,Self-emp-not-inc,Married-civ-spouse,Prof-specialty,White,Male,United-States,dice,1
41.0,10.0,0.0,0.0,72.0,Self-emp-not-inc,Married-civ-spouse,Sales,White,Male,United-States,dice,1
41.0,10.0,84359.0,0.0,40.0,Self-emp-not-inc,Married-civ-spouse,Sales,White,Male,United-States,dice,1
41.0,10.0,0.0,2350.0,40.0,Self-emp-inc,Married-civ-spouse,Sales,White,Male,United-States,dice,1
41.0,10.0,71030.0,0.0,40.0,Self-emp-not-inc,Never-married,Sales,White,Male,United-States,dice,1
41.0,10.0,0.0,0.0,40.0,Self-emp-inc,Married-civ-spouse,Sales,White,Male,United-States,dice,1
41.0,10.0,0.0,2959.0,18.0,Self-emp-not-inc,Married-civ-spouse,Sales,White,Male,United-States,dice,1
41.0,10.0,32997.0,0.0,40.0,Self-emp-not-inc,Married-civ-spouse,Sales,White,Male,United-States,dice,1
41.0,10.0,0.0,557.0,40.0,Self-emp-not-inc,Married-civ-spouse,Sales,White,Male,United-States,dice,1
41.0,10.0,0.0,0.0,91.0,Self-emp-not-inc,Married-civ-spouse,Handlers-cleaners,White,Male,United-States,dice,1
41.0,10.0,0.0,2750.0,40.0,Self-emp-not-inc,Widowed,Sales,White,Male,United-States,dice,1
41.0,10.0,0.0,71.0,40.0,Self-emp-not-inc,Married-civ-spouse,Sales,White,Male,United-States,dice,1
37.0,10.0,4999.0,217.0,44.0,Self-emp-not-inc,Married-civ-spouse,Sales,White,Male,United-States,cadex,1
41.0,10.0,4999.0,0.0,40.0,Self-emp-not-inc,Married-civ-spouse,Sales,White,Male,United-States,cadex,1
41.0,10.0,4999.0,217.0,40.0,Self-emp-not-inc,Married-civ-spouse,Sales,White,Male,United-States,cadex,1
41.0,10.0,4999.0,217.0,40.0,Self-emp-not-inc,Married-civ-spouse,Sales,White,Male,United-States,cadex,1
41.0,10.0,4999.0,217.0,44.0,Self-emp-not-inc,Married-civ-spouse,Sales,White,Male,United-States,cadex,1
41.0,10.0,367.0,1.0,39.0,Private,Married-civ-spouse,Prof-specialty,White,Male,United-States,fimap,1
41.0,10.0,685.0,5.0,39.0,Private,Married-civ-spouse,Craft-repair,White,Male,United-States,fimap,1
42.0,9.0,1332.0,8.0,39.0,Private,Divorced,Handlers-cleaners,White,Male,United-States,fimap,0
42.0,10.0,1054.0,8.0,40.0,Private,Married-civ-spouse,Machine-op-inspct,White,Male,United-States,fimap,1
42.0,10.0,1973.0,22.0,40.0,Private,Never-married,Sales,White,Male,United-States,fimap,0
43.0,10.0,1787.0,22.0,39.0,Private,Married-civ-spouse,Prof-specialty,White,Male,United-States,fimap,1
39.0,10.0,383.0,0.0,39.0,Self-emp-not-inc,Married-civ-spouse,Sales,White,Male,United-States,wachter,1
41.0,9.0,629.0,0.0,40.0,Self-emp-not-inc,Married-civ-spouse,Sales,White,Male,United-States,wachter,0
43.0,9.0,825.0,0.0,40.0,Self-emp-not-inc,Married-civ-spouse,Sales,White,Male,United-States,wachter,0
41.0,9.0,528.0,0.0,40.0,Self-emp-not-inc,Married-civ-spouse,Sales,White,Male,United-States,wachter,0
40.0,10.0,663.0,0.0,39.0,Self-emp-not-inc,Married-civ-spouse,Sales,White,Male,United-States,wachter,1
41.0,10.0,391.0,0.0,40.0,Self-emp-not-inc,Married-civ-spouse,Sales,White,Male,United-States,wachter,1
41.0,9.0,471.0,0.0,40.0,Self-emp-not-inc,Married-civ-spouse,Sales,White,Male,United-States,wachter,0
40.0,9.0,571.0,0.0,40.0,Self-emp-not-inc,Married-civ-spouse,Sales,White,Male,United-States,wachter,0
40.0,10.0,330.0,0.0,40.0,Self-emp-not-inc,Married-civ-spouse,Sales,White,Male,United-States,wachter,1
40.0,10.0,342.0,0.0,40.0,Self-emp-not-inc,Married-civ-spouse,Sales,White,Male,United-States,wachter,1
41.0,10.0,3124.0,0.0,40.0,Self-emp-not-inc,Married-civ-spouse,Sales,White,Male,United-States,cem,1
41.0,10.0,0.0,0.0,40.0,Self-emp-not-inc,Married-civ-spouse,Sales,White,Male,France,cfproto,1
41.0,10.0,195.0,0.0,40.0,Self-emp-not-inc,Married-civ-spouse,Sales,White,Male,United-States,cfproto,1
41.0,10.0,2559.0,0.0,40.0,Self-emp-not-inc,Married-civ-spouse,Sales,White,Male,United-States,cfproto,1
41.0,10.0,6974.0,0.0,40.0,Self-emp-not-inc,Married-civ-spouse,Sales,White,Male,United-States,cfproto,1
41.0,10.0,10471.0,0.0,40.0,State-gov,Married-civ-spouse,Protective-serv,White,Male,Jamaica,cfproto,1
41.0,10.0,195.0,0.0,40.0,Self-emp-not-inc,Married-civ-spouse,Sales,White,Male,United-States,cfproto,1
44.0,11.0,18626.0,0.0,60.0,Local-gov,Married-AF-spouse,Craft-repair,White,Male,United-States,growing-spheres,1
37.0,9.0,33922.0,782.0,32.0,Federal-gov,Married-AF-spouse,?,White,Male,United-States,growing-spheres,1
28.0,13.0,30738.0,0.0,54.0,Self-emp-not-inc,Divorced,Adm-clerical,White,Male,United-States,growing-spheres,1
51.0,11.0,18649.0,576.0,51.0,Local-gov,Married-AF-spouse,Craft-repair,White,Male,United-States,growing-spheres,1
42.0,10.0,28777.0,765.0,41.0,?,Divorced,?,White,Male,United-States,growing-spheres,1
24.0,11.0,25543.0,565.0,30.0,Federal-gov,Married-AF-spouse,Prof-specialty,White,Male,United-States,growing-spheres,1
34.0,11.0,19263.0,0.0,36.0,Private,Married-AF-spouse,?,White,Male,United-States,growing-spheres,1
44.0,8.0,37846.0,361.0,35.0,?,Divorced,?,White,Male,United-States,growing-spheres,1
31.0,9.0,23791.0,582.0,60.0,Federal-gov,Never-married,Craft-repair,White,Male,United-States,growing-spheres,1
29.0,12.0,17689.0,1144.0,14.0,Local-gov,Married-AF-spouse,?,White,Male,United-States,growing-spheres,1
46.0,9.0,43759.0,1237.0,38.0,Private,Married-AF-spouse,Craft-repair,White,Male,United-States,growing-spheres,1
54.0,10.0,16282.0,1055.0,33.0,Local-gov,Married-AF-spouse,Machine-op-inspct,White,Male,United-States,growing-spheres,1
48.0,8.0,26306.0,511.0,33.0,?,Married-AF-spouse,?,White,Male,United-States,growing-spheres,1
46.0,11.0,15184.0,0.0,58.0,Local-gov,Widowed,?,White,Male,United-States,growing-spheres,1
44.0,10.0,36954.0,0.0,42.0,?,Married-civ-spouse,Exec-managerial,White,Male,United-States,growing-spheres,1
38.0,7.0,33484.0,0.0,33.0,Federal-gov,Divorced,?,White,Male,United-States,growing-spheres,1
58.0,13.0,13859.0,0.0,32.0,?,Married-civ-spouse,Handlers-cleaners,White,Male,United-States,growing-spheres,1
34.0,14.0,23778.0,0.0,39.0,Federal-gov,Divorced,Armed-Forces,White,Male,United-States,growing-spheres,1
47.0,11.0,8753.0,0.0,61.0,?,Married-AF-spouse,?,White,Male,United-States,growing-spheres,1
51.0,12.0,23804.0,0.0,39.0,?,Married-AF-spouse,Handlers-cleaners,White,Male,United-States,growing-spheres,1
41.0,10.0,150.0,0.0,39.0,Self-emp-not-inc,Married-civ-spouse,Sales,White,Male,United-States,actionable-recourse,0
42.0,13.0,0.0,0.0,39.0,Self-emp-not-inc,Married-civ-spouse,Sales,White,Male,United-States,face,1
42.0,13.0,0.0,0.0,50.0,Self-emp-not-inc,Married-civ-spouse,Sales,White,Male,United-States,face,1
42.0,9.0,3908.0,0.0,44.0,Self-emp-not-inc,Married-civ-spouse,Sales,White,Male,United-States,face,1
46.0,11.0,0.0,0.0,39.0,Self-emp-not-inc,Married-civ-spouse,Sales,White,Male,United-States,face,1
45.0,13.0,0.0,0.0,39.0,Self-emp-not-inc,Married-civ-spouse,Sales,White,Male,United-States,face,1
49.0,10.0,0.0,0.0,50.0,Self-emp-not-inc,Married-civ-spouse,Sales,White,Male,United-States,face,1
42.0,13.0,0.0,0.0,39.0,Self-emp-not-inc,Married-civ-spouse,Sales,White,Male,United-States,face,1
54.0,10.0,0.0,0.0,50.0,Self-emp-not-inc,Married-civ-spouse,Sales,White,Male,United-States,face,1
52.0,10.0,0.0,0.0,44.0,Self-emp-not-inc,Married-civ-spouse,Sales,White,Male,United-States,face,1
45.0,13.0,0.0,0.0,39.0,Self-emp-not-inc,Married-civ-spouse,Sales,White,Male,United-States,face,1
