age,education.num,capital.gain,capital.loss,hours.per.week,workclass,marital.status,occupation,race,sex,native.country,explainer,income
40.0,13.0,0,0.0,27.0,Private,Married-civ-spouse,Handlers-cleaners,White,Male,United-States,dice,0
78.0,13.0,0,0.0,2.0,Private,Married-civ-spouse,Prof-specialty,White,Male,United-States,dice,0
40.0,13.0,0,0.0,40.0,Private,Married-spouse-absent,Armed-Forces,White,Male,United-States,dice,0
40.0,1.0,0,0.0,40.0,Private,Married-AF-spouse,Prof-specialty,White,Male,United-States,dice,0
25.0,13.0,0,0.0,40.0,Private,Married-civ-spouse,Armed-Forces,White,Male,United-States,dice,0
40.0,13.0,0,0.0,40.0,Private,Separated,Adm-clerical,White,Male,United-States,dice,0
40.0,6.0,0,0.0,40.0,Private,Widowed,Prof-specialty,White,Male,United-States,dice,0
40.0,13.0,0,0.0,40.0,Self-emp-inc,Married-spouse-absent,Prof-specialty,White,Male,United-States,dice,0
40.0,11.0,0,0.0,6.0,Private,Married-civ-spouse,Prof-specialty,White,Male,United-States,dice,0
33.0,13.0,0,0.0,40.0,Private,Separated,Prof-specialty,White,Male,United-States,dice,0
40.0,1.0,0,709.0,40.0,Private,Married-civ-spouse,Prof-specialty,White,Male,United-States,dice,0
40.0,13.0,0,0.0,40.0,Private,Never-married,Adm-clerical,White,Male,United-States,dice,0
40.0,2.0,0,0.0,40.0,Private,Separated,Prof-specialty,White,Male,United-States,dice,0
93.0,13.0,0,0.0,40.0,Private,Married-civ-spouse,Prof-specialty,White,Male,United-States,dice,0
99.0,13.0,0,0.0,40.0,Never-worked,Married-civ-spouse,Prof-specialty,White,Male,United-States,dice,0
40.0,3.0,0,2543.0,40.0,Private,Married-civ-spouse,Prof-specialty,White,Male,United-States,dice,0
40.0,13.0,0,0.0,40.0,Private,Married-spouse-absent,Machine-op-inspct,White,Male,United-States,dice,0
40.0,13.0,0,0.0,44.0,Never-worked,Married-civ-spouse,Prof-specialty,White,Male,United-States,dice,0
40.0,13.0,0,0.0,40.0,Local-gov,Married-civ-spouse,Handlers-cleaners,White,Male,United-States,dice,0
40.0,13.0,0,0.0,82.0,Private,Married-civ-spouse,Priv-house-serv,White,Male,United-States,dice,0
32.0,11.0,0,0.0,34.0,Private,Married-civ-spouse,Protective-serv,White,Male,United-States,fimap,0
32.0,11.0,0,0.0,30.0,Private,Married-civ-spouse,Prof-specialty,White,Male,United-States,cadex,0
32.0,11.0,0,0.0,40.0,Private,Married-civ-spouse,Prof-specialty,White,Male,United-States,cadex,0
33.0,11.0,0,0.0,34.0,Private,Married-civ-spouse,Prof-specialty,White,Male,United-States,fimap,0
36.0,12.0,0,0.0,37.0,Private,Married-civ-spouse,Transport-moving,White,Male,United-States,fimap,0
38.0,12.0,0,0.0,38.0,Private,Married-civ-spouse,Craft-repair,White,Male,United-States,fimap,0
38.0,12.0,0,0.0,38.0,Private,Married-civ-spouse,Machine-op-inspct,White,Male,United-States,fimap,0
38.0,12.0,0,0.0,38.0,Private,Married-civ-spouse,Prof-specialty,White,Male,United-States,fimap,1
40.0,11.0,0,0.0,40.0,Private,Married-civ-spouse,Prof-specialty,White,Male,United-States,cadex,0
40.0,11.0,0,0.0,40.0,Private,Married-civ-spouse,Prof-specialty,White,Male,United-States,cadex,0
40.0,11.0,0,0.0,40.0,Private,Married-civ-spouse,Prof-specialty,White,Male,United-States,cadex,0
40.0,11.0,0,0.0,40.0,Private,Married-civ-spouse,Prof-specialty,White,Male,United-States,cadex,0
40.0,13.0,0,0.0,40.0,Private,Married-civ-spouse,Prof-specialty,White,Male,United-States,cadex,0
40.0,13.0,0,0.0,40.0,Private,Married-civ-spouse,Prof-specialty,White,Male,United-States,cadex,0
23.0,12.0,0,0.0,39.0,Private,Married-civ-spouse,Prof-specialty,White,Male,United-States,wachter,0
22.0,12.0,0,0.0,39.0,Private,Married-civ-spouse,Prof-specialty,White,Male,United-States,wachter,0
40.0,12.0,0,0.0,38.0,Private,Married-civ-spouse,Prof-specialty,White,Male,United-States,wachter,1
23.0,13.0,0,0.0,36.0,Private,Married-civ-spouse,Prof-specialty,White,Male,United-States,wachter,0
22.0,13.0,0,0.0,39.0,Private,Married-civ-spouse,Prof-specialty,White,Male,United-States,wachter,0
21.0,13.0,0,0.0,40.0,Private,Married-civ-spouse,Prof-specialty,White,Male,United-States,wachter,0
38.0,12.0,0,0.0,39.0,Private,Married-civ-spouse,Prof-specialty,White,Male,United-States,wachter,1
22.0,12.0,0,0.0,39.0,Private,Married-civ-spouse,Prof-specialty,White,Male,United-States,wachter,0
22.0,12.0,0,0.0,39.0,Private,Married-civ-spouse,Prof-specialty,White,Male,United-States,wachter,0
22.0,12.0,0,0.0,39.0,Private,Married-civ-spouse,Prof-specialty,White,Male,United-States,wachter,0
17.0,13.0,0,0.0,40.0,Private,Married-civ-spouse,Prof-specialty,White,Male,United-States,cem,0
40.0,13.0,0,0.0,40.0,State-gov,Married-civ-spouse,Other-service,White,Male,Greece,cfproto,0
40.0,13.0,0,0.0,40.0,Private,Married-civ-spouse,Prof-specialty,White,Male,Greece,cfproto,0
40.0,13.0,0,0.0,40.0,Private,Married-civ-spouse,Handlers-cleaners,White,Male,Greece,cfproto,0
40.0,13.0,0,0.0,40.0,Private,Married-civ-spouse,Prof-specialty,White,Male,Hungary,cfproto,0
40.0,13.0,0,0.0,40.0,Private,Married-civ-spouse,Prof-specialty,White,Male,Hungary,cfproto,0
39.0,13.0,1496,0.0,38.0,?,Married-civ-spouse,Priv-house-serv,White,Male,United-States,growing-spheres,0
40.0,12.0,4017,145.0,44.0,Private,Married-AF-spouse,Armed-Forces,White,Male,United-States,growing-spheres,1
40.0,12.0,44,0.0,41.0,Federal-gov,Married-civ-spouse,Armed-Forces,White,Male,United-States,growing-spheres,0
44.0,13.0,592,0.0,36.0,?,Married-civ-spouse,Armed-Forces,White,Male,United-States,growing-spheres,0
40.0,13.0,99,3.0,40.0,Never-worked,Married-civ-spouse,?,White,Male,United-States,growing-spheres,0
39.0,12.0,0,0.0,39.0,State-gov,Married-civ-spouse,Craft-repair,White,Male,United-States,growing-spheres,1
41.0,12.0,1443,0.0,51.0,Private,Never-married,?,White,Male,United-States,growing-spheres,0
38.0,13.0,2109,0.0,34.0,Local-gov,Divorced,?,White,Male,United-States,growing-spheres,0
40.0,12.0,30,0.0,40.0,?,Married-civ-spouse,Adm-clerical,White,Male,United-States,growing-spheres,1
38.0,12.0,1354,0.0,39.0,Private,Married-civ-spouse,Armed-Forces,White,Male,United-States,growing-spheres,0
35.0,13.0,0,373.0,40.0,?,Divorced,Prof-specialty,White,Male,United-States,growing-spheres,0
31.0,12.0,0,0.0,34.0,?,Married-civ-spouse,?,White,Male,United-States,growing-spheres,0
42.0,11.0,4556,0.0,33.0,Private,Married-civ-spouse,?,White,Male,United-States,growing-spheres,1
36.0,12.0,12189,208.0,52.0,Federal-gov,Divorced,Armed-Forces,White,Male,United-States,growing-spheres,1
40.0,13.0,0,0.0,37.0,Private,Separated,Craft-repair,White,Male,United-States,growing-spheres,0
45.0,12.0,0,0.0,27.0,Private,Married-AF-spouse,Craft-repair,White,Male,United-States,growing-spheres,0
40.0,13.0,31,7.0,40.0,Federal-gov,Divorced,Adm-clerical,White,Male,United-States,growing-spheres,0
39.0,12.0,0,0.0,38.0,?,Married-civ-spouse,Exec-managerial,White,Male,United-States,growing-spheres,1
39.0,12.0,280,0.0,40.0,Private,Never-married,Armed-Forces,White,Male,United-States,growing-spheres,0
40.0,12.0,0,53.0,40.0,Never-worked,Married-civ-spouse,Adm-clerical,White,Male,United-States,growing-spheres,0
26.0,10.0,0,0.0,39.0,Private,Married-civ-spouse,Prof-specialty,White,Male,United-States,face,0
62.0,4.0,0,0.0,19.0,Private,Married-civ-spouse,Prof-specialty,White,Male,United-States,face,0
66.0,13.0,0,0.0,2.0,Private,Married-civ-spouse,Prof-specialty,White,Male,United-States,face,0
24.0,13.0,0,0.0,29.0,Private,Married-civ-spouse,Prof-specialty,White,Male,United-States,face,0
26.0,10.0,0,0.0,39.0,Private,Married-civ-spouse,Prof-specialty,White,Male,United-States,face,0
26.0,9.0,0,0.0,50.0,Private,Married-civ-spouse,Prof-specialty,White,Male,United-States,face,0
34.0,12.0,0,0.0,39.0,Private,Never-married,Prof-specialty,White,Male,United-States,face,0
78.0,10.0,0,0.0,19.0,Private,Married-civ-spouse,Prof-specialty,White,Male,United-States,face,0
25.0,10.0,0,0.0,44.0,Private,Married-civ-spouse,Prof-specialty,White,Male,United-States,face,0
29.0,9.0,0,0.0,39.0,Private,Married-civ-spouse,Prof-specialty,White,Male,United-States,face,0
