age,education.num,capital.gain,capital.loss,hours.per.week,workclass,marital.status,occupation,race,sex,native.country,explainer,income
90.0,14.0,0.0,3476.0,41.0,Private,Never-married,Exec-managerial,Black,Male,United-States,dice,1
90.0,14.0,0.0,3787.0,50.0,Private,Never-married,Exec-managerial,Black,Male,United-States,dice,1
90.0,14.0,25015.0,0.0,50.0,Private,Never-married,Exec-managerial,Black,Male,United-States,dice,1
77.0,14.0,96767.0,0.0,50.0,Private,Never-married,Exec-managerial,Black,Male,United-States,dice,1
61.0,14.0,0.0,0.0,50.0,Private,Never-married,Exec-managerial,Black,Male,United-States,dice,1
90.0,14.0,30438.0,0.0,50.0,Private,Never-married,Exec-managerial,Black,Male,United-States,dice,1
90.0,14.0,0.0,0.0,99.0,Private,Never-married,Craft-repair,Black,Male,United-States,dice,1
90.0,14.0,8696.0,0.0,50.0,Private,Never-married,Exec-managerial,Black,Male,United-States,dice,1
90.0,14.0,0.0,4341.0,59.0,Private,Never-married,Exec-managerial,Black,Male,United-States,dice,1
90.0,14.0,0.0,2559.0,50.0,Private,Widowed,Exec-managerial,Black,Male,United-States,dice,1
90.0,14.0,40554.0,1287.0,50.0,Private,Never-married,Exec-managerial,Black,Male,United-States,dice,1
90.0,14.0,41429.0,0.0,50.0,Private,Never-married,Exec-managerial,Black,Male,United-States,dice,1
90.0,14.0,0.0,2526.0,50.0,Private,Never-married,Exec-managerial,Black,Male,United-States,dice,1
90.0,14.0,49719.0,2384.0,50.0,Private,Never-married,Exec-managerial,Black,Male,United-States,dice,1
90.0,10.0,58098.0,0.0,50.0,Private,Never-married,Exec-managerial,Black,Male,United-States,dice,1
90.0,14.0,68658.0,0.0,50.0,Private,Never-married,Protective-serv,Black,Male,United-States,dice,1
58.0,14.0,0.0,0.0,50.0,Private,Never-married,Exec-managerial,Black,Male,United-States,dice,1
90.0,14.0,43879.0,0.0,50.0,Private,Never-married,Exec-managerial,Black,Male,United-States,dice,1
90.0,14.0,0.0,0.0,50.0,Private,Married-AF-spouse,Adm-clerical,Black,Male,United-States,dice,1
90.0,14.0,0.0,0.0,22.0,Private,Married-AF-spouse,Exec-managerial,Black,Male,United-States,dice,1
86.0,14.0,4999.0,0.0,54.0,Private,Never-married,Exec-managerial,Black,Male,United-States,cadex,1
86.0,14.0,4999.0,0.0,54.0,Private,Never-married,Exec-managerial,Black,Male,United-States,cadex,1
86.0,14.0,4999.0,217.0,54.0,Private,Never-married,Exec-managerial,Black,Male,United-States,cadex,1
87.0,14.0,3929.0,30.0,51.0,Private,Married-civ-spouse,Prof-specialty,Black,Male,United-States,fimap,1
88.0,14.0,3057.0,20.0,51.0,Private,Married-civ-spouse,Handlers-cleaners,Black,Male,United-States,fimap,1
88.0,14.0,2279.0,15.0,50.0,Private,Divorced,Farming-fishing,Black,Male,United-States,fimap,0
88.0,14.0,4091.0,37.0,51.0,Private,Never-married,Protective-serv,Black,Male,United-States,fimap,0
89.0,14.0,7382.0,55.0,52.0,Private,Married-civ-spouse,Farming-fishing,Black,Male,United-States,fimap,1
90.0,14.0,4999.0,0.0,50.0,Private,Never-married,Exec-managerial,Black,Male,United-States,cadex,1
90.0,14.0,4999.0,0.0,54.0,Private,Never-married,Exec-managerial,Black,Male,United-States,cadex,1
90.0,15.0,8932.0,67.0,52.0,Private,Never-married,Machine-op-inspct,Black,Male,United-States,fimap,1
90.0,14.0,2976.0,0.0,50.0,Private,Never-married,Exec-managerial,Black,Male,United-States,wachter,1
90.0,14.0,3003.0,0.0,49.0,Private,Never-married,Exec-managerial,Black,Male,United-States,wachter,1
89.0,14.0,3019.0,0.0,50.0,Private,Never-married,Exec-managerial,Black,Male,United-States,wachter,1
90.0,14.0,1271.0,6.0,61.0,Private,Never-married,Exec-managerial,Black,Male,United-States,wachter,0
90.0,13.0,3080.0,0.0,49.0,Private,Never-married,Exec-managerial,Black,Male,United-States,wachter,0
90.0,14.0,1634.0,0.0,60.0,Private,Never-married,Exec-managerial,Black,Male,United-States,wachter,1
90.0,13.0,3044.0,0.0,49.0,Private,Never-married,Exec-managerial,Black,Male,United-States,wachter,0
90.0,14.0,2294.0,0.0,55.0,Private,Never-married,Exec-managerial,Black,Male,United-States,wachter,1
90.0,14.0,1804.0,0.0,59.0,Private,Never-married,Exec-managerial,Black,Male,United-States,wachter,1
90.0,14.0,2998.0,0.0,49.0,Private,Never-married,Exec-managerial,Black,Male,United-States,wachter,1
90.0,14.0,4424.0,0.0,50.0,Private,Never-married,Exec-managerial,Black,Male,United-States,cem,1
90.0,14.0,0.0,0.0,50.0,Private,Never-married,Exec-managerial,Black,Male,Puerto-Rico,cfproto,1
90.0,14.0,31619.0,0.0,50.0,Without-pay,Never-married,Protective-serv,Black,Male,Outlying-US(Guam-USVI-etc),cfproto,1
90.0,14.0,0.0,0.0,50.0,Private,Never-married,Exec-managerial,Black,Male,Puerto-Rico,cfproto,1
90.0,14.0,0.0,0.0,50.0,Private,Never-married,Exec-managerial,Black,Male,Puerto-Rico,cfproto,1
90.0,14.0,23160.0,0.0,50.0,Private,Never-married,Exec-managerial,Black,Male,Mexico,cfproto,1
90.0,14.0,0.0,0.0,50.0,Private,Never-married,Exec-managerial,Black,Male,Italy,cfproto,1
90.0,14.0,23164.0,0.0,50.0,Private,Never-married,Exec-managerial,Black,Male,United-States,cfproto,1
90.0,14.0,0.0,0.0,50.0,Private,Never-married,Exec-managerial,Black,Male,Puerto-Rico,cfproto,1
90.0,14.0,5397.0,0.0,50.0,State-gov,Never-married,Exec-managerial,Black,Male,United-States,cfproto,1
90.0,14.0,0.0,0.0,50.0,Private,Never-married,Exec-managerial,Black,Male,Puerto-Rico,cfproto,1
99.0,16.0,14538.0,1230.0,41.0,Federal-gov,Divorced,?,Black,Male,United-States,growing-spheres,1
79.0,14.0,19446.0,0.0,41.0,Private,Divorced,Craft-repair,Black,Male,United-States,growing-spheres,1
91.0,13.0,31918.0,98.0,45.0,Local-gov,Divorced,Craft-repair,Black,Male,United-States,growing-spheres,1
86.0,13.0,16330.0,187.0,55.0,?,Married-civ-spouse,?,Black,Male,United-States,growing-spheres,1
93.0,14.0,19965.0,248.0,54.0,Private,Married-AF-spouse,Armed-Forces,Black,Male,United-States,growing-spheres,1
76.0,10.0,14222.0,79.0,48.0,?,Divorced,Craft-repair,Black,Male,United-States,growing-spheres,1
78.0,14.0,13102.0,0.0,56.0,Federal-gov,Married-AF-spouse,Prof-specialty,Black,Male,United-States,growing-spheres,1
82.0,15.0,11409.0,8.0,15.0,?,Married-AF-spouse,Adm-clerical,Black,Male,United-States,growing-spheres,1
90.0,14.0,16.0,0.0,49.0,State-gov,Married-AF-spouse,Exec-managerial,Black,Male,United-States,growing-spheres,1
86.0,14.0,13148.0,1569.0,56.0,?,Divorced,?,Black,Male,United-States,growing-spheres,1
97.0,16.0,20172.0,0.0,53.0,Federal-gov,Married-AF-spouse,Armed-Forces,Black,Male,United-States,growing-spheres,1
82.0,15.0,22886.0,608.0,63.0,?,Married-civ-spouse,Adm-clerical,Black,Male,United-States,growing-spheres,1
83.0,12.0,24255.0,382.0,53.0,Private,Married-AF-spouse,Exec-managerial,Black,Male,United-States,growing-spheres,1
79.0,14.0,11809.0,16.0,36.0,Self-emp-not-inc,Married-AF-spouse,Adm-clerical,Black,Male,United-States,growing-spheres,1
75.0,11.0,19897.0,0.0,52.0,Federal-gov,Married-AF-spouse,Adm-clerical,Black,Male,United-States,growing-spheres,1
97.0,12.0,22314.0,1055.0,64.0,Federal-gov,Married-spouse-absent,Farming-fishing,Black,Male,United-States,growing-spheres,1
83.0,15.0,12935.0,266.0,49.0,Local-gov,Divorced,Craft-repair,Black,Male,United-States,growing-spheres,1
95.0,16.0,27252.0,221.0,48.0,Never-worked,Married-AF-spouse,Handlers-cleaners,Black,Male,United-States,growing-spheres,1
80.0,16.0,21799.0,0.0,52.0,?,Widowed,?,Black,Male,United-States,growing-spheres,1
79.0,7.0,19537.0,509.0,54.0,Private,Married-AF-spouse,Craft-repair,Black,Male,United-States,growing-spheres,1
73.0,14.0,0.0,0.0,50.0,Private,Never-married,Exec-managerial,Black,Male,United-States,actionable-recourse,1
42.0,13.0,0.0,0.0,54.0,Private,Never-married,Exec-managerial,White,Male,United-States,face,1
37.0,13.0,0.0,0.0,59.0,Private,Never-married,Exec-managerial,Black,Male,United-States,face,1
54.0,13.0,0.0,0.0,50.0,Private,Never-married,Exec-managerial,White,Male,United-States,face,1
50.0,13.0,0.0,0.0,50.0,Private,Never-married,Exec-managerial,White,Male,United-States,face,1
46.0,13.0,10520.0,0.0,44.0,Self-emp-not-inc,Never-married,Exec-managerial,Black,Male,United-States,face,1
39.0,14.0,8614.0,0.0,51.0,Private,Never-married,Exec-managerial,Black,Male,United-States,face,1
45.0,14.0,0.0,0.0,39.0,Private,Married-civ-spouse,Exec-managerial,Black,Male,United-States,face,1
34.0,13.0,0.0,0.0,44.0,Private,Married-civ-spouse,Exec-managerial,Black,Male,United-States,face,1
42.0,14.0,0.0,0.0,44.0,Private,Never-married,Exec-managerial,White,Male,United-States,face,1
52.0,16.0,0.0,0.0,39.0,Private,Never-married,Exec-managerial,White,Male,United-States,face,1
