age,education.num,capital.gain,capital.loss,hours.per.week,workclass,marital.status,occupation,race,sex,native.country,explainer,income
24.0,13.0,0,0.0,40.0,Private,Married-civ-spouse,Exec-managerial,Black,Male,England,dice,0
21.0,13.0,0,0.0,40.0,Private,Married-civ-spouse,Prof-specialty,Black,Male,England,dice,0
32.0,1.0,0,0.0,40.0,Private,Married-civ-spouse,Priv-house-serv,Black,Male,England,dice,0
32.0,13.0,0,3314.0,40.0,Without-pay,Married-civ-spouse,Exec-managerial,Black,Male,England,dice,0
32.0,6.0,0,0.0,40.0,Private,Married-civ-spouse,Exec-managerial,Black,Male,England,dice,0
32.0,13.0,0,0.0,40.0,Self-emp-not-inc,Divorced,Exec-managerial,Black,Male,England,dice,0
32.0,13.0,0,0.0,30.0,Private,Married-civ-spouse,Exec-managerial,Black,Male,England,dice,0
32.0,13.0,0,0.0,8.0,Private,Married-civ-spouse,Exec-managerial,Black,Male,England,dice,0
32.0,13.0,0,0.0,40.0,?,Married-civ-spouse,Adm-clerical,Black,Male,England,dice,0
32.0,13.0,0,0.0,40.0,Private,Widowed,Exec-managerial,Black,Male,England,dice,0
32.0,15.0,0,0.0,40.0,Private,Widowed,Exec-managerial,Black,Male,England,dice,0
32.0,13.0,0,0.0,12.0,Private,Married-civ-spouse,Handlers-cleaners,Black,Male,England,dice,0
32.0,13.0,0,0.0,78.0,Private,Married-civ-spouse,Armed-Forces,Black,Male,England,dice,0
24.0,13.0,0,0.0,40.0,Private,Married-civ-spouse,Farming-fishing,Black,Male,England,dice,0
32.0,13.0,0,0.0,4.0,Private,Married-civ-spouse,Exec-managerial,Black,Male,England,dice,0
32.0,13.0,0,0.0,68.0,Private,Married-civ-spouse,Transport-moving,Black,Male,England,dice,0
32.0,5.0,0,0.0,14.0,Private,Married-civ-spouse,Exec-managerial,Black,Male,England,dice,0
82.0,5.0,0,0.0,40.0,Private,Married-civ-spouse,Exec-managerial,Black,Male,England,dice,0
20.0,13.0,0,0.0,40.0,State-gov,Married-civ-spouse,Exec-managerial,Black,Male,England,dice,0
32.0,13.0,0,0.0,20.0,Private,Married-civ-spouse,Prof-specialty,Black,Male,England,dice,0
28.0,12.0,0,0.0,35.0,Private,Married-civ-spouse,Exec-managerial,Black,Male,England,cadex,0
28.0,13.0,0,0.0,35.0,Private,Married-civ-spouse,Exec-managerial,Black,Male,England,cadex,0
28.0,13.0,0,0.0,40.0,Private,Married-civ-spouse,Exec-managerial,Black,Male,England,cadex,0
28.0,13.0,0,0.0,40.0,Private,Married-civ-spouse,Exec-managerial,Black,Male,England,cadex,0
32.0,13.0,0,0.0,40.0,Private,Married-civ-spouse,Exec-managerial,Black,Male,England,cadex,0
33.0,13.0,952,6.0,40.0,Private,Divorced,Machine-op-inspct,Black,Male,England,fimap,0
33.0,13.0,1973,16.0,40.0,Private,Married-civ-spouse,Machine-op-inspct,Black,Male,England,fimap,1
34.0,12.0,677,12.0,38.0,Private,Divorced,Machine-op-inspct,Black,Male,England,fimap,0
34.0,13.0,2409,28.0,40.0,Private,Divorced,Protective-serv,Black,Male,England,fimap,0
34.0,13.0,1480,21.0,40.0,Private,Divorced,Prof-specialty,Black,Male,England,fimap,1
34.0,13.0,1982,15.0,40.0,Private,Married-civ-spouse,Adm-clerical,Black,Male,England,fimap,1
72.0,11.0,11974,185.0,80.0,Private,Married-civ-spouse,Transport-moving,Black,Male,England,wachter,1
72.0,11.0,11974,185.0,80.0,Private,Married-civ-spouse,Transport-moving,Black,Male,England,wachter,1
72.0,11.0,11974,185.0,80.0,Private,Married-civ-spouse,Transport-moving,Black,Male,England,wachter,1
72.0,11.0,11969,185.0,80.0,Private,Married-civ-spouse,Transport-moving,Black,Male,England,wachter,1
72.0,11.0,11974,185.0,80.0,Private,Married-civ-spouse,Transport-moving,Black,Male,England,wachter,1
72.0,11.0,11974,185.0,80.0,Private,Married-civ-spouse,Transport-moving,Black,Male,England,wachter,1
72.0,11.0,11974,185.0,80.0,Private,Married-civ-spouse,Transport-moving,Black,Male,England,wachter,1
72.0,11.0,11974,185.0,80.0,Private,Married-civ-spouse,Transport-moving,Black,Male,England,wachter,1
72.0,11.0,11974,185.0,80.0,Private,Married-civ-spouse,Transport-moving,Black,Male,England,wachter,1
72.0,11.0,12005,191.0,80.0,Private,Married-civ-spouse,Transport-moving,Black,Male,England,wachter,1
29.0,13.0,0,0.0,40.0,Private,Married-civ-spouse,Exec-managerial,Black,Male,England,cem,1
32.0,13.0,0,0.0,40.0,Private,Married-civ-spouse,Transport-moving,Black,Male,Vietnam,cfproto,0
32.0,13.0,0,0.0,40.0,Without-pay,Married-civ-spouse,Priv-house-serv,Black,Male,Laos,cfproto,0
30.0,12.0,0,0.0,38.0,Self-emp-inc,Married-civ-spouse,?,Other,Male,Laos,cfproto,0
32.0,13.0,0,0.0,40.0,Private,Married-civ-spouse,Exec-managerial,Black,Male,Puerto-Rico,cfproto,0
32.0,13.0,0,0.0,40.0,Private,Married-civ-spouse,Other-service,Black,Male,Laos,cfproto,0
32.0,13.0,0,0.0,40.0,Private,Married-civ-spouse,Exec-managerial,Black,Male,Greece,cfproto,0
32.0,13.0,0,0.0,40.0,Private,Married-civ-spouse,Priv-house-serv,Black,Male,Laos,cfproto,0
32.0,13.0,0,0.0,40.0,Private,Married-civ-spouse,Handlers-cleaners,Black,Male,England,cfproto,0
32.0,13.0,0,0.0,40.0,Private,Married-civ-spouse,Transport-moving,Black,Male,Thailand,cfproto,0
32.0,13.0,0,0.0,40.0,Private,Married-civ-spouse,Handlers-cleaners,Black,Male,England,cfproto,0
28.0,13.0,0,41.0,50.0,Federal-gov,Married-civ-spouse,?,Black,Male,England,growing-spheres,0
38.0,11.0,1575,88.0,37.0,?,Divorced,Adm-clerical,Black,Male,England,growing-spheres,0
30.0,12.0,0,258.0,44.0,Private,Divorced,Armed-Forces,Black,Male,England,growing-spheres,0
32.0,12.0,86,2.0,40.0,?,Married-AF-spouse,?,Black,Male,England,growing-spheres,0
31.0,12.0,0,70.0,40.0,Private,Married-AF-spouse,?,Black,Male,England,growing-spheres,0
32.0,12.0,2607,0.0,37.0,Private,Married-civ-spouse,Armed-Forces,Black,Male,England,growing-spheres,0
32.0,12.0,1913,50.0,37.0,Local-gov,Divorced,Adm-clerical,Black,Male,England,growing-spheres,0
30.0,12.0,4776,0.0,42.0,Federal-gov,Married-civ-spouse,Adm-clerical,Black,Male,England,growing-spheres,1
27.0,13.0,0,0.0,39.0,Federal-gov,Divorced,Adm-clerical,Black,Male,England,growing-spheres,0
33.0,12.0,161,58.0,42.0,Private,Married-AF-spouse,Armed-Forces,Black,Male,England,growing-spheres,0
32.0,13.0,284,0.0,39.0,Federal-gov,Married-civ-spouse,Craft-repair,Black,Male,England,growing-spheres,1
32.0,13.0,0,24.0,40.0,Federal-gov,Divorced,Craft-repair,Black,Male,England,growing-spheres,0
30.0,13.0,3117,0.0,49.0,Never-worked,Married-civ-spouse,Exec-managerial,Black,Male,England,growing-spheres,0
32.0,12.0,1695,0.0,41.0,Local-gov,Married-civ-spouse,Armed-Forces,Black,Male,England,growing-spheres,0
33.0,13.0,881,123.0,41.0,Local-gov,Widowed,Exec-managerial,Black,Male,England,growing-spheres,0
31.0,13.0,0,16.0,40.0,State-gov,Separated,Exec-managerial,Black,Male,England,growing-spheres,0
25.0,14.0,0,233.0,42.0,Local-gov,Married-civ-spouse,?,Black,Male,England,growing-spheres,0
28.0,11.0,0,0.0,37.0,Local-gov,Separated,Exec-managerial,Black,Male,England,growing-spheres,0
28.0,12.0,0,0.0,40.0,Local-gov,Divorced,Exec-managerial,Black,Male,England,growing-spheres,0
28.0,12.0,0,181.0,33.0,Private,Divorced,Craft-repair,Black,Male,England,growing-spheres,0
32.0,13.0,0,0.0,39.0,Private,Married-civ-spouse,Exec-managerial,Black,Male,England,actionable-recourse,1
33.0,13.0,0,0.0,39.0,Private,Married-civ-spouse,Exec-managerial,Black,Male,?,face,0
33.0,10.0,0,0.0,39.0,Private,Married-civ-spouse,Transport-moving,Black,Male,United-States,face,0
32.0,10.0,0,0.0,39.0,Private,Divorced,Exec-managerial,Black,Male,United-States,face,0
28.0,12.0,0,0.0,39.0,Private,Married-civ-spouse,Handlers-cleaners,Black,Male,United-States,face,0
33.0,13.0,0,0.0,39.0,Private,Married-civ-spouse,Exec-managerial,Black,Male,?,face,0
28.0,13.0,0,0.0,39.0,Private,Married-civ-spouse,Other-service,Black,Male,United-States,face,0
42.0,12.0,0,0.0,39.0,Private,Married-civ-spouse,Exec-managerial,Black,Male,?,face,0
25.0,13.0,0,0.0,50.0,Private,Never-married,Exec-managerial,Black,Male,United-States,face,0
32.0,13.0,0,0.0,39.0,Self-emp-not-inc,Married-civ-spouse,Exec-managerial,Black,Male,?,face,0
27.0,13.0,0,0.0,39.0,Private,Married-civ-spouse,Exec-managerial,White,Male,Dominican-Republic,face,0
