age,education.num,capital.gain,capital.loss,hours.per.week,workclass,marital.status,occupation,race,sex,native.country,explainer,income
53.0,12.0,10148.0,0.0,40.0,Private,Divorced,Machine-op-inspct,White,Female,United-States,dice,1
53.0,9.0,69472.0,0.0,40.0,Private,Divorced,Machine-op-inspct,White,Female,United-States,dice,1
53.0,9.0,40401.0,0.0,90.0,Private,Divorced,Machine-op-inspct,White,Female,United-States,dice,1
53.0,9.0,46772.0,0.0,40.0,Private,Separated,Machine-op-inspct,White,Female,United-States,dice,1
53.0,9.0,45400.0,0.0,34.0,Private,Divorced,Machine-op-inspct,White,Female,United-States,dice,1
53.0,14.0,74146.0,0.0,40.0,Private,Divorced,Machine-op-inspct,White,Female,United-States,dice,1
53.0,9.0,36184.0,0.0,40.0,Private,Divorced,Machine-op-inspct,White,Female,United-States,dice,1
53.0,9.0,95900.0,0.0,40.0,Private,Divorced,Machine-op-inspct,White,Female,United-States,dice,1
53.0,9.0,92640.0,1168.0,40.0,Private,Divorced,Machine-op-inspct,White,Female,United-States,dice,1
53.0,9.0,99050.0,0.0,40.0,Private,Separated,Machine-op-inspct,White,Female,United-States,dice,1
53.0,9.0,67684.0,2205.0,40.0,Private,Divorced,Machine-op-inspct,White,Female,United-States,dice,1
53.0,9.0,38841.0,0.0,40.0,Private,Divorced,Machine-op-inspct,White,Female,United-States,dice,1
53.0,9.0,59998.0,0.0,40.0,Private,Divorced,Machine-op-inspct,White,Female,United-States,dice,1
53.0,9.0,83063.0,0.0,40.0,Private,Divorced,Machine-op-inspct,White,Female,United-States,dice,1
53.0,9.0,30116.0,0.0,40.0,Private,Divorced,Machine-op-inspct,White,Female,United-States,dice,1
53.0,7.0,83796.0,0.0,40.0,Private,Divorced,Machine-op-inspct,White,Female,United-States,dice,1
53.0,9.0,56924.0,826.0,40.0,Private,Divorced,Machine-op-inspct,White,Female,United-States,dice,1
53.0,9.0,29426.0,0.0,40.0,?,Divorced,Machine-op-inspct,White,Female,United-States,dice,1
64.0,9.0,49172.0,0.0,40.0,Private,Divorced,Machine-op-inspct,White,Female,United-States,dice,1
53.0,9.0,0.0,0.0,69.0,Private,Married-civ-spouse,Machine-op-inspct,White,Female,United-States,dice,1
49.0,10.0,7844.0,57.0,42.0,Private,Married-civ-spouse,Tech-support,White,Female,United-States,fimap,1
50.0,9.0,6146.0,46.0,42.0,Private,Never-married,Tech-support,White,Female,United-States,fimap,1
50.0,9.0,5774.0,40.0,42.0,Private,Married-civ-spouse,Other-service,White,Female,United-States,fimap,1
50.0,9.0,5787.0,39.0,42.0,Private,Married-civ-spouse,Craft-repair,White,Female,United-States,fimap,1
52.0,10.0,12350.0,79.0,43.0,Private,Divorced,Sales,White,Female,United-States,fimap,1
53.0,9.0,13825.0,0.0,51.0,Private,Divorced,Machine-op-inspct,White,Female,United-States,cadex,1
53.0,9.0,14456.0,0.0,53.0,Private,Divorced,Machine-op-inspct,White,Female,United-States,cadex,1
53.0,9.0,14529.0,0.0,40.0,Private,Divorced,Machine-op-inspct,White,Female,United-States,cadex,1
53.0,9.0,14940.0,0.0,40.0,Private,Divorced,Machine-op-inspct,White,Female,United-States,cadex,1
53.0,10.0,9620.0,0.0,48.0,Private,Divorced,Machine-op-inspct,White,Female,United-States,cadex,0
53.0,10.0,9728.0,0.0,48.0,Private,Divorced,Machine-op-inspct,White,Female,United-States,cadex,0
54.0,10.0,12620.0,88.0,44.0,Private,Married-civ-spouse,Prof-specialty,White,Female,United-States,fimap,1
55.0,10.0,9693.0,0.0,48.0,Private,Divorced,Machine-op-inspct,White,Female,United-States,cadex,0
55.0,10.0,9704.0,407.0,48.0,Private,Divorced,Machine-op-inspct,White,Female,United-States,cadex,1
53.0,9.0,11641.0,0.0,40.0,Private,Divorced,Machine-op-inspct,White,Female,United-States,wachter,1
52.0,8.0,11745.0,0.0,40.0,Private,Divorced,Machine-op-inspct,White,Female,United-States,wachter,0
53.0,9.0,11827.0,0.0,39.0,Private,Divorced,Machine-op-inspct,White,Female,United-States,wachter,1
53.0,9.0,11643.0,0.0,40.0,Private,Divorced,Machine-op-inspct,White,Female,United-States,wachter,1
52.0,9.0,11793.0,0.0,39.0,Private,Divorced,Machine-op-inspct,White,Female,United-States,wachter,1
53.0,9.0,11715.0,0.0,40.0,Private,Divorced,Machine-op-inspct,White,Female,United-States,wachter,1
53.0,8.0,11807.0,0.0,39.0,Private,Divorced,Machine-op-inspct,White,Female,United-States,wachter,0
53.0,8.0,11888.0,0.0,40.0,Private,Divorced,Machine-op-inspct,White,Female,United-States,wachter,0
53.0,8.0,11914.0,0.0,39.0,Private,Divorced,Machine-op-inspct,White,Female,United-States,wachter,0
53.0,9.0,11671.0,0.0,39.0,Private,Divorced,Machine-op-inspct,White,Female,United-States,wachter,0
53.0,9.0,13505.0,0.0,40.0,Private,Divorced,Machine-op-inspct,White,Female,United-States,cem,1
53.0,9.0,23270.0,0.0,40.0,Private,Divorced,Other-service,White,Female,United-States,cfproto,1
53.0,9.0,27246.0,0.0,33.0,Self-emp-inc,Divorced,Machine-op-inspct,White,Female,China,cfproto,1
53.0,9.0,16671.0,0.0,40.0,Self-emp-inc,Divorced,Machine-op-inspct,White,Female,Taiwan,cfproto,1
53.0,9.0,30565.0,0.0,40.0,Private,Divorced,Machine-op-inspct,White,Female,China,cfproto,1
54.0,9.0,42924.0,34.0,45.0,?,Divorced,Protective-serv,White,Female,Outlying-US(Guam-USVI-etc),cfproto,1
53.0,9.0,10437.0,0.0,40.0,Local-gov,Divorced,Transport-moving,White,Female,Italy,cfproto,1
53.0,9.0,15327.0,0.0,40.0,Private,Divorced,Other-service,White,Female,Greece,cfproto,1
53.0,9.0,19869.0,0.0,40.0,Private,Divorced,Other-service,White,Female,Haiti,cfproto,1
53.0,9.0,35809.0,0.0,40.0,Local-gov,Divorced,Machine-op-inspct,White,Female,?,cfproto,1
53.0,9.0,10437.0,0.0,40.0,Local-gov,Divorced,Transport-moving,White,Female,Italy,cfproto,1
57.0,6.0,21818.0,0.0,32.0,Self-emp-inc,Divorced,Adm-clerical,White,Female,United-States,growing-spheres,1
61.0,9.0,12442.0,0.0,46.0,?,Married-AF-spouse,Adm-clerical,White,Female,United-States,growing-spheres,1
53.0,9.0,20267.0,0.0,49.0,Federal-gov,Divorced,Exec-managerial,White,Female,United-States,growing-spheres,1
58.0,11.0,14932.0,758.0,63.0,Local-gov,Married-AF-spouse,Armed-Forces,White,Female,United-States,growing-spheres,1
49.0,6.0,32708.0,468.0,45.0,Private,Married-AF-spouse,Adm-clerical,White,Female,United-States,growing-spheres,1
61.0,7.0,21264.0,0.0,47.0,?,Married-civ-spouse,Handlers-cleaners,White,Female,United-States,growing-spheres,1
51.0,7.0,21674.0,0.0,46.0,State-gov,Divorced,Sales,White,Female,United-States,growing-spheres,1
37.0,8.0,16360.0,0.0,54.0,?,Married-AF-spouse,Craft-repair,White,Female,United-States,growing-spheres,1
42.0,9.0,48733.0,169.0,56.0,Private,Married-civ-spouse,Adm-clerical,White,Female,United-States,growing-spheres,1
53.0,8.0,20693.0,0.0,51.0,?,Married-AF-spouse,Exec-managerial,White,Female,United-States,growing-spheres,1
62.0,11.0,10647.0,124.0,58.0,?,Married-AF-spouse,Adm-clerical,White,Female,United-States,growing-spheres,1
45.0,8.0,34310.0,0.0,55.0,Local-gov,Divorced,?,White,Female,United-States,growing-spheres,1
50.0,13.0,23520.0,0.0,1.0,Federal-gov,Divorced,?,White,Female,United-States,growing-spheres,1
65.0,10.0,27113.0,213.0,49.0,Federal-gov,Divorced,Craft-repair,White,Female,United-States,growing-spheres,1
44.0,9.0,9403.0,44.0,38.0,Self-emp-not-inc,Married-AF-spouse,?,White,Female,United-States,growing-spheres,1
60.0,9.0,19832.0,449.0,60.0,Private,Married-civ-spouse,Adm-clerical,White,Female,United-States,growing-spheres,1
64.0,13.0,33420.0,1479.0,28.0,?,Married-AF-spouse,Farming-fishing,White,Female,United-States,growing-spheres,1
56.0,7.0,27376.0,0.0,36.0,Private,Married-civ-spouse,Craft-repair,White,Female,United-States,growing-spheres,1
61.0,10.0,19569.0,578.0,42.0,Private,Never-married,?,White,Female,United-States,growing-spheres,1
54.0,11.0,25434.0,0.0,38.0,?,Married-AF-spouse,?,White,Female,United-States,growing-spheres,1
45.0,12.0,5455.0,0.0,38.0,Private,Divorced,Prof-specialty,White,Female,United-States,face,1
48.0,9.0,0.0,0.0,50.0,Private,Married-civ-spouse,Machine-op-inspct,White,Female,United-States,face,1
46.0,14.0,6497.0,0.0,50.0,Private,Divorced,Prof-specialty,White,Female,United-States,face,1
50.0,14.0,0.0,0.0,34.0,Private,Divorced,Exec-managerial,White,Female,United-States,face,1
37.0,11.0,8614.0,0.0,44.0,Private,Divorced,Prof-specialty,White,Female,United-States,face,1
59.0,13.0,8614.0,0.0,48.0,Private,Divorced,Prof-specialty,White,Female,United-States,face,1
42.0,14.0,0.0,0.0,50.0,Private,Divorced,Exec-managerial,White,Female,United-States,face,1
45.0,12.0,5455.0,0.0,38.0,Private,Divorced,Prof-specialty,White,Female,United-States,face,1
42.0,9.0,7298.0,0.0,39.0,Private,Married-civ-spouse,Machine-op-inspct,White,Female,United-States,face,1
46.0,14.0,0.0,0.0,44.0,Private,Divorced,Exec-managerial,White,Female,United-States,face,1
