age,education.num,capital.gain,capital.loss,hours.per.week,workclass,marital.status,occupation,race,sex,native.country,explainer,income
36.0,4.0,0,0.0,45.0,Private,Separated,Transport-moving,White,Male,United-States,dice,0
36.0,10.0,0,2074.0,45.0,Without-pay,Married-civ-spouse,Transport-moving,White,Male,United-States,dice,0
20.0,10.0,0,0.0,92.0,Private,Married-civ-spouse,Transport-moving,White,Male,United-States,dice,0
36.0,14.0,0,0.0,11.0,Private,Married-civ-spouse,Transport-moving,White,Male,United-States,dice,0
36.0,10.0,0,0.0,8.0,Private,Married-civ-spouse,Transport-moving,White,Male,United-States,dice,0
36.0,10.0,0,734.0,45.0,Private,Divorced,Transport-moving,White,Male,United-States,dice,0
36.0,10.0,0,0.0,22.0,Local-gov,Married-civ-spouse,Transport-moving,White,Male,United-States,dice,0
36.0,13.0,0,0.0,6.0,Private,Married-civ-spouse,Transport-moving,White,Male,United-States,dice,0
36.0,10.0,0,0.0,45.0,Private,Separated,Machine-op-inspct,White,Male,United-States,dice,0
90.0,10.0,0,0.0,45.0,Private,Married-civ-spouse,Transport-moving,White,Male,United-States,dice,0
36.0,3.0,0,0.0,45.0,Private,Married-civ-spouse,Transport-moving,White,Male,United-States,dice,0
36.0,10.0,0,3621.0,3.0,Private,Married-civ-spouse,Transport-moving,White,Male,United-States,dice,0
17.0,4.0,0,0.0,45.0,Private,Married-civ-spouse,Transport-moving,White,Male,United-States,dice,0
46.0,10.0,0,0.0,45.0,Never-worked,Married-civ-spouse,Transport-moving,White,Male,United-States,dice,0
36.0,9.0,0,0.0,45.0,Private,Married-civ-spouse,Transport-moving,White,Male,United-States,dice,0
60.0,10.0,0,0.0,45.0,Private,Married-spouse-absent,Transport-moving,White,Male,United-States,dice,0
36.0,10.0,0,0.0,45.0,Private,Separated,Protective-serv,White,Male,United-States,dice,0
36.0,10.0,0,0.0,12.0,Private,Married-civ-spouse,Transport-moving,White,Male,United-States,dice,0
36.0,10.0,0,0.0,33.0,Private,Married-civ-spouse,Transport-moving,White,Male,United-States,dice,0
81.0,10.0,0,0.0,45.0,Private,Married-civ-spouse,Transport-moving,White,Male,United-States,dice,0
32.0,9.0,0,0.0,40.0,Private,Married-civ-spouse,Transport-moving,White,Male,United-States,cadex,0
32.0,9.0,0,0.0,40.0,Private,Married-civ-spouse,Transport-moving,White,Male,United-States,cadex,0
32.0,10.0,0,0.0,40.0,Private,Married-civ-spouse,Transport-moving,White,Male,United-States,cadex,0
32.0,10.0,0,0.0,45.0,Private,Married-civ-spouse,Transport-moving,White,Male,United-States,cadex,0
36.0,10.0,0,0.0,45.0,Private,Married-civ-spouse,Transport-moving,White,Male,United-States,cadex,0
36.0,9.0,0,0.0,44.0,Private,Married-civ-spouse,Exec-managerial,White,Male,United-States,fimap,1
36.0,9.0,0,3.0,43.0,Private,Married-civ-spouse,?,White,Male,United-States,fimap,0
36.0,9.0,0,0.0,44.0,Private,Married-civ-spouse,Sales,White,Male,United-States,fimap,1
36.0,9.0,0,0.0,44.0,Private,Married-civ-spouse,?,White,Male,United-States,fimap,0
37.0,9.0,693,7.0,43.0,Private,Married-civ-spouse,Protective-serv,White,Male,United-States,fimap,0
37.0,9.0,577,11.0,43.0,Private,Never-married,Exec-managerial,White,Male,United-States,fimap,0
35.0,9.0,0,0.0,44.0,Private,Married-civ-spouse,Transport-moving,White,Male,United-States,wachter,0
34.0,9.0,0,0.0,44.0,Private,Married-civ-spouse,Transport-moving,White,Male,United-States,wachter,0
35.0,9.0,0,0.0,45.0,Private,Married-civ-spouse,Transport-moving,White,Male,United-States,wachter,0
34.0,9.0,0,0.0,44.0,Private,Married-civ-spouse,Transport-moving,White,Male,United-States,wachter,0
34.0,10.0,0,0.0,44.0,Private,Married-civ-spouse,Transport-moving,White,Male,United-States,wachter,0
35.0,10.0,0,0.0,44.0,Private,Married-civ-spouse,Transport-moving,White,Male,United-States,wachter,0
35.0,9.0,0,0.0,44.0,Private,Married-civ-spouse,Transport-moving,White,Male,United-States,wachter,0
34.0,10.0,0,0.0,44.0,Private,Married-civ-spouse,Transport-moving,White,Male,United-States,wachter,0
69.0,7.0,0,0.0,67.0,Private,Married-civ-spouse,Transport-moving,White,Male,United-States,wachter,1
34.0,9.0,0,0.0,44.0,Private,Married-civ-spouse,Transport-moving,White,Male,United-States,wachter,0
31.0,10.0,0,0.0,45.0,Private,Married-civ-spouse,Transport-moving,White,Male,United-States,cem,0
36.0,10.0,0,0.0,45.0,Federal-gov,Married-civ-spouse,Transport-moving,White,Male,El-Salvador,cfproto,0
36.0,10.0,0,0.0,45.0,Private,Married-civ-spouse,Transport-moving,White,Male,India,cfproto,0
36.0,10.0,0,0.0,45.0,Private,Married-civ-spouse,Priv-house-serv,White,Male,Taiwan,cfproto,0
35.0,9.0,0,0.0,43.0,Self-emp-not-inc,Married-civ-spouse,Priv-house-serv,Amer-Indian-Eskimo,Male,Taiwan,cfproto,0
36.0,10.0,0,0.0,45.0,Private,Married-civ-spouse,Transport-moving,White,Male,Germany,cfproto,0
36.0,10.0,0,0.0,45.0,Private,Married-civ-spouse,Machine-op-inspct,White,Male,China,cfproto,0
36.0,10.0,0,0.0,45.0,Private,Married-civ-spouse,Transport-moving,White,Male,Canada,cfproto,0
36.0,10.0,0,0.0,45.0,Private,Married-civ-spouse,Other-service,White,Male,Thailand,cfproto,0
36.0,10.0,0,0.0,45.0,Private,Married-civ-spouse,Transport-moving,White,Male,Greece,cfproto,0
36.0,10.0,0,0.0,45.0,Private,Married-civ-spouse,Transport-moving,White,Male,Germany,cfproto,0
32.0,10.0,0,0.0,44.0,?,Married-civ-spouse,Adm-clerical,White,Male,United-States,growing-spheres,0
36.0,9.0,0,0.0,46.0,Local-gov,Married-spouse-absent,Priv-house-serv,White,Male,United-States,growing-spheres,0
35.0,9.0,43,0.0,45.0,Federal-gov,Divorced,Farming-fishing,White,Male,United-States,growing-spheres,0
34.0,8.0,3372,106.0,36.0,Federal-gov,Married-AF-spouse,Adm-clerical,White,Male,United-States,growing-spheres,1
35.0,10.0,0,3.0,45.0,?,Married-AF-spouse,?,White,Male,United-States,growing-spheres,0
38.0,9.0,3177,114.0,44.0,?,Married-civ-spouse,?,White,Male,United-States,growing-spheres,0
36.0,9.0,2772,0.0,42.0,Private,Married-AF-spouse,Adm-clerical,White,Male,United-States,growing-spheres,0
37.0,10.0,0,0.0,34.0,Private,Married-civ-spouse,Armed-Forces,White,Male,United-States,growing-spheres,0
40.0,9.0,3777,356.0,54.0,Federal-gov,Married-civ-spouse,Craft-repair,White,Male,United-States,growing-spheres,1
36.0,8.0,0,197.0,41.0,?,Married-civ-spouse,Other-service,White,Male,United-States,growing-spheres,0
34.0,8.0,0,462.0,55.0,Federal-gov,Married-civ-spouse,Armed-Forces,White,Male,United-States,growing-spheres,0
36.0,10.0,2210,84.0,43.0,Private,Married-spouse-absent,Craft-repair,White,Male,United-States,growing-spheres,0
36.0,10.0,0,669.0,36.0,?,Married-civ-spouse,Machine-op-inspct,White,Male,United-States,growing-spheres,0
37.0,11.0,5605,0.0,48.0,Private,Divorced,Craft-repair,White,Male,United-States,growing-spheres,1
36.0,9.0,0,109.0,43.0,Federal-gov,Married-civ-spouse,Adm-clerical,White,Male,United-States,growing-spheres,1
33.0,9.0,1433,521.0,38.0,Local-gov,Married-AF-spouse,Handlers-cleaners,White,Male,United-States,growing-spheres,1
34.0,10.0,0,31.0,37.0,Local-gov,Married-civ-spouse,?,White,Male,United-States,growing-spheres,0
38.0,9.0,0,83.0,42.0,Federal-gov,Separated,Adm-clerical,White,Male,United-States,growing-spheres,0
36.0,10.0,5,4.0,45.0,Local-gov,Married-civ-spouse,?,White,Male,United-States,growing-spheres,0
34.0,9.0,0,0.0,49.0,Federal-gov,Married-AF-spouse,Priv-house-serv,White,Male,United-States,growing-spheres,0
36.0,10.0,0,0.0,44.0,Private,Married-civ-spouse,Tech-support,White,Male,United-States,actionable-recourse,1
34.0,9.0,0,0.0,44.0,Private,Married-civ-spouse,Transport-moving,White,Male,United-States,face,0
37.0,9.0,0,0.0,44.0,Private,Married-civ-spouse,Transport-moving,White,Male,United-States,face,0
37.0,9.0,0,0.0,39.0,Private,Married-civ-spouse,Transport-moving,White,Male,United-States,face,0
36.0,10.0,0,0.0,39.0,Private,Married-civ-spouse,Transport-moving,White,Male,United-States,face,0
37.0,9.0,0,0.0,44.0,Private,Married-civ-spouse,Transport-moving,White,Male,United-States,face,0
34.0,9.0,0,0.0,44.0,Private,Married-civ-spouse,Transport-moving,White,Male,United-States,face,0
34.0,9.0,0,0.0,39.0,Private,Married-civ-spouse,Transport-moving,White,Male,United-States,face,0
34.0,10.0,0,0.0,39.0,Private,Married-civ-spouse,Transport-moving,White,Male,United-States,face,0
34.0,9.0,0,0.0,39.0,Private,Married-civ-spouse,Transport-moving,White,Male,United-States,face,0
33.0,9.0,0,0.0,39.0,Private,Married-civ-spouse,Transport-moving,White,Male,United-States,face,0
