{
 "dataset": "adult",
 "all_cfs_count": 78,
 "valid_cfs_count": 64,
 "valid_actionable_cfs_count": 61,
 "execution_times": {
  "dice": 2.86199688911438,
  "cfec": 2.3480005264282227,
  "wachter": 30.829001665115356,
  "cem": 5.361999750137329,
  "cfproto": 29.21299958229065,
  "growing-spheres": 0.6320133209228516,
  "actionable-recourse": 11.88898777961731,
  "face": 27.4909987449646
 },
 "explainers": {
  "cadex": {
   "all_cfs_count": 8,
   "valid_cfs_count": 8,
   "valid_actionable_cfs_count": 8,
   "pareto_frontier_count": 1
  },
  "cem": {
   "all_cfs_count": 1,
   "valid_cfs_count": 0,
   "valid_actionable_cfs_count": 0,
   "pareto_frontier_count": 0
  },
  "cfproto": {
   "all_cfs_count": 3,
   "valid_cfs_count": 3,
   "valid_actionable_cfs_count": 0,
   "pareto_frontier_count": 0
  },
  "dice": {
   "all_cfs_count": 20,
   "valid_cfs_count": 20,
   "valid_actionable_cfs_count": 20,
   "pareto_frontier_count": 0
  },
  "face": {
   "all_cfs_count": 10,
   "valid_cfs_count": 10,
   "valid_actionable_cfs_count": 10,
   "pareto_frontier_count": 4
  },
  "fimap": {
   "all_cfs_count": 6,
   "valid_cfs_count": 3,
   "valid_actionable_cfs_count": 3,
   "pareto_frontier_count": 0
  },
  "growing-spheres": {
   "all_cfs_count": 20,
   "valid_cfs_count": 11,
   "valid_actionable_cfs_count": 11,
   "pareto_frontier_count": 0
  },
  "wachter": {
   "all_cfs_count": 10,
   "valid_cfs_count": 9,
   "valid_actionable_cfs_count": 9,
   "pareto_frontier_count": 1
  }
 },
 "DATASET_NAME": "adult",
 "INDEX_TO_EXPLAIN": 178,
 "TRAIN_DATASET_PATH": "data/adult_train.csv",
 "TEST_DATASET_PATH": "data/adult_test.csv",
 "CONSTRAINTS_PATH": "data/adult_constraints.json",
 "MODEL_PATH": "models/adult_NN/",
 "EXPLAINED_MODEL_BACKEND": "tensorflow",
 "SAVE_PATH_SCORES": "experiments/2023-03-12/scores/adult_tensorflow_i178_2023-03-12.csv",
 "SAVE_PATH_VALID_SCORES": "experiments/2023-03-12/valid_scores/adult_tensorflow_i178_2023-03-12.csv",
 "SAVE_PATH_STATS": "experiments/2023-03-12/stats/adult_tensorflow_i178_2023-03-12.json",
 "SAVE_PATH_COUNTERFACTUALS": "experiments/2023-03-12/counterfactuals/adult_tensorflow_i178_2023-03-12.csv",
 "SAVE_PATH_VALID_COUNTERFACTUALS": "experiments/2023-03-12/valid_counterfactuals/adult_tensorflow_i178_2023-03-12.csv",
 "PREFERENCES_RANKING": [
  0,
  4,
  2,
  3,
  5,
  1
 ],
 "K_NEIGHBORS_FEASIB": 3,
 "K_NEIGHBORS_DISCRIMINATIVE": 9,
 "QUERY_INSTANCE": {
  "age": {
   "178": 45
  },
  "education.num": {
   "178": 13
  },
  "capital.gain": {
   "178": 0
  },
  "capital.loss": {
   "178": 0
  },
  "hours.per.week": {
   "178": 40
  },
  "workclass": {
   "178": "Private"
  },
  "marital.status": {
   "178": "Married-civ-spouse"
  },
  "occupation": {
   "178": "Exec-managerial"
  },
  "race": {
   "178": "White"
  },
  "sex": {
   "178": "Male"
  },
  "native.country": {
   "178": "United-States"
  }
 },
 "ENSEMBLE_INIT_ELAPSED_TIME": 5.762001991271973,
 "ENSEMBLE_GENERATION_ELAPSED_TIME": 114.50900173187256,
 "ORIGINAL_X_CLASS": ">50K",
 "PARETO_METRICS": [
  "Proximity",
  "K_Feasibility(3)",
  "DiscriminativePower(9)"
 ],
 "PARETO_FRONTIERS_ALL": 6
}