{
 "dataset": "adult",
 "all_cfs_count": 83,
 "valid_cfs_count": 73,
 "valid_actionable_cfs_count": 65,
 "execution_times": {
  "dice": 3.9650001525878906,
  "cfec": 3.271000385284424,
  "wachter": 20.349058151245117,
  "cem": 4.998000144958496,
  "cfproto": 27.671000003814697,
  "growing-spheres": 0.569000244140625,
  "actionable-recourse": 8.77700161933899,
  "face": 25.71400022506714
 },
 "explainers": {
  "cadex": {
   "all_cfs_count": 8,
   "valid_cfs_count": 8,
   "valid_actionable_cfs_count": 8,
   "pareto_frontier_count": 1
  },
  "cem": {
   "all_cfs_count": 1,
   "valid_cfs_count": 0,
   "valid_actionable_cfs_count": 0,
   "pareto_frontier_count": 1
  },
  "cfproto": {
   "all_cfs_count": 8,
   "valid_cfs_count": 8,
   "valid_actionable_cfs_count": 0,
   "pareto_frontier_count": 0
  },
  "dice": {
   "all_cfs_count": 20,
   "valid_cfs_count": 20,
   "valid_actionable_cfs_count": 20,
   "pareto_frontier_count": 3
  },
  "face": {
   "all_cfs_count": 10,
   "valid_cfs_count": 10,
   "valid_actionable_cfs_count": 10,
   "pareto_frontier_count": 3
  },
  "fimap": {
   "all_cfs_count": 6,
   "valid_cfs_count": 6,
   "valid_actionable_cfs_count": 6,
   "pareto_frontier_count": 0
  },
  "growing-spheres": {
   "all_cfs_count": 20,
   "valid_cfs_count": 12,
   "valid_actionable_cfs_count": 12,
   "pareto_frontier_count": 1
  },
  "wachter": {
   "all_cfs_count": 10,
   "valid_cfs_count": 9,
   "valid_actionable_cfs_count": 9,
   "pareto_frontier_count": 0
  }
 },
 "DATASET_NAME": "adult",
 "INDEX_TO_EXPLAIN": 113,
 "TRAIN_DATASET_PATH": "data/adult_train.csv",
 "TEST_DATASET_PATH": "data/adult_test.csv",
 "CONSTRAINTS_PATH": "data/adult_constraints.json",
 "MODEL_PATH": "models/adult_NN/",
 "EXPLAINED_MODEL_BACKEND": "tensorflow",
 "SAVE_PATH_SCORES": "experiments/2023-03-12/scores/adult_tensorflow_i113_2023-03-12.csv",
 "SAVE_PATH_VALID_SCORES": "experiments/2023-03-12/valid_scores/adult_tensorflow_i113_2023-03-12.csv",
 "SAVE_PATH_STATS": "experiments/2023-03-12/stats/adult_tensorflow_i113_2023-03-12.json",
 "SAVE_PATH_COUNTERFACTUALS": "experiments/2023-03-12/counterfactuals/adult_tensorflow_i113_2023-03-12.csv",
 "SAVE_PATH_VALID_COUNTERFACTUALS": "experiments/2023-03-12/valid_counterfactuals/adult_tensorflow_i113_2023-03-12.csv",
 "PREFERENCES_RANKING": [
  0,
  4,
  2,
  3,
  5,
  1
 ],
 "K_NEIGHBORS_FEASIB": 3,
 "K_NEIGHBORS_DISCRIMINATIVE": 9,
 "QUERY_INSTANCE": {
  "age": {
   "113": 28
  },
  "education.num": {
   "113": 11
  },
  "capital.gain": {
   "113": 7688
  },
  "capital.loss": {
   "113": 0
  },
  "hours.per.week": {
   "113": 36
  },
  "workclass": {
   "113": "Local-gov"
  },
  "marital.status": {
   "113": "Married-civ-spouse"
  },
  "occupation": {
   "113": "Prof-specialty"
  },
  "race": {
   "113": "White"
  },
  "sex": {
   "113": "Female"
  },
  "native.country": {
   "113": "United-States"
  }
 },
 "ENSEMBLE_INIT_ELAPSED_TIME": 8.549998760223389,
 "ENSEMBLE_GENERATION_ELAPSED_TIME": 98.32406044006348,
 "ORIGINAL_X_CLASS": ">50K",
 "PARETO_METRICS": [
  "Proximity",
  "K_Feasibility(3)",
  "DiscriminativePower(9)"
 ],
 "PARETO_FRONTIERS_ALL": 9
}