{
 "dataset": "adult",
 "all_cfs_count": 76,
 "valid_cfs_count": 63,
 "valid_actionable_cfs_count": 60,
 "execution_times": {
  "dice": 3.126993417739868,
  "cfec": 1.559999942779541,
  "wachter": 15.411000967025757,
  "cem": 4.798001527786255,
  "cfproto": 28.050997257232666,
  "growing-spheres": 0.6140022277832031,
  "actionable-recourse": 9.450997352600098,
  "face": 26.200000047683716
 },
 "explainers": {
  "actionable-recourse": {
   "all_cfs_count": 1,
   "valid_cfs_count": 0,
   "valid_actionable_cfs_count": 0,
   "pareto_frontier_count": 0
  },
  "cadex": {
   "all_cfs_count": 5,
   "valid_cfs_count": 5,
   "valid_actionable_cfs_count": 5,
   "pareto_frontier_count": 2
  },
  "cem": {
   "all_cfs_count": 1,
   "valid_cfs_count": 1,
   "valid_actionable_cfs_count": 1,
   "pareto_frontier_count": 0
  },
  "cfproto": {
   "all_cfs_count": 3,
   "valid_cfs_count": 3,
   "valid_actionable_cfs_count": 0,
   "pareto_frontier_count": 0
  },
  "dice": {
   "all_cfs_count": 20,
   "valid_cfs_count": 20,
   "valid_actionable_cfs_count": 20,
   "pareto_frontier_count": 0
  },
  "face": {
   "all_cfs_count": 10,
   "valid_cfs_count": 10,
   "valid_actionable_cfs_count": 10,
   "pareto_frontier_count": 4
  },
  "fimap": {
   "all_cfs_count": 6,
   "valid_cfs_count": 3,
   "valid_actionable_cfs_count": 3,
   "pareto_frontier_count": 0
  },
  "growing-spheres": {
   "all_cfs_count": 20,
   "valid_cfs_count": 13,
   "valid_actionable_cfs_count": 13,
   "pareto_frontier_count": 0
  },
  "wachter": {
   "all_cfs_count": 10,
   "valid_cfs_count": 8,
   "valid_actionable_cfs_count": 8,
   "pareto_frontier_count": 0
  }
 },
 "DATASET_NAME": "adult",
 "INDEX_TO_EXPLAIN": 12,
 "TRAIN_DATASET_PATH": "data/adult_train.csv",
 "TEST_DATASET_PATH": "data/adult_test.csv",
 "CONSTRAINTS_PATH": "data/adult_constraints.json",
 "MODEL_PATH": "models/adult_NN/",
 "EXPLAINED_MODEL_BACKEND": "tensorflow",
 "SAVE_PATH_SCORES": "experiments/2023-03-12/scores/adult_tensorflow_i12_2023-03-12.csv",
 "SAVE_PATH_VALID_SCORES": "experiments/2023-03-12/valid_scores/adult_tensorflow_i12_2023-03-12.csv",
 "SAVE_PATH_STATS": "experiments/2023-03-12/stats/adult_tensorflow_i12_2023-03-12.json",
 "SAVE_PATH_COUNTERFACTUALS": "experiments/2023-03-12/counterfactuals/adult_tensorflow_i12_2023-03-12.csv",
 "SAVE_PATH_VALID_COUNTERFACTUALS": "experiments/2023-03-12/valid_counterfactuals/adult_tensorflow_i12_2023-03-12.csv",
 "PREFERENCES_RANKING": [
  0,
  4,
  2,
  3,
  5,
  1
 ],
 "K_NEIGHBORS_FEASIB": 3,
 "K_NEIGHBORS_DISCRIMINATIVE": 9,
 "QUERY_INSTANCE": {
  "age": {
   "12": 50
  },
  "education.num": {
   "12": 10
  },
  "capital.gain": {
   "12": 0
  },
  "capital.loss": {
   "12": 0
  },
  "hours.per.week": {
   "12": 55
  },
  "workclass": {
   "12": "Self-emp-not-inc"
  },
  "marital.status": {
   "12": "Married-civ-spouse"
  },
  "occupation": {
   "12": "Craft-repair"
  },
  "race": {
   "12": "White"
  },
  "sex": {
   "12": "Male"
  },
  "native.country": {
   "12": "United-States"
  }
 },
 "ENSEMBLE_INIT_ELAPSED_TIME": 6.3520002365112305,
 "ENSEMBLE_GENERATION_ELAPSED_TIME": 92.63500094413757,
 "ORIGINAL_X_CLASS": "<=50K",
 "PARETO_METRICS": [
  "Proximity",
  "K_Feasibility(3)",
  "DiscriminativePower(9)"
 ],
 "PARETO_FRONTIERS_ALL": 6
}