{
 "dataset": "adult",
 "all_cfs_count": 83,
 "valid_cfs_count": 78,
 "valid_actionable_cfs_count": 68,
 "execution_times": {
  "dice": 3.4419991970062256,
  "cfec": 1.6470000743865967,
  "wachter": 38.22700238227844,
  "cem": 4.926998853683472,
  "cfproto": 27.004000902175903,
  "growing-spheres": 0.8300051689147949,
  "actionable-recourse": 9.442995071411133,
  "face": 27.082512617111206
 },
 "explainers": {
  "actionable-recourse": {
   "all_cfs_count": 1,
   "valid_cfs_count": 0,
   "valid_actionable_cfs_count": 0,
   "pareto_frontier_count": 1
  },
  "cadex": {
   "all_cfs_count": 5,
   "valid_cfs_count": 5,
   "valid_actionable_cfs_count": 5,
   "pareto_frontier_count": 0
  },
  "cem": {
   "all_cfs_count": 1,
   "valid_cfs_count": 1,
   "valid_actionable_cfs_count": 1,
   "pareto_frontier_count": 0
  },
  "cfproto": {
   "all_cfs_count": 10,
   "valid_cfs_count": 10,
   "valid_actionable_cfs_count": 0,
   "pareto_frontier_count": 0
  },
  "dice": {
   "all_cfs_count": 20,
   "valid_cfs_count": 20,
   "valid_actionable_cfs_count": 20,
   "pareto_frontier_count": 0
  },
  "face": {
   "all_cfs_count": 10,
   "valid_cfs_count": 10,
   "valid_actionable_cfs_count": 10,
   "pareto_frontier_count": 3
  },
  "fimap": {
   "all_cfs_count": 6,
   "valid_cfs_count": 4,
   "valid_actionable_cfs_count": 4,
   "pareto_frontier_count": 0
  },
  "growing-spheres": {
   "all_cfs_count": 20,
   "valid_cfs_count": 20,
   "valid_actionable_cfs_count": 20,
   "pareto_frontier_count": 0
  },
  "wachter": {
   "all_cfs_count": 10,
   "valid_cfs_count": 8,
   "valid_actionable_cfs_count": 8,
   "pareto_frontier_count": 0
  }
 },
 "DATASET_NAME": "adult",
 "INDEX_TO_EXPLAIN": 170,
 "TRAIN_DATASET_PATH": "data/adult_train.csv",
 "TEST_DATASET_PATH": "data/adult_test.csv",
 "CONSTRAINTS_PATH": "data/adult_constraints.json",
 "MODEL_PATH": "models/adult_NN/",
 "EXPLAINED_MODEL_BACKEND": "tensorflow",
 "SAVE_PATH_SCORES": "experiments/2023-03-12/scores/adult_tensorflow_i170_2023-03-12.csv",
 "SAVE_PATH_VALID_SCORES": "experiments/2023-03-12/valid_scores/adult_tensorflow_i170_2023-03-12.csv",
 "SAVE_PATH_STATS": "experiments/2023-03-12/stats/adult_tensorflow_i170_2023-03-12.json",
 "SAVE_PATH_COUNTERFACTUALS": "experiments/2023-03-12/counterfactuals/adult_tensorflow_i170_2023-03-12.csv",
 "SAVE_PATH_VALID_COUNTERFACTUALS": "experiments/2023-03-12/valid_counterfactuals/adult_tensorflow_i170_2023-03-12.csv",
 "PREFERENCES_RANKING": [
  0,
  4,
  2,
  3,
  5,
  1
 ],
 "K_NEIGHBORS_FEASIB": 3,
 "K_NEIGHBORS_DISCRIMINATIVE": 9,
 "QUERY_INSTANCE": {
  "age": {
   "170": 39
  },
  "education.num": {
   "170": 16
  },
  "capital.gain": {
   "170": 0
  },
  "capital.loss": {
   "170": 0
  },
  "hours.per.week": {
   "170": 40
  },
  "workclass": {
   "170": "State-gov"
  },
  "marital.status": {
   "170": "Divorced"
  },
  "occupation": {
   "170": "Prof-specialty"
  },
  "race": {
   "170": "White"
  },
  "sex": {
   "170": "Female"
  },
  "native.country": {
   "170": "United-States"
  }
 },
 "ENSEMBLE_INIT_ELAPSED_TIME": 9.035999536514282,
 "ENSEMBLE_GENERATION_ELAPSED_TIME": 115.5915150642395,
 "ORIGINAL_X_CLASS": ">50K",
 "PARETO_METRICS": [
  "Proximity",
  "K_Feasibility(3)",
  "DiscriminativePower(9)"
 ],
 "PARETO_FRONTIERS_ALL": 4
}