{
 "dataset": "adult",
 "all_cfs_count": 83,
 "valid_cfs_count": 73,
 "valid_actionable_cfs_count": 63,
 "execution_times": {
  "dice": 3.1259994506835938,
  "cfec": 1.5949997901916504,
  "wachter": 36.15700101852417,
  "cem": 4.934001922607422,
  "cfproto": 28.245998859405518,
  "growing-spheres": 1.0890018939971924,
  "actionable-recourse": 7.1000001430511475,
  "face": 29.000999450683594
 },
 "explainers": {
  "actionable-recourse": {
   "all_cfs_count": 1,
   "valid_cfs_count": 1,
   "valid_actionable_cfs_count": 1,
   "pareto_frontier_count": 0
  },
  "cadex": {
   "all_cfs_count": 5,
   "valid_cfs_count": 5,
   "valid_actionable_cfs_count": 5,
   "pareto_frontier_count": 0
  },
  "cem": {
   "all_cfs_count": 1,
   "valid_cfs_count": 1,
   "valid_actionable_cfs_count": 1,
   "pareto_frontier_count": 0
  },
  "cfproto": {
   "all_cfs_count": 10,
   "valid_cfs_count": 10,
   "valid_actionable_cfs_count": 0,
   "pareto_frontier_count": 0
  },
  "dice": {
   "all_cfs_count": 20,
   "valid_cfs_count": 20,
   "valid_actionable_cfs_count": 20,
   "pareto_frontier_count": 0
  },
  "face": {
   "all_cfs_count": 10,
   "valid_cfs_count": 10,
   "valid_actionable_cfs_count": 10,
   "pareto_frontier_count": 3
  },
  "fimap": {
   "all_cfs_count": 6,
   "valid_cfs_count": 5,
   "valid_actionable_cfs_count": 5,
   "pareto_frontier_count": 0
  },
  "growing-spheres": {
   "all_cfs_count": 20,
   "valid_cfs_count": 20,
   "valid_actionable_cfs_count": 20,
   "pareto_frontier_count": 0
  },
  "wachter": {
   "all_cfs_count": 10,
   "valid_cfs_count": 1,
   "valid_actionable_cfs_count": 1,
   "pareto_frontier_count": 3
  }
 },
 "DATASET_NAME": "adult",
 "INDEX_TO_EXPLAIN": 131,
 "TRAIN_DATASET_PATH": "data/adult_train.csv",
 "TEST_DATASET_PATH": "data/adult_test.csv",
 "CONSTRAINTS_PATH": "data/adult_constraints.json",
 "MODEL_PATH": "models/adult_NN/",
 "EXPLAINED_MODEL_BACKEND": "tensorflow",
 "SAVE_PATH_SCORES": "experiments/2023-03-12/scores/adult_tensorflow_i131_2023-03-12.csv",
 "SAVE_PATH_VALID_SCORES": "experiments/2023-03-12/valid_scores/adult_tensorflow_i131_2023-03-12.csv",
 "SAVE_PATH_STATS": "experiments/2023-03-12/stats/adult_tensorflow_i131_2023-03-12.json",
 "SAVE_PATH_COUNTERFACTUALS": "experiments/2023-03-12/counterfactuals/adult_tensorflow_i131_2023-03-12.csv",
 "SAVE_PATH_VALID_COUNTERFACTUALS": "experiments/2023-03-12/valid_counterfactuals/adult_tensorflow_i131_2023-03-12.csv",
 "PREFERENCES_RANKING": [
  0,
  4,
  2,
  3,
  5,
  1
 ],
 "K_NEIGHBORS_FEASIB": 3,
 "K_NEIGHBORS_DISCRIMINATIVE": 9,
 "QUERY_INSTANCE": {
  "age": {
   "131": 25
  },
  "education.num": {
   "131": 9
  },
  "capital.gain": {
   "131": 0
  },
  "capital.loss": {
   "131": 0
  },
  "hours.per.week": {
   "131": 48
  },
  "workclass": {
   "131": "Private"
  },
  "marital.status": {
   "131": "Married-civ-spouse"
  },
  "occupation": {
   "131": "Craft-repair"
  },
  "race": {
   "131": "White"
  },
  "sex": {
   "131": "Male"
  },
  "native.country": {
   "131": "United-States"
  }
 },
 "ENSEMBLE_INIT_ELAPSED_TIME": 7.514000654220581,
 "ENSEMBLE_GENERATION_ELAPSED_TIME": 114.72699928283691,
 "ORIGINAL_X_CLASS": "<=50K",
 "PARETO_METRICS": [
  "Proximity",
  "K_Feasibility(3)",
  "DiscriminativePower(9)"
 ],
 "PARETO_FRONTIERS_ALL": 6
}