{
 "dataset": "adult",
 "all_cfs_count": 79,
 "valid_cfs_count": 60,
 "valid_actionable_cfs_count": 52,
 "execution_times": {
  "dice": 3.309002161026001,
  "cfec": 1.5829997062683105,
  "wachter": 24.87399935722351,
  "cem": 4.7970006465911865,
  "cfproto": 27.465002059936523,
  "growing-spheres": 0.5960009098052979,
  "actionable-recourse": 10.564998865127563,
  "face": 28.82399868965149
 },
 "explainers": {
  "cadex": {
   "all_cfs_count": 5,
   "valid_cfs_count": 5,
   "valid_actionable_cfs_count": 5,
   "pareto_frontier_count": 1
  },
  "cem": {
   "all_cfs_count": 1,
   "valid_cfs_count": 0,
   "valid_actionable_cfs_count": 0,
   "pareto_frontier_count": 1
  },
  "cfproto": {
   "all_cfs_count": 7,
   "valid_cfs_count": 7,
   "valid_actionable_cfs_count": 1,
   "pareto_frontier_count": 0
  },
  "dice": {
   "all_cfs_count": 20,
   "valid_cfs_count": 20,
   "valid_actionable_cfs_count": 20,
   "pareto_frontier_count": 1
  },
  "face": {
   "all_cfs_count": 10,
   "valid_cfs_count": 10,
   "valid_actionable_cfs_count": 8,
   "pareto_frontier_count": 5
  },
  "fimap": {
   "all_cfs_count": 6,
   "valid_cfs_count": 5,
   "valid_actionable_cfs_count": 5,
   "pareto_frontier_count": 3
  },
  "growing-spheres": {
   "all_cfs_count": 20,
   "valid_cfs_count": 10,
   "valid_actionable_cfs_count": 10,
   "pareto_frontier_count": 2
  },
  "wachter": {
   "all_cfs_count": 10,
   "valid_cfs_count": 3,
   "valid_actionable_cfs_count": 3,
   "pareto_frontier_count": 0
  }
 },
 "DATASET_NAME": "adult",
 "INDEX_TO_EXPLAIN": 127,
 "TRAIN_DATASET_PATH": "data/adult_train.csv",
 "TEST_DATASET_PATH": "data/adult_test.csv",
 "CONSTRAINTS_PATH": "data/adult_constraints.json",
 "MODEL_PATH": "models/adult_NN/",
 "EXPLAINED_MODEL_BACKEND": "tensorflow",
 "SAVE_PATH_SCORES": "experiments/2023-03-12/scores/adult_tensorflow_i127_2023-03-12.csv",
 "SAVE_PATH_VALID_SCORES": "experiments/2023-03-12/valid_scores/adult_tensorflow_i127_2023-03-12.csv",
 "SAVE_PATH_STATS": "experiments/2023-03-12/stats/adult_tensorflow_i127_2023-03-12.json",
 "SAVE_PATH_COUNTERFACTUALS": "experiments/2023-03-12/counterfactuals/adult_tensorflow_i127_2023-03-12.csv",
 "SAVE_PATH_VALID_COUNTERFACTUALS": "experiments/2023-03-12/valid_counterfactuals/adult_tensorflow_i127_2023-03-12.csv",
 "PREFERENCES_RANKING": [
  0,
  4,
  2,
  3,
  5,
  1
 ],
 "K_NEIGHBORS_FEASIB": 3,
 "K_NEIGHBORS_DISCRIMINATIVE": 9,
 "QUERY_INSTANCE": {
  "age": {
   "127": 31
  },
  "education.num": {
   "127": 13
  },
  "capital.gain": {
   "127": 0
  },
  "capital.loss": {
   "127": 0
  },
  "hours.per.week": {
   "127": 40
  },
  "workclass": {
   "127": "Self-emp-not-inc"
  },
  "marital.status": {
   "127": "Married-civ-spouse"
  },
  "occupation": {
   "127": "Exec-managerial"
  },
  "race": {
   "127": "White"
  },
  "sex": {
   "127": "Female"
  },
  "native.country": {
   "127": "United-States"
  }
 },
 "ENSEMBLE_INIT_ELAPSED_TIME": 7.691999673843384,
 "ENSEMBLE_GENERATION_ELAPSED_TIME": 104.99800181388855,
 "ORIGINAL_X_CLASS": ">50K",
 "PARETO_METRICS": [
  "Proximity",
  "K_Feasibility(3)",
  "DiscriminativePower(9)"
 ],
 "PARETO_FRONTIERS_ALL": 13
}