{
 "dataset": "adult",
 "all_cfs_count": 79,
 "valid_cfs_count": 64,
 "valid_actionable_cfs_count": 60,
 "execution_times": {
  "dice": 4.483999013900757,
  "cfec": 2.716999053955078,
  "wachter": 32.60900139808655,
  "cem": 5.155999183654785,
  "cfproto": 27.39900016784668,
  "growing-spheres": 0.5649991035461426,
  "actionable-recourse": 9.287001848220825,
  "face": 25.497998237609863
 },
 "explainers": {
  "cadex": {
   "all_cfs_count": 8,
   "valid_cfs_count": 8,
   "valid_actionable_cfs_count": 8,
   "pareto_frontier_count": 1
  },
  "cem": {
   "all_cfs_count": 1,
   "valid_cfs_count": 0,
   "valid_actionable_cfs_count": 0,
   "pareto_frontier_count": 1
  },
  "cfproto": {
   "all_cfs_count": 4,
   "valid_cfs_count": 4,
   "valid_actionable_cfs_count": 0,
   "pareto_frontier_count": 0
  },
  "dice": {
   "all_cfs_count": 20,
   "valid_cfs_count": 20,
   "valid_actionable_cfs_count": 20,
   "pareto_frontier_count": 1
  },
  "face": {
   "all_cfs_count": 10,
   "valid_cfs_count": 10,
   "valid_actionable_cfs_count": 10,
   "pareto_frontier_count": 3
  },
  "fimap": {
   "all_cfs_count": 6,
   "valid_cfs_count": 5,
   "valid_actionable_cfs_count": 5,
   "pareto_frontier_count": 0
  },
  "growing-spheres": {
   "all_cfs_count": 20,
   "valid_cfs_count": 9,
   "valid_actionable_cfs_count": 9,
   "pareto_frontier_count": 0
  },
  "wachter": {
   "all_cfs_count": 10,
   "valid_cfs_count": 8,
   "valid_actionable_cfs_count": 8,
   "pareto_frontier_count": 1
  }
 },
 "DATASET_NAME": "adult",
 "INDEX_TO_EXPLAIN": 167,
 "TRAIN_DATASET_PATH": "data/adult_train.csv",
 "TEST_DATASET_PATH": "data/adult_test.csv",
 "CONSTRAINTS_PATH": "data/adult_constraints.json",
 "MODEL_PATH": "models/adult_NN/",
 "EXPLAINED_MODEL_BACKEND": "tensorflow",
 "SAVE_PATH_SCORES": "experiments/2023-03-12/scores/adult_tensorflow_i167_2023-03-12.csv",
 "SAVE_PATH_VALID_SCORES": "experiments/2023-03-12/valid_scores/adult_tensorflow_i167_2023-03-12.csv",
 "SAVE_PATH_STATS": "experiments/2023-03-12/stats/adult_tensorflow_i167_2023-03-12.json",
 "SAVE_PATH_COUNTERFACTUALS": "experiments/2023-03-12/counterfactuals/adult_tensorflow_i167_2023-03-12.csv",
 "SAVE_PATH_VALID_COUNTERFACTUALS": "experiments/2023-03-12/valid_counterfactuals/adult_tensorflow_i167_2023-03-12.csv",
 "PREFERENCES_RANKING": [
  0,
  4,
  2,
  3,
  5,
  1
 ],
 "K_NEIGHBORS_FEASIB": 3,
 "K_NEIGHBORS_DISCRIMINATIVE": 9,
 "QUERY_INSTANCE": {
  "age": {
   "167": 42
  },
  "education.num": {
   "167": 13
  },
  "capital.gain": {
   "167": 0
  },
  "capital.loss": {
   "167": 0
  },
  "hours.per.week": {
   "167": 40
  },
  "workclass": {
   "167": "Private"
  },
  "marital.status": {
   "167": "Married-civ-spouse"
  },
  "occupation": {
   "167": "Adm-clerical"
  },
  "race": {
   "167": "White"
  },
  "sex": {
   "167": "Female"
  },
  "native.country": {
   "167": "United-States"
  }
 },
 "ENSEMBLE_INIT_ELAPSED_TIME": 8.039000749588013,
 "ENSEMBLE_GENERATION_ELAPSED_TIME": 110.64899969100952,
 "ORIGINAL_X_CLASS": ">50K",
 "PARETO_METRICS": [
  "Proximity",
  "K_Feasibility(3)",
  "DiscriminativePower(9)"
 ],
 "PARETO_FRONTIERS_ALL": 7
}