{
 "dataset": "adult",
 "all_cfs_count": 80,
 "valid_cfs_count": 71,
 "valid_actionable_cfs_count": 63,
 "execution_times": {
  "dice": 2.996001958847046,
  "cfec": 1.549999713897705,
  "wachter": 19.79299831390381,
  "cem": 4.833000421524048,
  "cfproto": 27.88699960708618,
  "growing-spheres": 0.6309988498687744,
  "actionable-recourse": 10.86600136756897,
  "face": 29.407998085021973
 },
 "explainers": {
  "cadex": {
   "all_cfs_count": 5,
   "valid_cfs_count": 5,
   "valid_actionable_cfs_count": 5,
   "pareto_frontier_count": 2
  },
  "cem": {
   "all_cfs_count": 1,
   "valid_cfs_count": 0,
   "valid_actionable_cfs_count": 0,
   "pareto_frontier_count": 0
  },
  "cfproto": {
   "all_cfs_count": 8,
   "valid_cfs_count": 8,
   "valid_actionable_cfs_count": 0,
   "pareto_frontier_count": 0
  },
  "dice": {
   "all_cfs_count": 20,
   "valid_cfs_count": 20,
   "valid_actionable_cfs_count": 20,
   "pareto_frontier_count": 1
  },
  "face": {
   "all_cfs_count": 10,
   "valid_cfs_count": 10,
   "valid_actionable_cfs_count": 10,
   "pareto_frontier_count": 3
  },
  "fimap": {
   "all_cfs_count": 6,
   "valid_cfs_count": 6,
   "valid_actionable_cfs_count": 6,
   "pareto_frontier_count": 0
  },
  "growing-spheres": {
   "all_cfs_count": 20,
   "valid_cfs_count": 16,
   "valid_actionable_cfs_count": 16,
   "pareto_frontier_count": 0
  },
  "wachter": {
   "all_cfs_count": 10,
   "valid_cfs_count": 6,
   "valid_actionable_cfs_count": 6,
   "pareto_frontier_count": 2
  }
 },
 "DATASET_NAME": "adult",
 "INDEX_TO_EXPLAIN": 126,
 "TRAIN_DATASET_PATH": "data/adult_train.csv",
 "TEST_DATASET_PATH": "data/adult_test.csv",
 "CONSTRAINTS_PATH": "data/adult_constraints.json",
 "MODEL_PATH": "models/adult_NN/",
 "EXPLAINED_MODEL_BACKEND": "tensorflow",
 "SAVE_PATH_SCORES": "experiments/2023-03-12/scores/adult_tensorflow_i126_2023-03-12.csv",
 "SAVE_PATH_VALID_SCORES": "experiments/2023-03-12/valid_scores/adult_tensorflow_i126_2023-03-12.csv",
 "SAVE_PATH_STATS": "experiments/2023-03-12/stats/adult_tensorflow_i126_2023-03-12.json",
 "SAVE_PATH_COUNTERFACTUALS": "experiments/2023-03-12/counterfactuals/adult_tensorflow_i126_2023-03-12.csv",
 "SAVE_PATH_VALID_COUNTERFACTUALS": "experiments/2023-03-12/valid_counterfactuals/adult_tensorflow_i126_2023-03-12.csv",
 "PREFERENCES_RANKING": [
  0,
  4,
  2,
  3,
  5,
  1
 ],
 "K_NEIGHBORS_FEASIB": 3,
 "K_NEIGHBORS_DISCRIMINATIVE": 9,
 "QUERY_INSTANCE": {
  "age": {
   "126": 41
  },
  "education.num": {
   "126": 9
  },
  "capital.gain": {
   "126": 0
  },
  "capital.loss": {
   "126": 1485
  },
  "hours.per.week": {
   "126": 40
  },
  "workclass": {
   "126": "Private"
  },
  "marital.status": {
   "126": "Married-civ-spouse"
  },
  "occupation": {
   "126": "Exec-managerial"
  },
  "race": {
   "126": "White"
  },
  "sex": {
   "126": "Male"
  },
  "native.country": {
   "126": "United-States"
  }
 },
 "ENSEMBLE_INIT_ELAPSED_TIME": 6.211994171142578,
 "ENSEMBLE_GENERATION_ELAPSED_TIME": 101.12699842453003,
 "ORIGINAL_X_CLASS": ">50K",
 "PARETO_METRICS": [
  "Proximity",
  "K_Feasibility(3)",
  "DiscriminativePower(9)"
 ],
 "PARETO_FRONTIERS_ALL": 8
}