{
 "dataset": "adult",
 "all_cfs_count": 82,
 "valid_cfs_count": 67,
 "valid_actionable_cfs_count": 57,
 "execution_times": {
  "dice": 3.405991554260254,
  "cfec": 1.5750105381011963,
  "wachter": 20.707987785339355,
  "cem": 4.839001178741455,
  "cfproto": 27.822999000549316,
  "growing-spheres": 0.6000010967254639,
  "actionable-recourse": 11.35300064086914,
  "face": 28.370999336242676
 },
 "explainers": {
  "cadex": {
   "all_cfs_count": 5,
   "valid_cfs_count": 5,
   "valid_actionable_cfs_count": 5,
   "pareto_frontier_count": 2
  },
  "cem": {
   "all_cfs_count": 1,
   "valid_cfs_count": 0,
   "valid_actionable_cfs_count": 0,
   "pareto_frontier_count": 0
  },
  "cfproto": {
   "all_cfs_count": 10,
   "valid_cfs_count": 10,
   "valid_actionable_cfs_count": 0,
   "pareto_frontier_count": 0
  },
  "dice": {
   "all_cfs_count": 20,
   "valid_cfs_count": 20,
   "valid_actionable_cfs_count": 20,
   "pareto_frontier_count": 2
  },
  "face": {
   "all_cfs_count": 10,
   "valid_cfs_count": 10,
   "valid_actionable_cfs_count": 10,
   "pareto_frontier_count": 3
  },
  "fimap": {
   "all_cfs_count": 6,
   "valid_cfs_count": 5,
   "valid_actionable_cfs_count": 5,
   "pareto_frontier_count": 0
  },
  "growing-spheres": {
   "all_cfs_count": 20,
   "valid_cfs_count": 8,
   "valid_actionable_cfs_count": 8,
   "pareto_frontier_count": 0
  },
  "wachter": {
   "all_cfs_count": 10,
   "valid_cfs_count": 9,
   "valid_actionable_cfs_count": 9,
   "pareto_frontier_count": 6
  }
 },
 "DATASET_NAME": "adult",
 "INDEX_TO_EXPLAIN": 124,
 "TRAIN_DATASET_PATH": "data/adult_train.csv",
 "TEST_DATASET_PATH": "data/adult_test.csv",
 "CONSTRAINTS_PATH": "data/adult_constraints.json",
 "MODEL_PATH": "models/adult_NN/",
 "EXPLAINED_MODEL_BACKEND": "tensorflow",
 "SAVE_PATH_SCORES": "experiments/2023-03-12/scores/adult_tensorflow_i124_2023-03-12.csv",
 "SAVE_PATH_VALID_SCORES": "experiments/2023-03-12/valid_scores/adult_tensorflow_i124_2023-03-12.csv",
 "SAVE_PATH_STATS": "experiments/2023-03-12/stats/adult_tensorflow_i124_2023-03-12.json",
 "SAVE_PATH_COUNTERFACTUALS": "experiments/2023-03-12/counterfactuals/adult_tensorflow_i124_2023-03-12.csv",
 "SAVE_PATH_VALID_COUNTERFACTUALS": "experiments/2023-03-12/valid_counterfactuals/adult_tensorflow_i124_2023-03-12.csv",
 "PREFERENCES_RANKING": [
  0,
  4,
  2,
  3,
  5,
  1
 ],
 "K_NEIGHBORS_FEASIB": 3,
 "K_NEIGHBORS_DISCRIMINATIVE": 9,
 "QUERY_INSTANCE": {
  "age": {
   "124": 33
  },
  "education.num": {
   "124": 10
  },
  "capital.gain": {
   "124": 10520
  },
  "capital.loss": {
   "124": 0
  },
  "hours.per.week": {
   "124": 40
  },
  "workclass": {
   "124": "State-gov"
  },
  "marital.status": {
   "124": "Separated"
  },
  "occupation": {
   "124": "Prof-specialty"
  },
  "race": {
   "124": "White"
  },
  "sex": {
   "124": "Male"
  },
  "native.country": {
   "124": "United-States"
  }
 },
 "ENSEMBLE_INIT_ELAPSED_TIME": 7.558002233505249,
 "ENSEMBLE_GENERATION_ELAPSED_TIME": 101.70399832725525,
 "ORIGINAL_X_CLASS": ">50K",
 "PARETO_METRICS": [
  "Proximity",
  "K_Feasibility(3)",
  "DiscriminativePower(9)"
 ],
 "PARETO_FRONTIERS_ALL": 13
}