{
 "dataset": "adult",
 "all_cfs_count": 77,
 "valid_cfs_count": 59,
 "valid_actionable_cfs_count": 48,
 "execution_times": {
  "dice": 3.270005941390991,
  "cfec": 1.967993974685669,
  "wachter": 19.700000524520874,
  "cem": 5.277000427246094,
  "cfproto": 27.822999954223633,
  "growing-spheres": 0.5940062999725342,
  "actionable-recourse": 11.968996286392212,
  "face": 27.097999811172485
 },
 "explainers": {
  "cadex": {
   "all_cfs_count": 7,
   "valid_cfs_count": 7,
   "valid_actionable_cfs_count": 7,
   "pareto_frontier_count": 4
  },
  "cem": {
   "all_cfs_count": 1,
   "valid_cfs_count": 0,
   "valid_actionable_cfs_count": 0,
   "pareto_frontier_count": 0
  },
  "cfproto": {
   "all_cfs_count": 3,
   "valid_cfs_count": 3,
   "valid_actionable_cfs_count": 0,
   "pareto_frontier_count": 0
  },
  "dice": {
   "all_cfs_count": 20,
   "valid_cfs_count": 20,
   "valid_actionable_cfs_count": 20,
   "pareto_frontier_count": 1
  },
  "face": {
   "all_cfs_count": 10,
   "valid_cfs_count": 10,
   "valid_actionable_cfs_count": 2,
   "pareto_frontier_count": 4
  },
  "fimap": {
   "all_cfs_count": 6,
   "valid_cfs_count": 6,
   "valid_actionable_cfs_count": 6,
   "pareto_frontier_count": 3
  },
  "growing-spheres": {
   "all_cfs_count": 20,
   "valid_cfs_count": 5,
   "valid_actionable_cfs_count": 5,
   "pareto_frontier_count": 2
  },
  "wachter": {
   "all_cfs_count": 10,
   "valid_cfs_count": 8,
   "valid_actionable_cfs_count": 8,
   "pareto_frontier_count": 0
  }
 },
 "DATASET_NAME": "adult",
 "INDEX_TO_EXPLAIN": 133,
 "TRAIN_DATASET_PATH": "data/adult_train.csv",
 "TEST_DATASET_PATH": "data/adult_test.csv",
 "CONSTRAINTS_PATH": "data/adult_constraints.json",
 "MODEL_PATH": "models/adult_NN/",
 "EXPLAINED_MODEL_BACKEND": "tensorflow",
 "SAVE_PATH_SCORES": "experiments/2023-03-12/scores/adult_tensorflow_i133_2023-03-12.csv",
 "SAVE_PATH_VALID_SCORES": "experiments/2023-03-12/valid_scores/adult_tensorflow_i133_2023-03-12.csv",
 "SAVE_PATH_STATS": "experiments/2023-03-12/stats/adult_tensorflow_i133_2023-03-12.json",
 "SAVE_PATH_COUNTERFACTUALS": "experiments/2023-03-12/counterfactuals/adult_tensorflow_i133_2023-03-12.csv",
 "SAVE_PATH_VALID_COUNTERFACTUALS": "experiments/2023-03-12/valid_counterfactuals/adult_tensorflow_i133_2023-03-12.csv",
 "PREFERENCES_RANKING": [
  0,
  4,
  2,
  3,
  5,
  1
 ],
 "K_NEIGHBORS_FEASIB": 3,
 "K_NEIGHBORS_DISCRIMINATIVE": 9,
 "QUERY_INSTANCE": {
  "age": {
   "133": 41
  },
  "education.num": {
   "133": 15
  },
  "capital.gain": {
   "133": 0
  },
  "capital.loss": {
   "133": 0
  },
  "hours.per.week": {
   "133": 50
  },
  "workclass": {
   "133": "Private"
  },
  "marital.status": {
   "133": "Married-civ-spouse"
  },
  "occupation": {
   "133": "Adm-clerical"
  },
  "race": {
   "133": "White"
  },
  "sex": {
   "133": "Male"
  },
  "native.country": {
   "133": "?"
  }
 },
 "ENSEMBLE_INIT_ELAPSED_TIME": 7.841000080108643,
 "ENSEMBLE_GENERATION_ELAPSED_TIME": 101.17499923706055,
 "ORIGINAL_X_CLASS": ">50K",
 "PARETO_METRICS": [
  "Proximity",
  "K_Feasibility(3)",
  "DiscriminativePower(9)"
 ],
 "PARETO_FRONTIERS_ALL": 14
}