{
 "dataset": "adult",
 "all_cfs_count": 78,
 "valid_cfs_count": 59,
 "valid_actionable_cfs_count": 56,
 "execution_times": {
  "dice": 2.836002826690674,
  "cfec": 2.450000286102295,
  "wachter": 26.61399817466736,
  "cem": 5.298998594284058,
  "cfproto": 28.939000129699707,
  "growing-spheres": 0.6080152988433838,
  "actionable-recourse": 11.48598575592041,
  "face": 27.68299913406372
 },
 "explainers": {
  "cadex": {
   "all_cfs_count": 8,
   "valid_cfs_count": 8,
   "valid_actionable_cfs_count": 8,
   "pareto_frontier_count": 1
  },
  "cem": {
   "all_cfs_count": 1,
   "valid_cfs_count": 0,
   "valid_actionable_cfs_count": 0,
   "pareto_frontier_count": 0
  },
  "cfproto": {
   "all_cfs_count": 3,
   "valid_cfs_count": 3,
   "valid_actionable_cfs_count": 0,
   "pareto_frontier_count": 0
  },
  "dice": {
   "all_cfs_count": 20,
   "valid_cfs_count": 20,
   "valid_actionable_cfs_count": 20,
   "pareto_frontier_count": 0
  },
  "face": {
   "all_cfs_count": 10,
   "valid_cfs_count": 10,
   "valid_actionable_cfs_count": 10,
   "pareto_frontier_count": 1
  },
  "fimap": {
   "all_cfs_count": 6,
   "valid_cfs_count": 5,
   "valid_actionable_cfs_count": 5,
   "pareto_frontier_count": 0
  },
  "growing-spheres": {
   "all_cfs_count": 20,
   "valid_cfs_count": 13,
   "valid_actionable_cfs_count": 13,
   "pareto_frontier_count": 0
  },
  "wachter": {
   "all_cfs_count": 10,
   "valid_cfs_count": 0,
   "valid_actionable_cfs_count": 0,
   "pareto_frontier_count": 4
  }
 },
 "DATASET_NAME": "adult",
 "INDEX_TO_EXPLAIN": 104,
 "TRAIN_DATASET_PATH": "data/adult_train.csv",
 "TEST_DATASET_PATH": "data/adult_test.csv",
 "CONSTRAINTS_PATH": "data/adult_constraints.json",
 "MODEL_PATH": "models/adult_NN/",
 "EXPLAINED_MODEL_BACKEND": "tensorflow",
 "SAVE_PATH_SCORES": "experiments/2023-03-12/scores/adult_tensorflow_i104_2023-03-12.csv",
 "SAVE_PATH_VALID_SCORES": "experiments/2023-03-12/valid_scores/adult_tensorflow_i104_2023-03-12.csv",
 "SAVE_PATH_STATS": "experiments/2023-03-12/stats/adult_tensorflow_i104_2023-03-12.json",
 "SAVE_PATH_COUNTERFACTUALS": "experiments/2023-03-12/counterfactuals/adult_tensorflow_i104_2023-03-12.csv",
 "SAVE_PATH_VALID_COUNTERFACTUALS": "experiments/2023-03-12/valid_counterfactuals/adult_tensorflow_i104_2023-03-12.csv",
 "PREFERENCES_RANKING": [
  0,
  4,
  2,
  3,
  5,
  1
 ],
 "K_NEIGHBORS_FEASIB": 3,
 "K_NEIGHBORS_DISCRIMINATIVE": 9,
 "QUERY_INSTANCE": {
  "age": {
   "104": 54
  },
  "education.num": {
   "104": 10
  },
  "capital.gain": {
   "104": 0
  },
  "capital.loss": {
   "104": 1977
  },
  "hours.per.week": {
   "104": 40
  },
  "workclass": {
   "104": "Self-emp-inc"
  },
  "marital.status": {
   "104": "Married-civ-spouse"
  },
  "occupation": {
   "104": "Sales"
  },
  "race": {
   "104": "White"
  },
  "sex": {
   "104": "Male"
  },
  "native.country": {
   "104": "United-States"
  }
 },
 "ENSEMBLE_INIT_ELAPSED_TIME": 7.398999929428101,
 "ENSEMBLE_GENERATION_ELAPSED_TIME": 109.64199781417847,
 "ORIGINAL_X_CLASS": ">50K",
 "PARETO_METRICS": [
  "Proximity",
  "K_Feasibility(3)",
  "DiscriminativePower(9)"
 ],
 "PARETO_FRONTIERS_ALL": 6
}