{
 "dataset": "adult",
 "all_cfs_count": 79,
 "valid_cfs_count": 69,
 "valid_actionable_cfs_count": 63,
 "execution_times": {
  "dice": 3.033001184463501,
  "cfec": 1.4149978160858154,
  "wachter": 23.391000270843506,
  "cem": 5.2030017375946045,
  "cfproto": 29.276998043060303,
  "growing-spheres": 0.5990002155303955,
  "actionable-recourse": 10.96399974822998,
  "face": 27.49899959564209
 },
 "explainers": {
  "actionable-recourse": {
   "all_cfs_count": 1,
   "valid_cfs_count": 0,
   "valid_actionable_cfs_count": 0,
   "pareto_frontier_count": 0
  },
  "cadex": {
   "all_cfs_count": 5,
   "valid_cfs_count": 5,
   "valid_actionable_cfs_count": 5,
   "pareto_frontier_count": 4
  },
  "cem": {
   "all_cfs_count": 1,
   "valid_cfs_count": 0,
   "valid_actionable_cfs_count": 0,
   "pareto_frontier_count": 0
  },
  "cfproto": {
   "all_cfs_count": 6,
   "valid_cfs_count": 6,
   "valid_actionable_cfs_count": 0,
   "pareto_frontier_count": 0
  },
  "dice": {
   "all_cfs_count": 20,
   "valid_cfs_count": 20,
   "valid_actionable_cfs_count": 20,
   "pareto_frontier_count": 0
  },
  "face": {
   "all_cfs_count": 10,
   "valid_cfs_count": 10,
   "valid_actionable_cfs_count": 10,
   "pareto_frontier_count": 4
  },
  "fimap": {
   "all_cfs_count": 6,
   "valid_cfs_count": 1,
   "valid_actionable_cfs_count": 1,
   "pareto_frontier_count": 0
  },
  "growing-spheres": {
   "all_cfs_count": 20,
   "valid_cfs_count": 17,
   "valid_actionable_cfs_count": 17,
   "pareto_frontier_count": 0
  },
  "wachter": {
   "all_cfs_count": 10,
   "valid_cfs_count": 10,
   "valid_actionable_cfs_count": 10,
   "pareto_frontier_count": 5
  }
 },
 "DATASET_NAME": "adult",
 "INDEX_TO_EXPLAIN": 180,
 "TRAIN_DATASET_PATH": "data/adult_train.csv",
 "TEST_DATASET_PATH": "data/adult_test.csv",
 "CONSTRAINTS_PATH": "data/adult_constraints.json",
 "MODEL_PATH": "models/adult_NN/",
 "EXPLAINED_MODEL_BACKEND": "tensorflow",
 "SAVE_PATH_SCORES": "experiments/2023-03-12/scores/adult_tensorflow_i180_2023-03-12.csv",
 "SAVE_PATH_VALID_SCORES": "experiments/2023-03-12/valid_scores/adult_tensorflow_i180_2023-03-12.csv",
 "SAVE_PATH_STATS": "experiments/2023-03-12/stats/adult_tensorflow_i180_2023-03-12.json",
 "SAVE_PATH_COUNTERFACTUALS": "experiments/2023-03-12/counterfactuals/adult_tensorflow_i180_2023-03-12.csv",
 "SAVE_PATH_VALID_COUNTERFACTUALS": "experiments/2023-03-12/valid_counterfactuals/adult_tensorflow_i180_2023-03-12.csv",
 "PREFERENCES_RANKING": [
  0,
  4,
  2,
  3,
  5,
  1
 ],
 "K_NEIGHBORS_FEASIB": 3,
 "K_NEIGHBORS_DISCRIMINATIVE": 9,
 "QUERY_INSTANCE": {
  "age": {
   "180": 41
  },
  "education.num": {
   "180": 11
  },
  "capital.gain": {
   "180": 0
  },
  "capital.loss": {
   "180": 0
  },
  "hours.per.week": {
   "180": 60
  },
  "workclass": {
   "180": "Self-emp-not-inc"
  },
  "marital.status": {
   "180": "Divorced"
  },
  "occupation": {
   "180": "Sales"
  },
  "race": {
   "180": "White"
  },
  "sex": {
   "180": "Male"
  },
  "native.country": {
   "180": "United-States"
  }
 },
 "ENSEMBLE_INIT_ELAPSED_TIME": 7.402023077011108,
 "ENSEMBLE_GENERATION_ELAPSED_TIME": 105.05397725105286,
 "ORIGINAL_X_CLASS": "<=50K",
 "PARETO_METRICS": [
  "Proximity",
  "K_Feasibility(3)",
  "DiscriminativePower(9)"
 ],
 "PARETO_FRONTIERS_ALL": 13
}