{
 "dataset": "adult",
 "all_cfs_count": 79,
 "valid_cfs_count": 66,
 "valid_actionable_cfs_count": 62,
 "execution_times": {
  "dice": 3.2369978427886963,
  "cfec": 3.194016933441162,
  "wachter": 36.86998462677002,
  "cem": 4.977999210357666,
  "cfproto": 28.205002307891846,
  "growing-spheres": 1.009000539779663,
  "actionable-recourse": 10.642999410629272,
  "face": 28.453999519348145
 },
 "explainers": {
  "cadex": {
   "all_cfs_count": 8,
   "valid_cfs_count": 8,
   "valid_actionable_cfs_count": 8,
   "pareto_frontier_count": 0
  },
  "cem": {
   "all_cfs_count": 1,
   "valid_cfs_count": 1,
   "valid_actionable_cfs_count": 1,
   "pareto_frontier_count": 0
  },
  "cfproto": {
   "all_cfs_count": 4,
   "valid_cfs_count": 4,
   "valid_actionable_cfs_count": 0,
   "pareto_frontier_count": 0
  },
  "dice": {
   "all_cfs_count": 20,
   "valid_cfs_count": 20,
   "valid_actionable_cfs_count": 20,
   "pareto_frontier_count": 0
  },
  "face": {
   "all_cfs_count": 10,
   "valid_cfs_count": 8,
   "valid_actionable_cfs_count": 8,
   "pareto_frontier_count": 4
  },
  "fimap": {
   "all_cfs_count": 6,
   "valid_cfs_count": 4,
   "valid_actionable_cfs_count": 4,
   "pareto_frontier_count": 0
  },
  "growing-spheres": {
   "all_cfs_count": 20,
   "valid_cfs_count": 19,
   "valid_actionable_cfs_count": 19,
   "pareto_frontier_count": 0
  },
  "wachter": {
   "all_cfs_count": 10,
   "valid_cfs_count": 2,
   "valid_actionable_cfs_count": 2,
   "pareto_frontier_count": 2
  }
 },
 "DATASET_NAME": "adult",
 "INDEX_TO_EXPLAIN": 18,
 "TRAIN_DATASET_PATH": "data/adult_train.csv",
 "TEST_DATASET_PATH": "data/adult_test.csv",
 "CONSTRAINTS_PATH": "data/adult_constraints.json",
 "MODEL_PATH": "models/adult_NN/",
 "EXPLAINED_MODEL_BACKEND": "tensorflow",
 "SAVE_PATH_SCORES": "experiments/2023-03-12/scores/adult_tensorflow_i18_2023-03-12.csv",
 "SAVE_PATH_VALID_SCORES": "experiments/2023-03-12/valid_scores/adult_tensorflow_i18_2023-03-12.csv",
 "SAVE_PATH_STATS": "experiments/2023-03-12/stats/adult_tensorflow_i18_2023-03-12.json",
 "SAVE_PATH_COUNTERFACTUALS": "experiments/2023-03-12/counterfactuals/adult_tensorflow_i18_2023-03-12.csv",
 "SAVE_PATH_VALID_COUNTERFACTUALS": "experiments/2023-03-12/valid_counterfactuals/adult_tensorflow_i18_2023-03-12.csv",
 "PREFERENCES_RANKING": [
  0,
  4,
  2,
  3,
  5,
  1
 ],
 "K_NEIGHBORS_FEASIB": 3,
 "K_NEIGHBORS_DISCRIMINATIVE": 9,
 "QUERY_INSTANCE": {
  "age": {
   "18": 45
  },
  "education.num": {
   "18": 9
  },
  "capital.gain": {
   "18": 0
  },
  "capital.loss": {
   "18": 0
  },
  "hours.per.week": {
   "18": 40
  },
  "workclass": {
   "18": "Private"
  },
  "marital.status": {
   "18": "Divorced"
  },
  "occupation": {
   "18": "Other-service"
  },
  "race": {
   "18": "White"
  },
  "sex": {
   "18": "Female"
  },
  "native.country": {
   "18": "United-States"
  }
 },
 "ENSEMBLE_INIT_ELAPSED_TIME": 6.488996505737305,
 "ENSEMBLE_GENERATION_ELAPSED_TIME": 119.64299964904785,
 "ORIGINAL_X_CLASS": "<=50K",
 "PARETO_METRICS": [
  "Proximity",
  "K_Feasibility(3)",
  "DiscriminativePower(9)"
 ],
 "PARETO_FRONTIERS_ALL": 6
}