{
 "dataset": "adult",
 "all_cfs_count": 75,
 "valid_cfs_count": 49,
 "valid_actionable_cfs_count": 46,
 "execution_times": {
  "dice": 3.710000514984131,
  "cfec": 1.7360005378723145,
  "wachter": 18.71599841117859,
  "cem": 5.007003307342529,
  "cfproto": 28.12099814414978,
  "growing-spheres": 0.6050064563751221,
  "actionable-recourse": 10.136994123458862,
  "face": 26.98100209236145
 },
 "explainers": {
  "cadex": {
   "all_cfs_count": 5,
   "valid_cfs_count": 5,
   "valid_actionable_cfs_count": 5,
   "pareto_frontier_count": 1
  },
  "cem": {
   "all_cfs_count": 1,
   "valid_cfs_count": 0,
   "valid_actionable_cfs_count": 0,
   "pareto_frontier_count": 1
  },
  "cfproto": {
   "all_cfs_count": 3,
   "valid_cfs_count": 3,
   "valid_actionable_cfs_count": 0,
   "pareto_frontier_count": 0
  },
  "dice": {
   "all_cfs_count": 20,
   "valid_cfs_count": 20,
   "valid_actionable_cfs_count": 20,
   "pareto_frontier_count": 0
  },
  "face": {
   "all_cfs_count": 10,
   "valid_cfs_count": 10,
   "valid_actionable_cfs_count": 10,
   "pareto_frontier_count": 2
  },
  "fimap": {
   "all_cfs_count": 6,
   "valid_cfs_count": 5,
   "valid_actionable_cfs_count": 5,
   "pareto_frontier_count": 0
  },
  "growing-spheres": {
   "all_cfs_count": 20,
   "valid_cfs_count": 6,
   "valid_actionable_cfs_count": 6,
   "pareto_frontier_count": 0
  },
  "wachter": {
   "all_cfs_count": 10,
   "valid_cfs_count": 0,
   "valid_actionable_cfs_count": 0,
   "pareto_frontier_count": 3
  }
 },
 "DATASET_NAME": "adult",
 "INDEX_TO_EXPLAIN": 107,
 "TRAIN_DATASET_PATH": "data/adult_train.csv",
 "TEST_DATASET_PATH": "data/adult_test.csv",
 "CONSTRAINTS_PATH": "data/adult_constraints.json",
 "MODEL_PATH": "models/adult_NN/",
 "EXPLAINED_MODEL_BACKEND": "tensorflow",
 "SAVE_PATH_SCORES": "experiments/2023-03-12/scores/adult_tensorflow_i107_2023-03-12.csv",
 "SAVE_PATH_VALID_SCORES": "experiments/2023-03-12/valid_scores/adult_tensorflow_i107_2023-03-12.csv",
 "SAVE_PATH_STATS": "experiments/2023-03-12/stats/adult_tensorflow_i107_2023-03-12.json",
 "SAVE_PATH_COUNTERFACTUALS": "experiments/2023-03-12/counterfactuals/adult_tensorflow_i107_2023-03-12.csv",
 "SAVE_PATH_VALID_COUNTERFACTUALS": "experiments/2023-03-12/valid_counterfactuals/adult_tensorflow_i107_2023-03-12.csv",
 "PREFERENCES_RANKING": [
  0,
  4,
  2,
  3,
  5,
  1
 ],
 "K_NEIGHBORS_FEASIB": 3,
 "K_NEIGHBORS_DISCRIMINATIVE": 9,
 "QUERY_INSTANCE": {
  "age": {
   "107": 51
  },
  "education.num": {
   "107": 14
  },
  "capital.gain": {
   "107": 0
  },
  "capital.loss": {
   "107": 0
  },
  "hours.per.week": {
   "107": 42
  },
  "workclass": {
   "107": "Self-emp-not-inc"
  },
  "marital.status": {
   "107": "Married-civ-spouse"
  },
  "occupation": {
   "107": "Exec-managerial"
  },
  "race": {
   "107": "White"
  },
  "sex": {
   "107": "Male"
  },
  "native.country": {
   "107": "United-States"
  }
 },
 "ENSEMBLE_INIT_ELAPSED_TIME": 5.994006872177124,
 "ENSEMBLE_GENERATION_ELAPSED_TIME": 98.18699526786804,
 "ORIGINAL_X_CLASS": ">50K",
 "PARETO_METRICS": [
  "Proximity",
  "K_Feasibility(3)",
  "DiscriminativePower(9)"
 ],
 "PARETO_FRONTIERS_ALL": 7
}