{
 "dataset": "adult",
 "all_cfs_count": 57,
 "valid_cfs_count": 53,
 "valid_actionable_cfs_count": 43,
 "execution_times": {
  "dice": 3.6729989051818848,
  "cfec": 42.96900010108948,
  "wachter": 7.504994630813599,
  "cem": 4.694000720977783,
  "cfproto": 28.893999814987183,
  "growing-spheres": 1.1770005226135254,
  "actionable-recourse": 15.194999933242798,
  "face": 29.06299877166748
 },
 "explainers": {
  "cem": {
   "all_cfs_count": 1,
   "valid_cfs_count": 1,
   "valid_actionable_cfs_count": 1,
   "pareto_frontier_count": 1
  },
  "dice": {
   "all_cfs_count": 20,
   "valid_cfs_count": 20,
   "valid_actionable_cfs_count": 20,
   "pareto_frontier_count": 1
  },
  "face": {
   "all_cfs_count": 10,
   "valid_cfs_count": 10,
   "valid_actionable_cfs_count": 0,
   "pareto_frontier_count": 4
  },
  "fimap": {
   "all_cfs_count": 6,
   "valid_cfs_count": 2,
   "valid_actionable_cfs_count": 2,
   "pareto_frontier_count": 2
  },
  "growing-spheres": {
   "all_cfs_count": 20,
   "valid_cfs_count": 20,
   "valid_actionable_cfs_count": 20,
   "pareto_frontier_count": 0
  }
 },
 "DATASET_NAME": "adult",
 "INDEX_TO_EXPLAIN": 172,
 "TRAIN_DATASET_PATH": "data/adult_train.csv",
 "TEST_DATASET_PATH": "data/adult_test.csv",
 "CONSTRAINTS_PATH": "data/adult_constraints.json",
 "MODEL_PATH": "models/adult_NN/",
 "EXPLAINED_MODEL_BACKEND": "tensorflow",
 "SAVE_PATH_SCORES": "experiments/2023-03-12/scores/adult_tensorflow_i172_2023-03-12.csv",
 "SAVE_PATH_VALID_SCORES": "experiments/2023-03-12/valid_scores/adult_tensorflow_i172_2023-03-12.csv",
 "SAVE_PATH_STATS": "experiments/2023-03-12/stats/adult_tensorflow_i172_2023-03-12.json",
 "SAVE_PATH_COUNTERFACTUALS": "experiments/2023-03-12/counterfactuals/adult_tensorflow_i172_2023-03-12.csv",
 "SAVE_PATH_VALID_COUNTERFACTUALS": "experiments/2023-03-12/valid_counterfactuals/adult_tensorflow_i172_2023-03-12.csv",
 "PREFERENCES_RANKING": [
  0,
  4,
  2,
  3,
  5,
  1
 ],
 "K_NEIGHBORS_FEASIB": 3,
 "K_NEIGHBORS_DISCRIMINATIVE": 9,
 "QUERY_INSTANCE": {
  "age": {
   "172": 30
  },
  "education.num": {
   "172": 9
  },
  "capital.gain": {
   "172": 0
  },
  "capital.loss": {
   "172": 0
  },
  "hours.per.week": {
   "172": 40
  },
  "workclass": {
   "172": "Private"
  },
  "marital.status": {
   "172": "Never-married"
  },
  "occupation": {
   "172": "Priv-house-serv"
  },
  "race": {
   "172": "White"
  },
  "sex": {
   "172": "Female"
  },
  "native.country": {
   "172": "Guatemala"
  }
 },
 "ENSEMBLE_INIT_ELAPSED_TIME": 8.117001056671143,
 "ENSEMBLE_GENERATION_ELAPSED_TIME": 136.87399911880493,
 "ORIGINAL_X_CLASS": "<=50K",
 "PARETO_METRICS": [
  "Proximity",
  "K_Feasibility(3)",
  "DiscriminativePower(9)"
 ],
 "PARETO_FRONTIERS_ALL": 8
}