{
 "dataset": "adult",
 "all_cfs_count": 83,
 "valid_cfs_count": 68,
 "valid_actionable_cfs_count": 60,
 "execution_times": {
  "dice": 3.3420002460479736,
  "cfec": 1.9500019550323486,
  "wachter": 29.921997547149658,
  "cem": 4.93001651763916,
  "cfproto": 27.542982816696167,
  "growing-spheres": 0.557999849319458,
  "actionable-recourse": 9.254001140594482,
  "face": 27.122999906539917
 },
 "explainers": {
  "cadex": {
   "all_cfs_count": 7,
   "valid_cfs_count": 7,
   "valid_actionable_cfs_count": 7,
   "pareto_frontier_count": 1
  },
  "cem": {
   "all_cfs_count": 1,
   "valid_cfs_count": 0,
   "valid_actionable_cfs_count": 0,
   "pareto_frontier_count": 0
  },
  "cfproto": {
   "all_cfs_count": 9,
   "valid_cfs_count": 9,
   "valid_actionable_cfs_count": 1,
   "pareto_frontier_count": 0
  },
  "dice": {
   "all_cfs_count": 20,
   "valid_cfs_count": 20,
   "valid_actionable_cfs_count": 20,
   "pareto_frontier_count": 2
  },
  "face": {
   "all_cfs_count": 10,
   "valid_cfs_count": 10,
   "valid_actionable_cfs_count": 10,
   "pareto_frontier_count": 6
  },
  "fimap": {
   "all_cfs_count": 6,
   "valid_cfs_count": 3,
   "valid_actionable_cfs_count": 3,
   "pareto_frontier_count": 0
  },
  "growing-spheres": {
   "all_cfs_count": 20,
   "valid_cfs_count": 10,
   "valid_actionable_cfs_count": 10,
   "pareto_frontier_count": 0
  },
  "wachter": {
   "all_cfs_count": 10,
   "valid_cfs_count": 9,
   "valid_actionable_cfs_count": 9,
   "pareto_frontier_count": 0
  }
 },
 "DATASET_NAME": "adult",
 "INDEX_TO_EXPLAIN": 139,
 "TRAIN_DATASET_PATH": "data/adult_train.csv",
 "TEST_DATASET_PATH": "data/adult_test.csv",
 "CONSTRAINTS_PATH": "data/adult_constraints.json",
 "MODEL_PATH": "models/adult_NN/",
 "EXPLAINED_MODEL_BACKEND": "tensorflow",
 "SAVE_PATH_SCORES": "experiments/2023-03-12/scores/adult_tensorflow_i139_2023-03-12.csv",
 "SAVE_PATH_VALID_SCORES": "experiments/2023-03-12/valid_scores/adult_tensorflow_i139_2023-03-12.csv",
 "SAVE_PATH_STATS": "experiments/2023-03-12/stats/adult_tensorflow_i139_2023-03-12.json",
 "SAVE_PATH_COUNTERFACTUALS": "experiments/2023-03-12/counterfactuals/adult_tensorflow_i139_2023-03-12.csv",
 "SAVE_PATH_VALID_COUNTERFACTUALS": "experiments/2023-03-12/valid_counterfactuals/adult_tensorflow_i139_2023-03-12.csv",
 "PREFERENCES_RANKING": [
  0,
  4,
  2,
  3,
  5,
  1
 ],
 "K_NEIGHBORS_FEASIB": 3,
 "K_NEIGHBORS_DISCRIMINATIVE": 9,
 "QUERY_INSTANCE": {
  "age": {
   "139": 28
  },
  "education.num": {
   "139": 13
  },
  "capital.gain": {
   "139": 10520
  },
  "capital.loss": {
   "139": 0
  },
  "hours.per.week": {
   "139": 60
  },
  "workclass": {
   "139": "Private"
  },
  "marital.status": {
   "139": "Never-married"
  },
  "occupation": {
   "139": "Adm-clerical"
  },
  "race": {
   "139": "White"
  },
  "sex": {
   "139": "Male"
  },
  "native.country": {
   "139": "United-States"
  }
 },
 "ENSEMBLE_INIT_ELAPSED_TIME": 6.505000114440918,
 "ENSEMBLE_GENERATION_ELAPSED_TIME": 107.63200163841248,
 "ORIGINAL_X_CLASS": ">50K",
 "PARETO_METRICS": [
  "Proximity",
  "K_Feasibility(3)",
  "DiscriminativePower(9)"
 ],
 "PARETO_FRONTIERS_ALL": 9
}