{
 "dataset": "adult",
 "all_cfs_count": 83,
 "valid_cfs_count": 58,
 "valid_actionable_cfs_count": 50,
 "execution_times": {
  "dice": 2.8489904403686523,
  "cfec": 2.464000701904297,
  "wachter": 28.52899932861328,
  "cem": 4.763001441955566,
  "cfproto": 28.727999210357666,
  "growing-spheres": 0.6520020961761475,
  "actionable-recourse": 11.441998481750488,
  "face": 28.14800190925598
 },
 "explainers": {
  "cadex": {
   "all_cfs_count": 8,
   "valid_cfs_count": 8,
   "valid_actionable_cfs_count": 8,
   "pareto_frontier_count": 2
  },
  "cem": {
   "all_cfs_count": 1,
   "valid_cfs_count": 0,
   "valid_actionable_cfs_count": 0,
   "pareto_frontier_count": 0
  },
  "cfproto": {
   "all_cfs_count": 8,
   "valid_cfs_count": 8,
   "valid_actionable_cfs_count": 0,
   "pareto_frontier_count": 0
  },
  "dice": {
   "all_cfs_count": 20,
   "valid_cfs_count": 20,
   "valid_actionable_cfs_count": 20,
   "pareto_frontier_count": 0
  },
  "face": {
   "all_cfs_count": 10,
   "valid_cfs_count": 10,
   "valid_actionable_cfs_count": 10,
   "pareto_frontier_count": 1
  },
  "fimap": {
   "all_cfs_count": 6,
   "valid_cfs_count": 6,
   "valid_actionable_cfs_count": 6,
   "pareto_frontier_count": 0
  },
  "growing-spheres": {
   "all_cfs_count": 20,
   "valid_cfs_count": 6,
   "valid_actionable_cfs_count": 6,
   "pareto_frontier_count": 1
  },
  "wachter": {
   "all_cfs_count": 10,
   "valid_cfs_count": 0,
   "valid_actionable_cfs_count": 0,
   "pareto_frontier_count": 3
  }
 },
 "DATASET_NAME": "adult",
 "INDEX_TO_EXPLAIN": 174,
 "TRAIN_DATASET_PATH": "data/adult_train.csv",
 "TEST_DATASET_PATH": "data/adult_test.csv",
 "CONSTRAINTS_PATH": "data/adult_constraints.json",
 "MODEL_PATH": "models/adult_NN/",
 "EXPLAINED_MODEL_BACKEND": "tensorflow",
 "SAVE_PATH_SCORES": "experiments/2023-03-12/scores/adult_tensorflow_i174_2023-03-12.csv",
 "SAVE_PATH_VALID_SCORES": "experiments/2023-03-12/valid_scores/adult_tensorflow_i174_2023-03-12.csv",
 "SAVE_PATH_STATS": "experiments/2023-03-12/stats/adult_tensorflow_i174_2023-03-12.json",
 "SAVE_PATH_COUNTERFACTUALS": "experiments/2023-03-12/counterfactuals/adult_tensorflow_i174_2023-03-12.csv",
 "SAVE_PATH_VALID_COUNTERFACTUALS": "experiments/2023-03-12/valid_counterfactuals/adult_tensorflow_i174_2023-03-12.csv",
 "PREFERENCES_RANKING": [
  0,
  4,
  2,
  3,
  5,
  1
 ],
 "K_NEIGHBORS_FEASIB": 3,
 "K_NEIGHBORS_DISCRIMINATIVE": 9,
 "QUERY_INSTANCE": {
  "age": {
   "174": 47
  },
  "education.num": {
   "174": 11
  },
  "capital.gain": {
   "174": 0
  },
  "capital.loss": {
   "174": 0
  },
  "hours.per.week": {
   "174": 35
  },
  "workclass": {
   "174": "Federal-gov"
  },
  "marital.status": {
   "174": "Married-civ-spouse"
  },
  "occupation": {
   "174": "Adm-clerical"
  },
  "race": {
   "174": "White"
  },
  "sex": {
   "174": "Female"
  },
  "native.country": {
   "174": "United-States"
  }
 },
 "ENSEMBLE_INIT_ELAPSED_TIME": 7.2740020751953125,
 "ENSEMBLE_GENERATION_ELAPSED_TIME": 111.37500143051147,
 "ORIGINAL_X_CLASS": "<=50K",
 "PARETO_METRICS": [
  "Proximity",
  "K_Feasibility(3)",
  "DiscriminativePower(9)"
 ],
 "PARETO_FRONTIERS_ALL": 7
}