{
 "dataset": "adult",
 "all_cfs_count": 78,
 "valid_cfs_count": 52,
 "valid_actionable_cfs_count": 49,
 "execution_times": {
  "dice": 2.928999185562134,
  "cfec": 2.3160011768341064,
  "wachter": 29.25800061225891,
  "cem": 5.102998733520508,
  "cfproto": 28.01900053024292,
  "growing-spheres": 0.6229987144470215,
  "actionable-recourse": 10.18200135231018,
  "face": 28.189998865127563
 },
 "explainers": {
  "cadex": {
   "all_cfs_count": 8,
   "valid_cfs_count": 8,
   "valid_actionable_cfs_count": 8,
   "pareto_frontier_count": 1
  },
  "cem": {
   "all_cfs_count": 1,
   "valid_cfs_count": 0,
   "valid_actionable_cfs_count": 0,
   "pareto_frontier_count": 0
  },
  "cfproto": {
   "all_cfs_count": 3,
   "valid_cfs_count": 3,
   "valid_actionable_cfs_count": 0,
   "pareto_frontier_count": 0
  },
  "dice": {
   "all_cfs_count": 20,
   "valid_cfs_count": 20,
   "valid_actionable_cfs_count": 20,
   "pareto_frontier_count": 0
  },
  "face": {
   "all_cfs_count": 10,
   "valid_cfs_count": 10,
   "valid_actionable_cfs_count": 10,
   "pareto_frontier_count": 1
  },
  "fimap": {
   "all_cfs_count": 6,
   "valid_cfs_count": 5,
   "valid_actionable_cfs_count": 5,
   "pareto_frontier_count": 0
  },
  "growing-spheres": {
   "all_cfs_count": 20,
   "valid_cfs_count": 6,
   "valid_actionable_cfs_count": 6,
   "pareto_frontier_count": 1
  },
  "wachter": {
   "all_cfs_count": 10,
   "valid_cfs_count": 0,
   "valid_actionable_cfs_count": 0,
   "pareto_frontier_count": 1
  }
 },
 "DATASET_NAME": "adult",
 "INDEX_TO_EXPLAIN": 17,
 "TRAIN_DATASET_PATH": "data/adult_train.csv",
 "TEST_DATASET_PATH": "data/adult_test.csv",
 "CONSTRAINTS_PATH": "data/adult_constraints.json",
 "MODEL_PATH": "models/adult_NN/",
 "EXPLAINED_MODEL_BACKEND": "tensorflow",
 "SAVE_PATH_SCORES": "experiments/2023-03-12/scores/adult_tensorflow_i17_2023-03-12.csv",
 "SAVE_PATH_VALID_SCORES": "experiments/2023-03-12/valid_scores/adult_tensorflow_i17_2023-03-12.csv",
 "SAVE_PATH_STATS": "experiments/2023-03-12/stats/adult_tensorflow_i17_2023-03-12.json",
 "SAVE_PATH_COUNTERFACTUALS": "experiments/2023-03-12/counterfactuals/adult_tensorflow_i17_2023-03-12.csv",
 "SAVE_PATH_VALID_COUNTERFACTUALS": "experiments/2023-03-12/valid_counterfactuals/adult_tensorflow_i17_2023-03-12.csv",
 "PREFERENCES_RANKING": [
  0,
  4,
  2,
  3,
  5,
  1
 ],
 "K_NEIGHBORS_FEASIB": 3,
 "K_NEIGHBORS_DISCRIMINATIVE": 9,
 "QUERY_INSTANCE": {
  "age": {
   "17": 57
  },
  "education.num": {
   "17": 15
  },
  "capital.gain": {
   "17": 0
  },
  "capital.loss": {
   "17": 0
  },
  "hours.per.week": {
   "17": 35
  },
  "workclass": {
   "17": "Self-emp-inc"
  },
  "marital.status": {
   "17": "Married-civ-spouse"
  },
  "occupation": {
   "17": "Prof-specialty"
  },
  "race": {
   "17": "White"
  },
  "sex": {
   "17": "Male"
  },
  "native.country": {
   "17": "United-States"
  }
 },
 "ENSEMBLE_INIT_ELAPSED_TIME": 6.055012941360474,
 "ENSEMBLE_GENERATION_ELAPSED_TIME": 110.13999104499817,
 "ORIGINAL_X_CLASS": ">50K",
 "PARETO_METRICS": [
  "Proximity",
  "K_Feasibility(3)",
  "DiscriminativePower(9)"
 ],
 "PARETO_FRONTIERS_ALL": 4
}