{
 "dataset": "adult",
 "all_cfs_count": 82,
 "valid_cfs_count": 67,
 "valid_actionable_cfs_count": 58,
 "execution_times": {
  "dice": 3.350999593734741,
  "cfec": 1.6940009593963623,
  "wachter": 27.728999376296997,
  "cem": 4.926003694534302,
  "cfproto": 28.05299711227417,
  "growing-spheres": 0.5909998416900635,
  "actionable-recourse": 11.347000360488892,
  "face": 26.76499915122986
 },
 "explainers": {
  "cadex": {
   "all_cfs_count": 6,
   "valid_cfs_count": 6,
   "valid_actionable_cfs_count": 6,
   "pareto_frontier_count": 1
  },
  "cem": {
   "all_cfs_count": 1,
   "valid_cfs_count": 0,
   "valid_actionable_cfs_count": 0,
   "pareto_frontier_count": 0
  },
  "cfproto": {
   "all_cfs_count": 9,
   "valid_cfs_count": 9,
   "valid_actionable_cfs_count": 0,
   "pareto_frontier_count": 0
  },
  "dice": {
   "all_cfs_count": 20,
   "valid_cfs_count": 20,
   "valid_actionable_cfs_count": 20,
   "pareto_frontier_count": 2
  },
  "face": {
   "all_cfs_count": 10,
   "valid_cfs_count": 10,
   "valid_actionable_cfs_count": 10,
   "pareto_frontier_count": 1
  },
  "fimap": {
   "all_cfs_count": 6,
   "valid_cfs_count": 6,
   "valid_actionable_cfs_count": 6,
   "pareto_frontier_count": 0
  },
  "growing-spheres": {
   "all_cfs_count": 20,
   "valid_cfs_count": 15,
   "valid_actionable_cfs_count": 15,
   "pareto_frontier_count": 0
  },
  "wachter": {
   "all_cfs_count": 10,
   "valid_cfs_count": 1,
   "valid_actionable_cfs_count": 1,
   "pareto_frontier_count": 3
  }
 },
 "DATASET_NAME": "adult",
 "INDEX_TO_EXPLAIN": 187,
 "TRAIN_DATASET_PATH": "data/adult_train.csv",
 "TEST_DATASET_PATH": "data/adult_test.csv",
 "CONSTRAINTS_PATH": "data/adult_constraints.json",
 "MODEL_PATH": "models/adult_NN/",
 "EXPLAINED_MODEL_BACKEND": "tensorflow",
 "SAVE_PATH_SCORES": "experiments/2023-03-12/scores/adult_tensorflow_i187_2023-03-12.csv",
 "SAVE_PATH_VALID_SCORES": "experiments/2023-03-12/valid_scores/adult_tensorflow_i187_2023-03-12.csv",
 "SAVE_PATH_STATS": "experiments/2023-03-12/stats/adult_tensorflow_i187_2023-03-12.json",
 "SAVE_PATH_COUNTERFACTUALS": "experiments/2023-03-12/counterfactuals/adult_tensorflow_i187_2023-03-12.csv",
 "SAVE_PATH_VALID_COUNTERFACTUALS": "experiments/2023-03-12/valid_counterfactuals/adult_tensorflow_i187_2023-03-12.csv",
 "PREFERENCES_RANKING": [
  0,
  4,
  2,
  3,
  5,
  1
 ],
 "K_NEIGHBORS_FEASIB": 3,
 "K_NEIGHBORS_DISCRIMINATIVE": 9,
 "QUERY_INSTANCE": {
  "age": {
   "187": 48
  },
  "education.num": {
   "187": 10
  },
  "capital.gain": {
   "187": 0
  },
  "capital.loss": {
   "187": 0
  },
  "hours.per.week": {
   "187": 40
  },
  "workclass": {
   "187": "Private"
  },
  "marital.status": {
   "187": "Married-civ-spouse"
  },
  "occupation": {
   "187": "Prof-specialty"
  },
  "race": {
   "187": "White"
  },
  "sex": {
   "187": "Male"
  },
  "native.country": {
   "187": "United-States"
  }
 },
 "ENSEMBLE_INIT_ELAPSED_TIME": 6.419001340866089,
 "ENSEMBLE_GENERATION_ELAPSED_TIME": 107.95800065994263,
 "ORIGINAL_X_CLASS": "<=50K",
 "PARETO_METRICS": [
  "Proximity",
  "K_Feasibility(3)",
  "DiscriminativePower(9)"
 ],
 "PARETO_FRONTIERS_ALL": 7
}