{
 "dataset": "adult",
 "all_cfs_count": 73,
 "valid_cfs_count": 69,
 "valid_actionable_cfs_count": 53,
 "execution_times": {
  "dice": 2.816999673843384,
  "cfec": 3.3550026416778564,
  "wachter": 8.023998260498047,
  "cem": 4.843999624252319,
  "cfproto": 26.676000118255615,
  "growing-spheres": 0.9029748439788818,
  "actionable-recourse": 9.229000329971313,
  "face": 24.516000509262085
 },
 "explainers": {
  "cadex": {
   "all_cfs_count": 8,
   "valid_cfs_count": 8,
   "valid_actionable_cfs_count": 8,
   "pareto_frontier_count": 1
  },
  "cem": {
   "all_cfs_count": 1,
   "valid_cfs_count": 1,
   "valid_actionable_cfs_count": 1,
   "pareto_frontier_count": 1
  },
  "cfproto": {
   "all_cfs_count": 8,
   "valid_cfs_count": 7,
   "valid_actionable_cfs_count": 0,
   "pareto_frontier_count": 0
  },
  "dice": {
   "all_cfs_count": 20,
   "valid_cfs_count": 20,
   "valid_actionable_cfs_count": 20,
   "pareto_frontier_count": 2
  },
  "face": {
   "all_cfs_count": 10,
   "valid_cfs_count": 9,
   "valid_actionable_cfs_count": 0,
   "pareto_frontier_count": 4
  },
  "fimap": {
   "all_cfs_count": 6,
   "valid_cfs_count": 4,
   "valid_actionable_cfs_count": 4,
   "pareto_frontier_count": 4
  },
  "growing-spheres": {
   "all_cfs_count": 20,
   "valid_cfs_count": 20,
   "valid_actionable_cfs_count": 20,
   "pareto_frontier_count": 0
  }
 },
 "DATASET_NAME": "adult",
 "INDEX_TO_EXPLAIN": 129,
 "TRAIN_DATASET_PATH": "data/adult_train.csv",
 "TEST_DATASET_PATH": "data/adult_test.csv",
 "CONSTRAINTS_PATH": "data/adult_constraints.json",
 "MODEL_PATH": "models/adult_NN/",
 "EXPLAINED_MODEL_BACKEND": "tensorflow",
 "SAVE_PATH_SCORES": "experiments/2023-03-12/scores/adult_tensorflow_i129_2023-03-12.csv",
 "SAVE_PATH_VALID_SCORES": "experiments/2023-03-12/valid_scores/adult_tensorflow_i129_2023-03-12.csv",
 "SAVE_PATH_STATS": "experiments/2023-03-12/stats/adult_tensorflow_i129_2023-03-12.json",
 "SAVE_PATH_COUNTERFACTUALS": "experiments/2023-03-12/counterfactuals/adult_tensorflow_i129_2023-03-12.csv",
 "SAVE_PATH_VALID_COUNTERFACTUALS": "experiments/2023-03-12/valid_counterfactuals/adult_tensorflow_i129_2023-03-12.csv",
 "PREFERENCES_RANKING": [
  0,
  4,
  2,
  3,
  5,
  1
 ],
 "K_NEIGHBORS_FEASIB": 3,
 "K_NEIGHBORS_DISCRIMINATIVE": 9,
 "QUERY_INSTANCE": {
  "age": {
   "129": 40
  },
  "education.num": {
   "129": 13
  },
  "capital.gain": {
   "129": 0
  },
  "capital.loss": {
   "129": 0
  },
  "hours.per.week": {
   "129": 45
  },
  "workclass": {
   "129": "Private"
  },
  "marital.status": {
   "129": "Married-spouse-absent"
  },
  "occupation": {
   "129": "Transport-moving"
  },
  "race": {
   "129": "Other"
  },
  "sex": {
   "129": "Male"
  },
  "native.country": {
   "129": "?"
  }
 },
 "ENSEMBLE_INIT_ELAPSED_TIME": 6.314000606536865,
 "ENSEMBLE_GENERATION_ELAPSED_TIME": 83.20000123977661,
 "ORIGINAL_X_CLASS": "<=50K",
 "PARETO_METRICS": [
  "Proximity",
  "K_Feasibility(3)",
  "DiscriminativePower(9)"
 ],
 "PARETO_FRONTIERS_ALL": 12
}