{
 "dataset": "adult",
 "all_cfs_count": 78,
 "valid_cfs_count": 67,
 "valid_actionable_cfs_count": 63,
 "execution_times": {
  "dice": 3.0370006561279297,
  "cfec": 1.8200006484985352,
  "wachter": 30.891999006271362,
  "cem": 5.424999475479126,
  "cfproto": 28.637999534606934,
  "growing-spheres": 0.6350007057189941,
  "actionable-recourse": 9.494000434875488,
  "face": 27.0749990940094
 },
 "explainers": {
  "cadex": {
   "all_cfs_count": 7,
   "valid_cfs_count": 7,
   "valid_actionable_cfs_count": 7,
   "pareto_frontier_count": 1
  },
  "cem": {
   "all_cfs_count": 1,
   "valid_cfs_count": 0,
   "valid_actionable_cfs_count": 0,
   "pareto_frontier_count": 1
  },
  "cfproto": {
   "all_cfs_count": 4,
   "valid_cfs_count": 4,
   "valid_actionable_cfs_count": 0,
   "pareto_frontier_count": 0
  },
  "dice": {
   "all_cfs_count": 20,
   "valid_cfs_count": 20,
   "valid_actionable_cfs_count": 20,
   "pareto_frontier_count": 0
  },
  "face": {
   "all_cfs_count": 10,
   "valid_cfs_count": 10,
   "valid_actionable_cfs_count": 10,
   "pareto_frontier_count": 2
  },
  "fimap": {
   "all_cfs_count": 6,
   "valid_cfs_count": 5,
   "valid_actionable_cfs_count": 5,
   "pareto_frontier_count": 1
  },
  "growing-spheres": {
   "all_cfs_count": 20,
   "valid_cfs_count": 11,
   "valid_actionable_cfs_count": 11,
   "pareto_frontier_count": 0
  },
  "wachter": {
   "all_cfs_count": 10,
   "valid_cfs_count": 10,
   "valid_actionable_cfs_count": 10,
   "pareto_frontier_count": 0
  }
 },
 "DATASET_NAME": "adult",
 "INDEX_TO_EXPLAIN": 179,
 "TRAIN_DATASET_PATH": "data/adult_train.csv",
 "TEST_DATASET_PATH": "data/adult_test.csv",
 "CONSTRAINTS_PATH": "data/adult_constraints.json",
 "MODEL_PATH": "models/adult_NN/",
 "EXPLAINED_MODEL_BACKEND": "tensorflow",
 "SAVE_PATH_SCORES": "experiments/2023-03-12/scores/adult_tensorflow_i179_2023-03-12.csv",
 "SAVE_PATH_VALID_SCORES": "experiments/2023-03-12/valid_scores/adult_tensorflow_i179_2023-03-12.csv",
 "SAVE_PATH_STATS": "experiments/2023-03-12/stats/adult_tensorflow_i179_2023-03-12.json",
 "SAVE_PATH_COUNTERFACTUALS": "experiments/2023-03-12/counterfactuals/adult_tensorflow_i179_2023-03-12.csv",
 "SAVE_PATH_VALID_COUNTERFACTUALS": "experiments/2023-03-12/valid_counterfactuals/adult_tensorflow_i179_2023-03-12.csv",
 "PREFERENCES_RANKING": [
  0,
  4,
  2,
  3,
  5,
  1
 ],
 "K_NEIGHBORS_FEASIB": 3,
 "K_NEIGHBORS_DISCRIMINATIVE": 9,
 "QUERY_INSTANCE": {
  "age": {
   "179": 33
  },
  "education.num": {
   "179": 16
  },
  "capital.gain": {
   "179": 0
  },
  "capital.loss": {
   "179": 0
  },
  "hours.per.week": {
   "179": 50
  },
  "workclass": {
   "179": "State-gov"
  },
  "marital.status": {
   "179": "Married-civ-spouse"
  },
  "occupation": {
   "179": "Prof-specialty"
  },
  "race": {
   "179": "White"
  },
  "sex": {
   "179": "Male"
  },
  "native.country": {
   "179": "United-States"
  }
 },
 "ENSEMBLE_INIT_ELAPSED_TIME": 5.873000144958496,
 "ENSEMBLE_GENERATION_ELAPSED_TIME": 111.2950005531311,
 "ORIGINAL_X_CLASS": ">50K",
 "PARETO_METRICS": [
  "Proximity",
  "K_Feasibility(3)",
  "DiscriminativePower(9)"
 ],
 "PARETO_FRONTIERS_ALL": 5
}