{
 "dataset": "adult",
 "all_cfs_count": 81,
 "valid_cfs_count": 74,
 "valid_actionable_cfs_count": 62,
 "execution_times": {
  "dice": 3.159998655319214,
  "cfec": 4.437000036239624,
  "wachter": 16.946000576019287,
  "cem": 5.096999883651733,
  "cfproto": 27.25299882888794,
  "growing-spheres": 1.096001148223877,
  "actionable-recourse": 10.18000078201294,
  "face": 28.178998708724976
 },
 "explainers": {
  "cadex": {
   "all_cfs_count": 8,
   "valid_cfs_count": 8,
   "valid_actionable_cfs_count": 8,
   "pareto_frontier_count": 1
  },
  "cem": {
   "all_cfs_count": 1,
   "valid_cfs_count": 1,
   "valid_actionable_cfs_count": 1,
   "pareto_frontier_count": 0
  },
  "cfproto": {
   "all_cfs_count": 6,
   "valid_cfs_count": 6,
   "valid_actionable_cfs_count": 1,
   "pareto_frontier_count": 1
  },
  "dice": {
   "all_cfs_count": 20,
   "valid_cfs_count": 20,
   "valid_actionable_cfs_count": 20,
   "pareto_frontier_count": 1
  },
  "face": {
   "all_cfs_count": 10,
   "valid_cfs_count": 7,
   "valid_actionable_cfs_count": 0,
   "pareto_frontier_count": 5
  },
  "fimap": {
   "all_cfs_count": 6,
   "valid_cfs_count": 4,
   "valid_actionable_cfs_count": 4,
   "pareto_frontier_count": 1
  },
  "growing-spheres": {
   "all_cfs_count": 20,
   "valid_cfs_count": 19,
   "valid_actionable_cfs_count": 19,
   "pareto_frontier_count": 0
  },
  "wachter": {
   "all_cfs_count": 10,
   "valid_cfs_count": 9,
   "valid_actionable_cfs_count": 9,
   "pareto_frontier_count": 0
  }
 },
 "DATASET_NAME": "adult",
 "INDEX_TO_EXPLAIN": 120,
 "TRAIN_DATASET_PATH": "data/adult_train.csv",
 "TEST_DATASET_PATH": "data/adult_test.csv",
 "CONSTRAINTS_PATH": "data/adult_constraints.json",
 "MODEL_PATH": "models/adult_NN/",
 "EXPLAINED_MODEL_BACKEND": "tensorflow",
 "SAVE_PATH_SCORES": "experiments/2023-03-12/scores/adult_tensorflow_i120_2023-03-12.csv",
 "SAVE_PATH_VALID_SCORES": "experiments/2023-03-12/valid_scores/adult_tensorflow_i120_2023-03-12.csv",
 "SAVE_PATH_STATS": "experiments/2023-03-12/stats/adult_tensorflow_i120_2023-03-12.json",
 "SAVE_PATH_COUNTERFACTUALS": "experiments/2023-03-12/counterfactuals/adult_tensorflow_i120_2023-03-12.csv",
 "SAVE_PATH_VALID_COUNTERFACTUALS": "experiments/2023-03-12/valid_counterfactuals/adult_tensorflow_i120_2023-03-12.csv",
 "PREFERENCES_RANKING": [
  0,
  4,
  2,
  3,
  5,
  1
 ],
 "K_NEIGHBORS_FEASIB": 3,
 "K_NEIGHBORS_DISCRIMINATIVE": 9,
 "QUERY_INSTANCE": {
  "age": {
   "120": 28
  },
  "education.num": {
   "120": 5
  },
  "capital.gain": {
   "120": 0
  },
  "capital.loss": {
   "120": 0
  },
  "hours.per.week": {
   "120": 40
  },
  "workclass": {
   "120": "Private"
  },
  "marital.status": {
   "120": "Never-married"
  },
  "occupation": {
   "120": "Machine-op-inspct"
  },
  "race": {
   "120": "Other"
  },
  "sex": {
   "120": "Male"
  },
  "native.country": {
   "120": "Mexico"
  }
 },
 "ENSEMBLE_INIT_ELAPSED_TIME": 6.382999897003174,
 "ENSEMBLE_GENERATION_ELAPSED_TIME": 99.4990005493164,
 "ORIGINAL_X_CLASS": "<=50K",
 "PARETO_METRICS": [
  "Proximity",
  "K_Feasibility(3)",
  "DiscriminativePower(9)"
 ],
 "PARETO_FRONTIERS_ALL": 9
}