{
 "dataset": "adult",
 "all_cfs_count": 85,
 "valid_cfs_count": 81,
 "valid_actionable_cfs_count": 71,
 "execution_times": {
  "dice": 3.3819985389709473,
  "cfec": 2.6210012435913086,
  "wachter": 23.260000944137573,
  "cem": 5.029999494552612,
  "cfproto": 27.797998905181885,
  "growing-spheres": 1.0180003643035889,
  "actionable-recourse": 9.508998155593872,
  "face": 25.072000741958618
 },
 "explainers": {
  "cadex": {
   "all_cfs_count": 8,
   "valid_cfs_count": 8,
   "valid_actionable_cfs_count": 8,
   "pareto_frontier_count": 2
  },
  "cem": {
   "all_cfs_count": 1,
   "valid_cfs_count": 1,
   "valid_actionable_cfs_count": 1,
   "pareto_frontier_count": 0
  },
  "cfproto": {
   "all_cfs_count": 10,
   "valid_cfs_count": 10,
   "valid_actionable_cfs_count": 0,
   "pareto_frontier_count": 0
  },
  "dice": {
   "all_cfs_count": 20,
   "valid_cfs_count": 20,
   "valid_actionable_cfs_count": 20,
   "pareto_frontier_count": 0
  },
  "face": {
   "all_cfs_count": 10,
   "valid_cfs_count": 10,
   "valid_actionable_cfs_count": 10,
   "pareto_frontier_count": 1
  },
  "fimap": {
   "all_cfs_count": 6,
   "valid_cfs_count": 6,
   "valid_actionable_cfs_count": 6,
   "pareto_frontier_count": 0
  },
  "growing-spheres": {
   "all_cfs_count": 20,
   "valid_cfs_count": 20,
   "valid_actionable_cfs_count": 20,
   "pareto_frontier_count": 0
  },
  "wachter": {
   "all_cfs_count": 10,
   "valid_cfs_count": 6,
   "valid_actionable_cfs_count": 6,
   "pareto_frontier_count": 5
  }
 },
 "DATASET_NAME": "adult",
 "INDEX_TO_EXPLAIN": 116,
 "TRAIN_DATASET_PATH": "data/adult_train.csv",
 "TEST_DATASET_PATH": "data/adult_test.csv",
 "CONSTRAINTS_PATH": "data/adult_constraints.json",
 "MODEL_PATH": "models/adult_NN/",
 "EXPLAINED_MODEL_BACKEND": "tensorflow",
 "SAVE_PATH_SCORES": "experiments/2023-03-12/scores/adult_tensorflow_i116_2023-03-12.csv",
 "SAVE_PATH_VALID_SCORES": "experiments/2023-03-12/valid_scores/adult_tensorflow_i116_2023-03-12.csv",
 "SAVE_PATH_STATS": "experiments/2023-03-12/stats/adult_tensorflow_i116_2023-03-12.json",
 "SAVE_PATH_COUNTERFACTUALS": "experiments/2023-03-12/counterfactuals/adult_tensorflow_i116_2023-03-12.csv",
 "SAVE_PATH_VALID_COUNTERFACTUALS": "experiments/2023-03-12/valid_counterfactuals/adult_tensorflow_i116_2023-03-12.csv",
 "PREFERENCES_RANKING": [
  0,
  4,
  2,
  3,
  5,
  1
 ],
 "K_NEIGHBORS_FEASIB": 3,
 "K_NEIGHBORS_DISCRIMINATIVE": 9,
 "QUERY_INSTANCE": {
  "age": {
   "116": 60
  },
  "education.num": {
   "116": 3
  },
  "capital.gain": {
   "116": 0
  },
  "capital.loss": {
   "116": 0
  },
  "hours.per.week": {
   "116": 30
  },
  "workclass": {
   "116": "?"
  },
  "marital.status": {
   "116": "Married-civ-spouse"
  },
  "occupation": {
   "116": "?"
  },
  "race": {
   "116": "White"
  },
  "sex": {
   "116": "Male"
  },
  "native.country": {
   "116": "United-States"
  }
 },
 "ENSEMBLE_INIT_ELAPSED_TIME": 8.897000074386597,
 "ENSEMBLE_GENERATION_ELAPSED_TIME": 100.78600144386292,
 "ORIGINAL_X_CLASS": ">50K",
 "PARETO_METRICS": [
  "Proximity",
  "K_Feasibility(3)",
  "DiscriminativePower(9)"
 ],
 "PARETO_FRONTIERS_ALL": 8
}