{
 "dataset": "adult",
 "all_cfs_count": 82,
 "valid_cfs_count": 67,
 "valid_actionable_cfs_count": 61,
 "execution_times": {
  "dice": 2.9629993438720703,
  "cfec": 1.7319998741149902,
  "wachter": 15.181001901626587,
  "cem": 5.2519989013671875,
  "cfproto": 29.072999477386475,
  "growing-spheres": 0.6380023956298828,
  "actionable-recourse": 9.853000164031982,
  "face": 28.657997608184814
 },
 "explainers": {
  "cadex": {
   "all_cfs_count": 5,
   "valid_cfs_count": 5,
   "valid_actionable_cfs_count": 5,
   "pareto_frontier_count": 2
  },
  "cem": {
   "all_cfs_count": 1,
   "valid_cfs_count": 1,
   "valid_actionable_cfs_count": 1,
   "pareto_frontier_count": 0
  },
  "cfproto": {
   "all_cfs_count": 10,
   "valid_cfs_count": 10,
   "valid_actionable_cfs_count": 5,
   "pareto_frontier_count": 0
  },
  "dice": {
   "all_cfs_count": 20,
   "valid_cfs_count": 20,
   "valid_actionable_cfs_count": 20,
   "pareto_frontier_count": 0
  },
  "face": {
   "all_cfs_count": 10,
   "valid_cfs_count": 10,
   "valid_actionable_cfs_count": 9,
   "pareto_frontier_count": 1
  },
  "fimap": {
   "all_cfs_count": 6,
   "valid_cfs_count": 6,
   "valid_actionable_cfs_count": 6,
   "pareto_frontier_count": 1
  },
  "growing-spheres": {
   "all_cfs_count": 20,
   "valid_cfs_count": 12,
   "valid_actionable_cfs_count": 12,
   "pareto_frontier_count": 2
  },
  "wachter": {
   "all_cfs_count": 10,
   "valid_cfs_count": 3,
   "valid_actionable_cfs_count": 3,
   "pareto_frontier_count": 0
  }
 },
 "DATASET_NAME": "adult",
 "INDEX_TO_EXPLAIN": 103,
 "TRAIN_DATASET_PATH": "data/adult_train.csv",
 "TEST_DATASET_PATH": "data/adult_test.csv",
 "CONSTRAINTS_PATH": "data/adult_constraints.json",
 "MODEL_PATH": "models/adult_NN/",
 "EXPLAINED_MODEL_BACKEND": "tensorflow",
 "SAVE_PATH_SCORES": "experiments/2023-03-12/scores/adult_tensorflow_i103_2023-03-12.csv",
 "SAVE_PATH_VALID_SCORES": "experiments/2023-03-12/valid_scores/adult_tensorflow_i103_2023-03-12.csv",
 "SAVE_PATH_STATS": "experiments/2023-03-12/stats/adult_tensorflow_i103_2023-03-12.json",
 "SAVE_PATH_COUNTERFACTUALS": "experiments/2023-03-12/counterfactuals/adult_tensorflow_i103_2023-03-12.csv",
 "SAVE_PATH_VALID_COUNTERFACTUALS": "experiments/2023-03-12/valid_counterfactuals/adult_tensorflow_i103_2023-03-12.csv",
 "PREFERENCES_RANKING": [
  0,
  4,
  2,
  3,
  5,
  1
 ],
 "K_NEIGHBORS_FEASIB": 3,
 "K_NEIGHBORS_DISCRIMINATIVE": 9,
 "QUERY_INSTANCE": {
  "age": {
   "103": 47
  },
  "education.num": {
   "103": 10
  },
  "capital.gain": {
   "103": 0
  },
  "capital.loss": {
   "103": 0
  },
  "hours.per.week": {
   "103": 40
  },
  "workclass": {
   "103": "Federal-gov"
  },
  "marital.status": {
   "103": "Married-civ-spouse"
  },
  "occupation": {
   "103": "Adm-clerical"
  },
  "race": {
   "103": "Black"
  },
  "sex": {
   "103": "Male"
  },
  "native.country": {
   "103": "United-States"
  }
 },
 "ENSEMBLE_INIT_ELAPSED_TIME": 7.349000692367554,
 "ENSEMBLE_GENERATION_ELAPSED_TIME": 97.0849986076355,
 "ORIGINAL_X_CLASS": ">50K",
 "PARETO_METRICS": [
  "Proximity",
  "K_Feasibility(3)",
  "DiscriminativePower(9)"
 ],
 "PARETO_FRONTIERS_ALL": 6
}