{
 "dataset": "adult",
 "all_cfs_count": 82,
 "valid_cfs_count": 79,
 "valid_actionable_cfs_count": 71,
 "execution_times": {
  "dice": 3.151998996734619,
  "cfec": 1.534999132156372,
  "wachter": 24.13999891281128,
  "cem": 4.859000205993652,
  "cfproto": 28.125000953674316,
  "growing-spheres": 0.596998929977417,
  "actionable-recourse": 10.091002702713013,
  "face": 28.67699646949768
 },
 "explainers": {
  "cadex": {
   "all_cfs_count": 5,
   "valid_cfs_count": 5,
   "valid_actionable_cfs_count": 5,
   "pareto_frontier_count": 1
  },
  "cem": {
   "all_cfs_count": 1,
   "valid_cfs_count": 1,
   "valid_actionable_cfs_count": 1,
   "pareto_frontier_count": 0
  },
  "cfproto": {
   "all_cfs_count": 10,
   "valid_cfs_count": 10,
   "valid_actionable_cfs_count": 2,
   "pareto_frontier_count": 1
  },
  "dice": {
   "all_cfs_count": 20,
   "valid_cfs_count": 20,
   "valid_actionable_cfs_count": 20,
   "pareto_frontier_count": 0
  },
  "face": {
   "all_cfs_count": 10,
   "valid_cfs_count": 10,
   "valid_actionable_cfs_count": 10,
   "pareto_frontier_count": 4
  },
  "fimap": {
   "all_cfs_count": 6,
   "valid_cfs_count": 5,
   "valid_actionable_cfs_count": 5,
   "pareto_frontier_count": 1
  },
  "growing-spheres": {
   "all_cfs_count": 20,
   "valid_cfs_count": 18,
   "valid_actionable_cfs_count": 18,
   "pareto_frontier_count": 0
  },
  "wachter": {
   "all_cfs_count": 10,
   "valid_cfs_count": 10,
   "valid_actionable_cfs_count": 10,
   "pareto_frontier_count": 0
  }
 },
 "DATASET_NAME": "adult",
 "INDEX_TO_EXPLAIN": 142,
 "TRAIN_DATASET_PATH": "data/adult_train.csv",
 "TEST_DATASET_PATH": "data/adult_test.csv",
 "CONSTRAINTS_PATH": "data/adult_constraints.json",
 "MODEL_PATH": "models/adult_NN/",
 "EXPLAINED_MODEL_BACKEND": "tensorflow",
 "SAVE_PATH_SCORES": "experiments/2023-03-12/scores/adult_tensorflow_i142_2023-03-12.csv",
 "SAVE_PATH_VALID_SCORES": "experiments/2023-03-12/valid_scores/adult_tensorflow_i142_2023-03-12.csv",
 "SAVE_PATH_STATS": "experiments/2023-03-12/stats/adult_tensorflow_i142_2023-03-12.json",
 "SAVE_PATH_COUNTERFACTUALS": "experiments/2023-03-12/counterfactuals/adult_tensorflow_i142_2023-03-12.csv",
 "SAVE_PATH_VALID_COUNTERFACTUALS": "experiments/2023-03-12/valid_counterfactuals/adult_tensorflow_i142_2023-03-12.csv",
 "PREFERENCES_RANKING": [
  0,
  4,
  2,
  3,
  5,
  1
 ],
 "K_NEIGHBORS_FEASIB": 3,
 "K_NEIGHBORS_DISCRIMINATIVE": 9,
 "QUERY_INSTANCE": {
  "age": {
   "142": 37
  },
  "education.num": {
   "142": 11
  },
  "capital.gain": {
   "142": 0
  },
  "capital.loss": {
   "142": 0
  },
  "hours.per.week": {
   "142": 30
  },
  "workclass": {
   "142": "Private"
  },
  "marital.status": {
   "142": "Married-civ-spouse"
  },
  "occupation": {
   "142": "Prof-specialty"
  },
  "race": {
   "142": "White"
  },
  "sex": {
   "142": "Female"
  },
  "native.country": {
   "142": "United-States"
  }
 },
 "ENSEMBLE_INIT_ELAPSED_TIME": 7.539001941680908,
 "ENSEMBLE_GENERATION_ELAPSED_TIME": 104.58299899101257,
 "ORIGINAL_X_CLASS": "<=50K",
 "PARETO_METRICS": [
  "Proximity",
  "K_Feasibility(3)",
  "DiscriminativePower(9)"
 ],
 "PARETO_FRONTIERS_ALL": 7
}