{
 "dataset": "adult",
 "all_cfs_count": 77,
 "valid_cfs_count": 50,
 "valid_actionable_cfs_count": 39,
 "execution_times": {
  "dice": 3.316999673843384,
  "cfec": 2.5299994945526123,
  "wachter": 20.422999382019043,
  "cem": 4.876000642776489,
  "cfproto": 27.32699966430664,
  "growing-spheres": 0.5600011348724365,
  "actionable-recourse": 10.22200083732605,
  "face": 28.23799729347229
 },
 "explainers": {
  "cadex": {
   "all_cfs_count": 8,
   "valid_cfs_count": 8,
   "valid_actionable_cfs_count": 8,
   "pareto_frontier_count": 4
  },
  "cem": {
   "all_cfs_count": 1,
   "valid_cfs_count": 0,
   "valid_actionable_cfs_count": 0,
   "pareto_frontier_count": 0
  },
  "cfproto": {
   "all_cfs_count": 2,
   "valid_cfs_count": 2,
   "valid_actionable_cfs_count": 0,
   "pareto_frontier_count": 0
  },
  "dice": {
   "all_cfs_count": 20,
   "valid_cfs_count": 20,
   "valid_actionable_cfs_count": 20,
   "pareto_frontier_count": 0
  },
  "face": {
   "all_cfs_count": 10,
   "valid_cfs_count": 10,
   "valid_actionable_cfs_count": 1,
   "pareto_frontier_count": 6
  },
  "fimap": {
   "all_cfs_count": 6,
   "valid_cfs_count": 6,
   "valid_actionable_cfs_count": 6,
   "pareto_frontier_count": 0
  },
  "growing-spheres": {
   "all_cfs_count": 20,
   "valid_cfs_count": 4,
   "valid_actionable_cfs_count": 4,
   "pareto_frontier_count": 0
  },
  "wachter": {
   "all_cfs_count": 10,
   "valid_cfs_count": 0,
   "valid_actionable_cfs_count": 0,
   "pareto_frontier_count": 6
  }
 },
 "DATASET_NAME": "adult",
 "INDEX_TO_EXPLAIN": 119,
 "TRAIN_DATASET_PATH": "data/adult_train.csv",
 "TEST_DATASET_PATH": "data/adult_test.csv",
 "CONSTRAINTS_PATH": "data/adult_constraints.json",
 "MODEL_PATH": "models/adult_NN/",
 "EXPLAINED_MODEL_BACKEND": "tensorflow",
 "SAVE_PATH_SCORES": "experiments/2023-03-12/scores/adult_tensorflow_i119_2023-03-12.csv",
 "SAVE_PATH_VALID_SCORES": "experiments/2023-03-12/valid_scores/adult_tensorflow_i119_2023-03-12.csv",
 "SAVE_PATH_STATS": "experiments/2023-03-12/stats/adult_tensorflow_i119_2023-03-12.json",
 "SAVE_PATH_COUNTERFACTUALS": "experiments/2023-03-12/counterfactuals/adult_tensorflow_i119_2023-03-12.csv",
 "SAVE_PATH_VALID_COUNTERFACTUALS": "experiments/2023-03-12/valid_counterfactuals/adult_tensorflow_i119_2023-03-12.csv",
 "PREFERENCES_RANKING": [
  0,
  4,
  2,
  3,
  5,
  1
 ],
 "K_NEIGHBORS_FEASIB": 3,
 "K_NEIGHBORS_DISCRIMINATIVE": 9,
 "QUERY_INSTANCE": {
  "age": {
   "119": 43
  },
  "education.num": {
   "119": 10
  },
  "capital.gain": {
   "119": 7298
  },
  "capital.loss": {
   "119": 0
  },
  "hours.per.week": {
   "119": 50
  },
  "workclass": {
   "119": "Self-emp-not-inc"
  },
  "marital.status": {
   "119": "Married-civ-spouse"
  },
  "occupation": {
   "119": "Sales"
  },
  "race": {
   "119": "White"
  },
  "sex": {
   "119": "Male"
  },
  "native.country": {
   "119": "Mexico"
  }
 },
 "ENSEMBLE_INIT_ELAPSED_TIME": 6.496999502182007,
 "ENSEMBLE_GENERATION_ELAPSED_TIME": 100.45699977874756,
 "ORIGINAL_X_CLASS": ">50K",
 "PARETO_METRICS": [
  "Proximity",
  "K_Feasibility(3)",
  "DiscriminativePower(9)"
 ],
 "PARETO_FRONTIERS_ALL": 16
}