{
 "dataset": "adult",
 "all_cfs_count": 85,
 "valid_cfs_count": 63,
 "valid_actionable_cfs_count": 53,
 "execution_times": {
  "dice": 3.2639997005462646,
  "cfec": 3.547001600265503,
  "wachter": 20.579999923706055,
  "cem": 4.925005197525024,
  "cfproto": 27.50399398803711,
  "growing-spheres": 0.586000919342041,
  "actionable-recourse": 1.012998342514038,
  "face": 27.078000783920288
 },
 "explainers": {
  "cadex": {
   "all_cfs_count": 8,
   "valid_cfs_count": 8,
   "valid_actionable_cfs_count": 8,
   "pareto_frontier_count": 2
  },
  "cem": {
   "all_cfs_count": 1,
   "valid_cfs_count": 0,
   "valid_actionable_cfs_count": 0,
   "pareto_frontier_count": 1
  },
  "cfproto": {
   "all_cfs_count": 10,
   "valid_cfs_count": 10,
   "valid_actionable_cfs_count": 0,
   "pareto_frontier_count": 0
  },
  "dice": {
   "all_cfs_count": 20,
   "valid_cfs_count": 20,
   "valid_actionable_cfs_count": 20,
   "pareto_frontier_count": 0
  },
  "face": {
   "all_cfs_count": 10,
   "valid_cfs_count": 10,
   "valid_actionable_cfs_count": 10,
   "pareto_frontier_count": 4
  },
  "fimap": {
   "all_cfs_count": 6,
   "valid_cfs_count": 3,
   "valid_actionable_cfs_count": 3,
   "pareto_frontier_count": 0
  },
  "growing-spheres": {
   "all_cfs_count": 20,
   "valid_cfs_count": 3,
   "valid_actionable_cfs_count": 3,
   "pareto_frontier_count": 1
  },
  "wachter": {
   "all_cfs_count": 10,
   "valid_cfs_count": 9,
   "valid_actionable_cfs_count": 9,
   "pareto_frontier_count": 1
  }
 },
 "DATASET_NAME": "adult",
 "INDEX_TO_EXPLAIN": 171,
 "TRAIN_DATASET_PATH": "data/adult_train.csv",
 "TEST_DATASET_PATH": "data/adult_test.csv",
 "CONSTRAINTS_PATH": "data/adult_constraints.json",
 "MODEL_PATH": "models/adult_NN/",
 "EXPLAINED_MODEL_BACKEND": "tensorflow",
 "SAVE_PATH_SCORES": "experiments/2023-03-12/scores/adult_tensorflow_i171_2023-03-12.csv",
 "SAVE_PATH_VALID_SCORES": "experiments/2023-03-12/valid_scores/adult_tensorflow_i171_2023-03-12.csv",
 "SAVE_PATH_STATS": "experiments/2023-03-12/stats/adult_tensorflow_i171_2023-03-12.json",
 "SAVE_PATH_COUNTERFACTUALS": "experiments/2023-03-12/counterfactuals/adult_tensorflow_i171_2023-03-12.csv",
 "SAVE_PATH_VALID_COUNTERFACTUALS": "experiments/2023-03-12/valid_counterfactuals/adult_tensorflow_i171_2023-03-12.csv",
 "PREFERENCES_RANKING": [
  0,
  4,
  2,
  3,
  5,
  1
 ],
 "K_NEIGHBORS_FEASIB": 3,
 "K_NEIGHBORS_DISCRIMINATIVE": 9,
 "QUERY_INSTANCE": {
  "age": {
   "171": 46
  },
  "education.num": {
   "171": 15
  },
  "capital.gain": {
   "171": 0
  },
  "capital.loss": {
   "171": 2415
  },
  "hours.per.week": {
   "171": 80
  },
  "workclass": {
   "171": "Self-emp-not-inc"
  },
  "marital.status": {
   "171": "Married-civ-spouse"
  },
  "occupation": {
   "171": "Prof-specialty"
  },
  "race": {
   "171": "White"
  },
  "sex": {
   "171": "Male"
  },
  "native.country": {
   "171": "United-States"
  }
 },
 "ENSEMBLE_INIT_ELAPSED_TIME": 6.456998109817505,
 "ENSEMBLE_GENERATION_ELAPSED_TIME": 91.59200143814087,
 "ORIGINAL_X_CLASS": ">50K",
 "PARETO_METRICS": [
  "Proximity",
  "K_Feasibility(3)",
  "DiscriminativePower(9)"
 ],
 "PARETO_FRONTIERS_ALL": 9
}