{
 "dataset": "adult",
 "all_cfs_count": 78,
 "valid_cfs_count": 52,
 "valid_actionable_cfs_count": 47,
 "execution_times": {
  "dice": 2.7570157051086426,
  "cfec": 2.572446584701538,
  "wachter": 18.909486770629883,
  "cem": 4.985088348388672,
  "cfproto": 28.057684898376465,
  "growing-spheres": 0.6051275730133057,
  "actionable-recourse": 8.898505687713623,
  "face": 27.599282264709473
 },
 "explainers": {
  "cadex": {
   "all_cfs_count": 8,
   "valid_cfs_count": 8,
   "valid_actionable_cfs_count": 8,
   "pareto_frontier_count": 1
  },
  "cem": {
   "all_cfs_count": 1,
   "valid_cfs_count": 0,
   "valid_actionable_cfs_count": 0,
   "pareto_frontier_count": 1
  },
  "cfproto": {
   "all_cfs_count": 3,
   "valid_cfs_count": 3,
   "valid_actionable_cfs_count": 0,
   "pareto_frontier_count": 0
  },
  "dice": {
   "all_cfs_count": 20,
   "valid_cfs_count": 20,
   "valid_actionable_cfs_count": 20,
   "pareto_frontier_count": 0
  },
  "face": {
   "all_cfs_count": 10,
   "valid_cfs_count": 10,
   "valid_actionable_cfs_count": 8,
   "pareto_frontier_count": 5
  },
  "fimap": {
   "all_cfs_count": 6,
   "valid_cfs_count": 4,
   "valid_actionable_cfs_count": 4,
   "pareto_frontier_count": 4
  },
  "growing-spheres": {
   "all_cfs_count": 20,
   "valid_cfs_count": 7,
   "valid_actionable_cfs_count": 7,
   "pareto_frontier_count": 1
  },
  "wachter": {
   "all_cfs_count": 10,
   "valid_cfs_count": 0,
   "valid_actionable_cfs_count": 0,
   "pareto_frontier_count": 0
  }
 },
 "DATASET_NAME": "adult",
 "INDEX_TO_EXPLAIN": 0,
 "TRAIN_DATASET_PATH": "data/adult_train.csv",
 "TEST_DATASET_PATH": "data/adult_test.csv",
 "CONSTRAINTS_PATH": "data/adult_constraints.json",
 "MODEL_PATH": "models/adult_NN/",
 "EXPLAINED_MODEL_BACKEND": "tensorflow",
 "SAVE_PATH_SCORES": "experiments/2023-03-12/scores/adult_tensorflow_i0_2023-03-12.csv",
 "SAVE_PATH_VALID_SCORES": "experiments/2023-03-12/valid_scores/adult_tensorflow_i0_2023-03-12.csv",
 "SAVE_PATH_STATS": "experiments/2023-03-12/stats/adult_tensorflow_i0_2023-03-12.json",
 "SAVE_PATH_COUNTERFACTUALS": "experiments/2023-03-12/counterfactuals/adult_tensorflow_i0_2023-03-12.csv",
 "SAVE_PATH_VALID_COUNTERFACTUALS": "experiments/2023-03-12/valid_counterfactuals/adult_tensorflow_i0_2023-03-12.csv",
 "PREFERENCES_RANKING": [
  0,
  4,
  2,
  3,
  5,
  1
 ],
 "K_NEIGHBORS_FEASIB": 3,
 "K_NEIGHBORS_DISCRIMINATIVE": 9,
 "QUERY_INSTANCE": {
  "age": {
   "0": 49
  },
  "education.num": {
   "0": 16
  },
  "capital.gain": {
   "0": 0
  },
  "capital.loss": {
   "0": 0
  },
  "hours.per.week": {
   "0": 60
  },
  "workclass": {
   "0": "Self-emp-inc"
  },
  "marital.status": {
   "0": "Married-civ-spouse"
  },
  "occupation": {
   "0": "Prof-specialty"
  },
  "race": {
   "0": "Black"
  },
  "sex": {
   "0": "Male"
  },
  "native.country": {
   "0": "United-States"
  }
 },
 "ENSEMBLE_INIT_ELAPSED_TIME": 6.218568801879883,
 "ENSEMBLE_GENERATION_ELAPSED_TIME": 97.504891872406,
 "ORIGINAL_X_CLASS": ">50K",
 "PARETO_METRICS": [
  "Proximity",
  "K_Feasibility(3)",
  "DiscriminativePower(9)"
 ],
 "PARETO_FRONTIERS_ALL": 12
}