{
 "dataset": "adult",
 "all_cfs_count": 73,
 "valid_cfs_count": 69,
 "valid_actionable_cfs_count": 54,
 "execution_times": {
  "dice": 3.504000186920166,
  "cfec": 3.7669990062713623,
  "wachter": 13.309998989105225,
  "cem": 4.955000877380371,
  "cfproto": 28.68100333213806,
  "growing-spheres": 1.229001522064209,
  "actionable-recourse": 10.585001707077026,
  "face": 27.510996341705322
 },
 "explainers": {
  "cadex": {
   "all_cfs_count": 8,
   "valid_cfs_count": 8,
   "valid_actionable_cfs_count": 8,
   "pareto_frontier_count": 2
  },
  "cem": {
   "all_cfs_count": 1,
   "valid_cfs_count": 1,
   "valid_actionable_cfs_count": 1,
   "pareto_frontier_count": 0
  },
  "cfproto": {
   "all_cfs_count": 8,
   "valid_cfs_count": 8,
   "valid_actionable_cfs_count": 1,
   "pareto_frontier_count": 0
  },
  "dice": {
   "all_cfs_count": 20,
   "valid_cfs_count": 20,
   "valid_actionable_cfs_count": 20,
   "pareto_frontier_count": 0
  },
  "face": {
   "all_cfs_count": 10,
   "valid_cfs_count": 9,
   "valid_actionable_cfs_count": 1,
   "pareto_frontier_count": 5
  },
  "fimap": {
   "all_cfs_count": 6,
   "valid_cfs_count": 3,
   "valid_actionable_cfs_count": 3,
   "pareto_frontier_count": 2
  },
  "growing-spheres": {
   "all_cfs_count": 20,
   "valid_cfs_count": 20,
   "valid_actionable_cfs_count": 20,
   "pareto_frontier_count": 0
  }
 },
 "DATASET_NAME": "adult",
 "INDEX_TO_EXPLAIN": 106,
 "TRAIN_DATASET_PATH": "data/adult_train.csv",
 "TEST_DATASET_PATH": "data/adult_test.csv",
 "CONSTRAINTS_PATH": "data/adult_constraints.json",
 "MODEL_PATH": "models/adult_NN/",
 "EXPLAINED_MODEL_BACKEND": "tensorflow",
 "SAVE_PATH_SCORES": "experiments/2023-03-12/scores/adult_tensorflow_i106_2023-03-12.csv",
 "SAVE_PATH_VALID_SCORES": "experiments/2023-03-12/valid_scores/adult_tensorflow_i106_2023-03-12.csv",
 "SAVE_PATH_STATS": "experiments/2023-03-12/stats/adult_tensorflow_i106_2023-03-12.json",
 "SAVE_PATH_COUNTERFACTUALS": "experiments/2023-03-12/counterfactuals/adult_tensorflow_i106_2023-03-12.csv",
 "SAVE_PATH_VALID_COUNTERFACTUALS": "experiments/2023-03-12/valid_counterfactuals/adult_tensorflow_i106_2023-03-12.csv",
 "PREFERENCES_RANKING": [
  0,
  4,
  2,
  3,
  5,
  1
 ],
 "K_NEIGHBORS_FEASIB": 3,
 "K_NEIGHBORS_DISCRIMINATIVE": 9,
 "QUERY_INSTANCE": {
  "age": {
   "106": 19
  },
  "education.num": {
   "106": 9
  },
  "capital.gain": {
   "106": 0
  },
  "capital.loss": {
   "106": 0
  },
  "hours.per.week": {
   "106": 20
  },
  "workclass": {
   "106": "Private"
  },
  "marital.status": {
   "106": "Never-married"
  },
  "occupation": {
   "106": "Sales"
  },
  "race": {
   "106": "Black"
  },
  "sex": {
   "106": "Female"
  },
  "native.country": {
   "106": "United-States"
  }
 },
 "ENSEMBLE_INIT_ELAPSED_TIME": 6.426513671875,
 "ENSEMBLE_GENERATION_ELAPSED_TIME": 96.66699886322021,
 "ORIGINAL_X_CLASS": "<=50K",
 "PARETO_METRICS": [
  "Proximity",
  "K_Feasibility(3)",
  "DiscriminativePower(9)"
 ],
 "PARETO_FRONTIERS_ALL": 9
}