{
 "dataset": "adult",
 "all_cfs_count": 82,
 "valid_cfs_count": 73,
 "valid_actionable_cfs_count": 63,
 "execution_times": {
  "dice": 3.1180007457733154,
  "cfec": 1.5570008754730225,
  "wachter": 24.852992296218872,
  "cem": 5.409001111984253,
  "cfproto": 28.175998210906982,
  "growing-spheres": 0.6150016784667969,
  "actionable-recourse": 11.472997903823853,
  "face": 26.901001930236816
 },
 "explainers": {
  "cadex": {
   "all_cfs_count": 5,
   "valid_cfs_count": 5,
   "valid_actionable_cfs_count": 5,
   "pareto_frontier_count": 1
  },
  "cem": {
   "all_cfs_count": 1,
   "valid_cfs_count": 1,
   "valid_actionable_cfs_count": 1,
   "pareto_frontier_count": 0
  },
  "cfproto": {
   "all_cfs_count": 10,
   "valid_cfs_count": 10,
   "valid_actionable_cfs_count": 0,
   "pareto_frontier_count": 0
  },
  "dice": {
   "all_cfs_count": 20,
   "valid_cfs_count": 20,
   "valid_actionable_cfs_count": 20,
   "pareto_frontier_count": 0
  },
  "face": {
   "all_cfs_count": 10,
   "valid_cfs_count": 10,
   "valid_actionable_cfs_count": 10,
   "pareto_frontier_count": 4
  },
  "fimap": {
   "all_cfs_count": 6,
   "valid_cfs_count": 6,
   "valid_actionable_cfs_count": 6,
   "pareto_frontier_count": 0
  },
  "growing-spheres": {
   "all_cfs_count": 20,
   "valid_cfs_count": 14,
   "valid_actionable_cfs_count": 14,
   "pareto_frontier_count": 0
  },
  "wachter": {
   "all_cfs_count": 10,
   "valid_cfs_count": 7,
   "valid_actionable_cfs_count": 7,
   "pareto_frontier_count": 2
  }
 },
 "DATASET_NAME": "adult",
 "INDEX_TO_EXPLAIN": 15,
 "TRAIN_DATASET_PATH": "data/adult_train.csv",
 "TEST_DATASET_PATH": "data/adult_test.csv",
 "CONSTRAINTS_PATH": "data/adult_constraints.json",
 "MODEL_PATH": "models/adult_NN/",
 "EXPLAINED_MODEL_BACKEND": "tensorflow",
 "SAVE_PATH_SCORES": "experiments/2023-03-12/scores/adult_tensorflow_i15_2023-03-12.csv",
 "SAVE_PATH_VALID_SCORES": "experiments/2023-03-12/valid_scores/adult_tensorflow_i15_2023-03-12.csv",
 "SAVE_PATH_STATS": "experiments/2023-03-12/stats/adult_tensorflow_i15_2023-03-12.json",
 "SAVE_PATH_COUNTERFACTUALS": "experiments/2023-03-12/counterfactuals/adult_tensorflow_i15_2023-03-12.csv",
 "SAVE_PATH_VALID_COUNTERFACTUALS": "experiments/2023-03-12/valid_counterfactuals/adult_tensorflow_i15_2023-03-12.csv",
 "PREFERENCES_RANKING": [
  0,
  4,
  2,
  3,
  5,
  1
 ],
 "K_NEIGHBORS_FEASIB": 3,
 "K_NEIGHBORS_DISCRIMINATIVE": 9,
 "QUERY_INSTANCE": {
  "age": {
   "15": 44
  },
  "education.num": {
   "15": 9
  },
  "capital.gain": {
   "15": 0
  },
  "capital.loss": {
   "15": 0
  },
  "hours.per.week": {
   "15": 40
  },
  "workclass": {
   "15": "Federal-gov"
  },
  "marital.status": {
   "15": "Married-civ-spouse"
  },
  "occupation": {
   "15": "Craft-repair"
  },
  "race": {
   "15": "White"
  },
  "sex": {
   "15": "Male"
  },
  "native.country": {
   "15": "United-States"
  }
 },
 "ENSEMBLE_INIT_ELAPSED_TIME": 6.379999399185181,
 "ENSEMBLE_GENERATION_ELAPSED_TIME": 105.54600238800049,
 "ORIGINAL_X_CLASS": ">50K",
 "PARETO_METRICS": [
  "Proximity",
  "K_Feasibility(3)",
  "DiscriminativePower(9)"
 ],
 "PARETO_FRONTIERS_ALL": 7
}