{
 "dataset": "adult",
 "all_cfs_count": 83,
 "valid_cfs_count": 78,
 "valid_actionable_cfs_count": 71,
 "execution_times": {
  "dice": 3.297999143600464,
  "cfec": 1.5939998626708984,
  "wachter": 27.724000215530396,
  "cem": 4.8729987144470215,
  "cfproto": 27.491000652313232,
  "growing-spheres": 0.5840075016021729,
  "actionable-recourse": 9.657994985580444,
  "face": 28.00299882888794
 },
 "explainers": {
  "actionable-recourse": {
   "all_cfs_count": 1,
   "valid_cfs_count": 1,
   "valid_actionable_cfs_count": 1,
   "pareto_frontier_count": 0
  },
  "cadex": {
   "all_cfs_count": 5,
   "valid_cfs_count": 5,
   "valid_actionable_cfs_count": 5,
   "pareto_frontier_count": 1
  },
  "cem": {
   "all_cfs_count": 1,
   "valid_cfs_count": 1,
   "valid_actionable_cfs_count": 1,
   "pareto_frontier_count": 0
  },
  "cfproto": {
   "all_cfs_count": 10,
   "valid_cfs_count": 10,
   "valid_actionable_cfs_count": 3,
   "pareto_frontier_count": 0
  },
  "dice": {
   "all_cfs_count": 20,
   "valid_cfs_count": 20,
   "valid_actionable_cfs_count": 20,
   "pareto_frontier_count": 0
  },
  "face": {
   "all_cfs_count": 10,
   "valid_cfs_count": 9,
   "valid_actionable_cfs_count": 9,
   "pareto_frontier_count": 4
  },
  "fimap": {
   "all_cfs_count": 6,
   "valid_cfs_count": 5,
   "valid_actionable_cfs_count": 5,
   "pareto_frontier_count": 1
  },
  "growing-spheres": {
   "all_cfs_count": 20,
   "valid_cfs_count": 17,
   "valid_actionable_cfs_count": 17,
   "pareto_frontier_count": 0
  },
  "wachter": {
   "all_cfs_count": 10,
   "valid_cfs_count": 10,
   "valid_actionable_cfs_count": 10,
   "pareto_frontier_count": 1
  }
 },
 "DATASET_NAME": "adult",
 "INDEX_TO_EXPLAIN": 122,
 "TRAIN_DATASET_PATH": "data/adult_train.csv",
 "TEST_DATASET_PATH": "data/adult_test.csv",
 "CONSTRAINTS_PATH": "data/adult_constraints.json",
 "MODEL_PATH": "models/adult_NN/",
 "EXPLAINED_MODEL_BACKEND": "tensorflow",
 "SAVE_PATH_SCORES": "experiments/2023-03-12/scores/adult_tensorflow_i122_2023-03-12.csv",
 "SAVE_PATH_VALID_SCORES": "experiments/2023-03-12/valid_scores/adult_tensorflow_i122_2023-03-12.csv",
 "SAVE_PATH_STATS": "experiments/2023-03-12/stats/adult_tensorflow_i122_2023-03-12.json",
 "SAVE_PATH_COUNTERFACTUALS": "experiments/2023-03-12/counterfactuals/adult_tensorflow_i122_2023-03-12.csv",
 "SAVE_PATH_VALID_COUNTERFACTUALS": "experiments/2023-03-12/valid_counterfactuals/adult_tensorflow_i122_2023-03-12.csv",
 "PREFERENCES_RANKING": [
  0,
  4,
  2,
  3,
  5,
  1
 ],
 "K_NEIGHBORS_FEASIB": 3,
 "K_NEIGHBORS_DISCRIMINATIVE": 9,
 "QUERY_INSTANCE": {
  "age": {
   "122": 56
  },
  "education.num": {
   "122": 9
  },
  "capital.gain": {
   "122": 0
  },
  "capital.loss": {
   "122": 0
  },
  "hours.per.week": {
   "122": 35
  },
  "workclass": {
   "122": "Private"
  },
  "marital.status": {
   "122": "Married-civ-spouse"
  },
  "occupation": {
   "122": "Craft-repair"
  },
  "race": {
   "122": "White"
  },
  "sex": {
   "122": "Male"
  },
  "native.country": {
   "122": "United-States"
  }
 },
 "ENSEMBLE_INIT_ELAPSED_TIME": 7.596999883651733,
 "ENSEMBLE_GENERATION_ELAPSED_TIME": 106.27699947357178,
 "ORIGINAL_X_CLASS": ">50K",
 "PARETO_METRICS": [
  "Proximity",
  "K_Feasibility(3)",
  "DiscriminativePower(9)"
 ],
 "PARETO_FRONTIERS_ALL": 7
}