{
 "dataset": "adult",
 "all_cfs_count": 77,
 "valid_cfs_count": 70,
 "valid_actionable_cfs_count": 60,
 "execution_times": {
  "dice": 3.482002019882202,
  "cfec": 2.765000581741333,
  "wachter": 16.879998445510864,
  "cem": 4.972999095916748,
  "cfproto": 28.512001752853394,
  "growing-spheres": 1.117978811264038,
  "actionable-recourse": 11.252997636795044,
  "face": 27.69399857521057
 },
 "explainers": {
  "cadex": {
   "all_cfs_count": 8,
   "valid_cfs_count": 8,
   "valid_actionable_cfs_count": 8,
   "pareto_frontier_count": 0
  },
  "cem": {
   "all_cfs_count": 1,
   "valid_cfs_count": 1,
   "valid_actionable_cfs_count": 1,
   "pareto_frontier_count": 0
  },
  "cfproto": {
   "all_cfs_count": 2,
   "valid_cfs_count": 2,
   "valid_actionable_cfs_count": 0,
   "pareto_frontier_count": 0
  },
  "dice": {
   "all_cfs_count": 20,
   "valid_cfs_count": 20,
   "valid_actionable_cfs_count": 20,
   "pareto_frontier_count": 0
  },
  "face": {
   "all_cfs_count": 10,
   "valid_cfs_count": 8,
   "valid_actionable_cfs_count": 0,
   "pareto_frontier_count": 3
  },
  "fimap": {
   "all_cfs_count": 6,
   "valid_cfs_count": 6,
   "valid_actionable_cfs_count": 6,
   "pareto_frontier_count": 0
  },
  "growing-spheres": {
   "all_cfs_count": 20,
   "valid_cfs_count": 20,
   "valid_actionable_cfs_count": 20,
   "pareto_frontier_count": 0
  },
  "wachter": {
   "all_cfs_count": 10,
   "valid_cfs_count": 5,
   "valid_actionable_cfs_count": 5,
   "pareto_frontier_count": 2
  }
 },
 "DATASET_NAME": "adult",
 "INDEX_TO_EXPLAIN": 145,
 "TRAIN_DATASET_PATH": "data/adult_train.csv",
 "TEST_DATASET_PATH": "data/adult_test.csv",
 "CONSTRAINTS_PATH": "data/adult_constraints.json",
 "MODEL_PATH": "models/adult_NN/",
 "EXPLAINED_MODEL_BACKEND": "tensorflow",
 "SAVE_PATH_SCORES": "experiments/2023-03-12/scores/adult_tensorflow_i145_2023-03-12.csv",
 "SAVE_PATH_VALID_SCORES": "experiments/2023-03-12/valid_scores/adult_tensorflow_i145_2023-03-12.csv",
 "SAVE_PATH_STATS": "experiments/2023-03-12/stats/adult_tensorflow_i145_2023-03-12.json",
 "SAVE_PATH_COUNTERFACTUALS": "experiments/2023-03-12/counterfactuals/adult_tensorflow_i145_2023-03-12.csv",
 "SAVE_PATH_VALID_COUNTERFACTUALS": "experiments/2023-03-12/valid_counterfactuals/adult_tensorflow_i145_2023-03-12.csv",
 "PREFERENCES_RANKING": [
  0,
  4,
  2,
  3,
  5,
  1
 ],
 "K_NEIGHBORS_FEASIB": 3,
 "K_NEIGHBORS_DISCRIMINATIVE": 9,
 "QUERY_INSTANCE": {
  "age": {
   "145": 37
  },
  "education.num": {
   "145": 3
  },
  "capital.gain": {
   "145": 0
  },
  "capital.loss": {
   "145": 0
  },
  "hours.per.week": {
   "145": 40
  },
  "workclass": {
   "145": "Private"
  },
  "marital.status": {
   "145": "Married-civ-spouse"
  },
  "occupation": {
   "145": "Machine-op-inspct"
  },
  "race": {
   "145": "White"
  },
  "sex": {
   "145": "Male"
  },
  "native.country": {
   "145": "Mexico"
  }
 },
 "ENSEMBLE_INIT_ELAPSED_TIME": 8.037000894546509,
 "ENSEMBLE_GENERATION_ELAPSED_TIME": 99.68100237846375,
 "ORIGINAL_X_CLASS": "<=50K",
 "PARETO_METRICS": [
  "Proximity",
  "K_Feasibility(3)",
  "DiscriminativePower(9)"
 ],
 "PARETO_FRONTIERS_ALL": 5
}