{
 "dataset": "adult",
 "all_cfs_count": 78,
 "valid_cfs_count": 59,
 "valid_actionable_cfs_count": 54,
 "execution_times": {
  "dice": 3.7790000438690186,
  "cfec": 1.706000566482544,
  "wachter": 19.47901177406311,
  "cem": 4.889989614486694,
  "cfproto": 28.565998315811157,
  "growing-spheres": 0.599001407623291,
  "actionable-recourse": 10.865000009536743,
  "face": 27.79999852180481
 },
 "explainers": {
  "actionable-recourse": {
   "all_cfs_count": 1,
   "valid_cfs_count": 0,
   "valid_actionable_cfs_count": 0,
   "pareto_frontier_count": 0
  },
  "cadex": {
   "all_cfs_count": 5,
   "valid_cfs_count": 5,
   "valid_actionable_cfs_count": 5,
   "pareto_frontier_count": 1
  },
  "cem": {
   "all_cfs_count": 1,
   "valid_cfs_count": 0,
   "valid_actionable_cfs_count": 0,
   "pareto_frontier_count": 1
  },
  "cfproto": {
   "all_cfs_count": 5,
   "valid_cfs_count": 5,
   "valid_actionable_cfs_count": 0,
   "pareto_frontier_count": 0
  },
  "dice": {
   "all_cfs_count": 20,
   "valid_cfs_count": 20,
   "valid_actionable_cfs_count": 20,
   "pareto_frontier_count": 0
  },
  "face": {
   "all_cfs_count": 10,
   "valid_cfs_count": 10,
   "valid_actionable_cfs_count": 10,
   "pareto_frontier_count": 3
  },
  "fimap": {
   "all_cfs_count": 6,
   "valid_cfs_count": 4,
   "valid_actionable_cfs_count": 4,
   "pareto_frontier_count": 0
  },
  "growing-spheres": {
   "all_cfs_count": 20,
   "valid_cfs_count": 12,
   "valid_actionable_cfs_count": 12,
   "pareto_frontier_count": 0
  },
  "wachter": {
   "all_cfs_count": 10,
   "valid_cfs_count": 3,
   "valid_actionable_cfs_count": 3,
   "pareto_frontier_count": 0
  }
 },
 "DATASET_NAME": "adult",
 "INDEX_TO_EXPLAIN": 20,
 "TRAIN_DATASET_PATH": "data/adult_train.csv",
 "TEST_DATASET_PATH": "data/adult_test.csv",
 "CONSTRAINTS_PATH": "data/adult_constraints.json",
 "MODEL_PATH": "models/adult_NN/",
 "EXPLAINED_MODEL_BACKEND": "tensorflow",
 "SAVE_PATH_SCORES": "experiments/2023-03-12/scores/adult_tensorflow_i20_2023-03-12.csv",
 "SAVE_PATH_VALID_SCORES": "experiments/2023-03-12/valid_scores/adult_tensorflow_i20_2023-03-12.csv",
 "SAVE_PATH_STATS": "experiments/2023-03-12/stats/adult_tensorflow_i20_2023-03-12.json",
 "SAVE_PATH_COUNTERFACTUALS": "experiments/2023-03-12/counterfactuals/adult_tensorflow_i20_2023-03-12.csv",
 "SAVE_PATH_VALID_COUNTERFACTUALS": "experiments/2023-03-12/valid_counterfactuals/adult_tensorflow_i20_2023-03-12.csv",
 "PREFERENCES_RANKING": [
  0,
  4,
  2,
  3,
  5,
  1
 ],
 "K_NEIGHBORS_FEASIB": 3,
 "K_NEIGHBORS_DISCRIMINATIVE": 9,
 "QUERY_INSTANCE": {
  "age": {
   "20": 53
  },
  "education.num": {
   "20": 9
  },
  "capital.gain": {
   "20": 0
  },
  "capital.loss": {
   "20": 0
  },
  "hours.per.week": {
   "20": 48
  },
  "workclass": {
   "20": "Private"
  },
  "marital.status": {
   "20": "Married-civ-spouse"
  },
  "occupation": {
   "20": "Transport-moving"
  },
  "race": {
   "20": "White"
  },
  "sex": {
   "20": "Male"
  },
  "native.country": {
   "20": "United-States"
  }
 },
 "ENSEMBLE_INIT_ELAPSED_TIME": 7.625000238418579,
 "ENSEMBLE_GENERATION_ELAPSED_TIME": 101.16699719429016,
 "ORIGINAL_X_CLASS": ">50K",
 "PARETO_METRICS": [
  "Proximity",
  "K_Feasibility(3)",
  "DiscriminativePower(9)"
 ],
 "PARETO_FRONTIERS_ALL": 5
}