{
 "dataset": "adult",
 "all_cfs_count": 80,
 "valid_cfs_count": 74,
 "valid_actionable_cfs_count": 68,
 "execution_times": {
  "dice": 2.8589985370635986,
  "cfec": 3.543999671936035,
  "wachter": 17.969001293182373,
  "cem": 5.116000175476074,
  "cfproto": 28.642999172210693,
  "growing-spheres": 1.155003547668457,
  "actionable-recourse": 11.159999370574951,
  "face": 28.52099895477295
 },
 "explainers": {
  "cadex": {
   "all_cfs_count": 8,
   "valid_cfs_count": 8,
   "valid_actionable_cfs_count": 8,
   "pareto_frontier_count": 2
  },
  "cem": {
   "all_cfs_count": 1,
   "valid_cfs_count": 1,
   "valid_actionable_cfs_count": 1,
   "pareto_frontier_count": 0
  },
  "cfproto": {
   "all_cfs_count": 5,
   "valid_cfs_count": 5,
   "valid_actionable_cfs_count": 0,
   "pareto_frontier_count": 0
  },
  "dice": {
   "all_cfs_count": 20,
   "valid_cfs_count": 20,
   "valid_actionable_cfs_count": 20,
   "pareto_frontier_count": 1
  },
  "face": {
   "all_cfs_count": 10,
   "valid_cfs_count": 10,
   "valid_actionable_cfs_count": 9,
   "pareto_frontier_count": 6
  },
  "fimap": {
   "all_cfs_count": 6,
   "valid_cfs_count": 5,
   "valid_actionable_cfs_count": 5,
   "pareto_frontier_count": 0
  },
  "growing-spheres": {
   "all_cfs_count": 20,
   "valid_cfs_count": 20,
   "valid_actionable_cfs_count": 20,
   "pareto_frontier_count": 0
  },
  "wachter": {
   "all_cfs_count": 10,
   "valid_cfs_count": 5,
   "valid_actionable_cfs_count": 5,
   "pareto_frontier_count": 1
  }
 },
 "DATASET_NAME": "adult",
 "INDEX_TO_EXPLAIN": 147,
 "TRAIN_DATASET_PATH": "data/adult_train.csv",
 "TEST_DATASET_PATH": "data/adult_test.csv",
 "CONSTRAINTS_PATH": "data/adult_constraints.json",
 "MODEL_PATH": "models/adult_NN/",
 "EXPLAINED_MODEL_BACKEND": "tensorflow",
 "SAVE_PATH_SCORES": "experiments/2023-03-12/scores/adult_tensorflow_i147_2023-03-12.csv",
 "SAVE_PATH_VALID_SCORES": "experiments/2023-03-12/valid_scores/adult_tensorflow_i147_2023-03-12.csv",
 "SAVE_PATH_STATS": "experiments/2023-03-12/stats/adult_tensorflow_i147_2023-03-12.json",
 "SAVE_PATH_COUNTERFACTUALS": "experiments/2023-03-12/counterfactuals/adult_tensorflow_i147_2023-03-12.csv",
 "SAVE_PATH_VALID_COUNTERFACTUALS": "experiments/2023-03-12/valid_counterfactuals/adult_tensorflow_i147_2023-03-12.csv",
 "PREFERENCES_RANKING": [
  0,
  4,
  2,
  3,
  5,
  1
 ],
 "K_NEIGHBORS_FEASIB": 3,
 "K_NEIGHBORS_DISCRIMINATIVE": 9,
 "QUERY_INSTANCE": {
  "age": {
   "147": 69
  },
  "education.num": {
   "147": 9
  },
  "capital.gain": {
   "147": 0
  },
  "capital.loss": {
   "147": 0
  },
  "hours.per.week": {
   "147": 9
  },
  "workclass": {
   "147": "?"
  },
  "marital.status": {
   "147": "Widowed"
  },
  "occupation": {
   "147": "?"
  },
  "race": {
   "147": "White"
  },
  "sex": {
   "147": "Female"
  },
  "native.country": {
   "147": "United-States"
  }
 },
 "ENSEMBLE_INIT_ELAPSED_TIME": 6.068975210189819,
 "ENSEMBLE_GENERATION_ELAPSED_TIME": 102.40900111198425,
 "ORIGINAL_X_CLASS": "<=50K",
 "PARETO_METRICS": [
  "Proximity",
  "K_Feasibility(3)",
  "DiscriminativePower(9)"
 ],
 "PARETO_FRONTIERS_ALL": 10
}