{
 "dataset": "adult",
 "all_cfs_count": 86,
 "valid_cfs_count": 77,
 "valid_actionable_cfs_count": 67,
 "execution_times": {
  "dice": 2.959000825881958,
  "cfec": 1.9900009632110596,
  "wachter": 37.323997497558594,
  "cem": 5.0260009765625,
  "cfproto": 28.75400161743164,
  "growing-spheres": 1.0019991397857666,
  "actionable-recourse": 11.242000579833984,
  "face": 26.98599934577942
 },
 "explainers": {
  "actionable-recourse": {
   "all_cfs_count": 1,
   "valid_cfs_count": 1,
   "valid_actionable_cfs_count": 1,
   "pareto_frontier_count": 0
  },
  "cadex": {
   "all_cfs_count": 8,
   "valid_cfs_count": 7,
   "valid_actionable_cfs_count": 7,
   "pareto_frontier_count": 2
  },
  "cem": {
   "all_cfs_count": 1,
   "valid_cfs_count": 1,
   "valid_actionable_cfs_count": 1,
   "pareto_frontier_count": 1
  },
  "cfproto": {
   "all_cfs_count": 10,
   "valid_cfs_count": 10,
   "valid_actionable_cfs_count": 0,
   "pareto_frontier_count": 0
  },
  "dice": {
   "all_cfs_count": 20,
   "valid_cfs_count": 20,
   "valid_actionable_cfs_count": 20,
   "pareto_frontier_count": 0
  },
  "face": {
   "all_cfs_count": 10,
   "valid_cfs_count": 10,
   "valid_actionable_cfs_count": 10,
   "pareto_frontier_count": 3
  },
  "fimap": {
   "all_cfs_count": 6,
   "valid_cfs_count": 4,
   "valid_actionable_cfs_count": 4,
   "pareto_frontier_count": 0
  },
  "growing-spheres": {
   "all_cfs_count": 20,
   "valid_cfs_count": 20,
   "valid_actionable_cfs_count": 20,
   "pareto_frontier_count": 0
  },
  "wachter": {
   "all_cfs_count": 10,
   "valid_cfs_count": 4,
   "valid_actionable_cfs_count": 4,
   "pareto_frontier_count": 2
  }
 },
 "DATASET_NAME": "adult",
 "INDEX_TO_EXPLAIN": 102,
 "TRAIN_DATASET_PATH": "data/adult_train.csv",
 "TEST_DATASET_PATH": "data/adult_test.csv",
 "CONSTRAINTS_PATH": "data/adult_constraints.json",
 "MODEL_PATH": "models/adult_NN/",
 "EXPLAINED_MODEL_BACKEND": "tensorflow",
 "SAVE_PATH_SCORES": "experiments/2023-03-12/scores/adult_tensorflow_i102_2023-03-12.csv",
 "SAVE_PATH_VALID_SCORES": "experiments/2023-03-12/valid_scores/adult_tensorflow_i102_2023-03-12.csv",
 "SAVE_PATH_STATS": "experiments/2023-03-12/stats/adult_tensorflow_i102_2023-03-12.json",
 "SAVE_PATH_COUNTERFACTUALS": "experiments/2023-03-12/counterfactuals/adult_tensorflow_i102_2023-03-12.csv",
 "SAVE_PATH_VALID_COUNTERFACTUALS": "experiments/2023-03-12/valid_counterfactuals/adult_tensorflow_i102_2023-03-12.csv",
 "PREFERENCES_RANKING": [
  0,
  4,
  2,
  3,
  5,
  1
 ],
 "K_NEIGHBORS_FEASIB": 3,
 "K_NEIGHBORS_DISCRIMINATIVE": 9,
 "QUERY_INSTANCE": {
  "age": {
   "102": 36
  },
  "education.num": {
   "102": 10
  },
  "capital.gain": {
   "102": 0
  },
  "capital.loss": {
   "102": 0
  },
  "hours.per.week": {
   "102": 40
  },
  "workclass": {
   "102": "Private"
  },
  "marital.status": {
   "102": "Widowed"
  },
  "occupation": {
   "102": "Prof-specialty"
  },
  "race": {
   "102": "White"
  },
  "sex": {
   "102": "Female"
  },
  "native.country": {
   "102": "United-States"
  }
 },
 "ENSEMBLE_INIT_ELAPSED_TIME": 5.804998874664307,
 "ENSEMBLE_GENERATION_ELAPSED_TIME": 118.73399996757507,
 "ORIGINAL_X_CLASS": "<=50K",
 "PARETO_METRICS": [
  "Proximity",
  "K_Feasibility(3)",
  "DiscriminativePower(9)"
 ],
 "PARETO_FRONTIERS_ALL": 8
}