{
 "dataset": "adult",
 "all_cfs_count": 85,
 "valid_cfs_count": 82,
 "valid_actionable_cfs_count": 72,
 "execution_times": {
  "dice": 2.899001359939575,
  "cfec": 3.5250000953674316,
  "wachter": 15.621999263763428,
  "cem": 5.069000005722046,
  "cfproto": 28.672998905181885,
  "growing-spheres": 1.146998643875122,
  "actionable-recourse": 11.117000579833984,
  "face": 28.13400101661682
 },
 "explainers": {
  "cadex": {
   "all_cfs_count": 8,
   "valid_cfs_count": 7,
   "valid_actionable_cfs_count": 7,
   "pareto_frontier_count": 1
  },
  "cem": {
   "all_cfs_count": 1,
   "valid_cfs_count": 1,
   "valid_actionable_cfs_count": 1,
   "pareto_frontier_count": 1
  },
  "cfproto": {
   "all_cfs_count": 10,
   "valid_cfs_count": 10,
   "valid_actionable_cfs_count": 0,
   "pareto_frontier_count": 0
  },
  "dice": {
   "all_cfs_count": 20,
   "valid_cfs_count": 20,
   "valid_actionable_cfs_count": 20,
   "pareto_frontier_count": 0
  },
  "face": {
   "all_cfs_count": 10,
   "valid_cfs_count": 9,
   "valid_actionable_cfs_count": 9,
   "pareto_frontier_count": 4
  },
  "fimap": {
   "all_cfs_count": 6,
   "valid_cfs_count": 5,
   "valid_actionable_cfs_count": 5,
   "pareto_frontier_count": 0
  },
  "growing-spheres": {
   "all_cfs_count": 20,
   "valid_cfs_count": 20,
   "valid_actionable_cfs_count": 20,
   "pareto_frontier_count": 0
  },
  "wachter": {
   "all_cfs_count": 10,
   "valid_cfs_count": 10,
   "valid_actionable_cfs_count": 10,
   "pareto_frontier_count": 0
  }
 },
 "DATASET_NAME": "adult",
 "INDEX_TO_EXPLAIN": 149,
 "TRAIN_DATASET_PATH": "data/adult_train.csv",
 "TEST_DATASET_PATH": "data/adult_test.csv",
 "CONSTRAINTS_PATH": "data/adult_constraints.json",
 "MODEL_PATH": "models/adult_NN/",
 "EXPLAINED_MODEL_BACKEND": "tensorflow",
 "SAVE_PATH_SCORES": "experiments/2023-03-12/scores/adult_tensorflow_i149_2023-03-12.csv",
 "SAVE_PATH_VALID_SCORES": "experiments/2023-03-12/valid_scores/adult_tensorflow_i149_2023-03-12.csv",
 "SAVE_PATH_STATS": "experiments/2023-03-12/stats/adult_tensorflow_i149_2023-03-12.json",
 "SAVE_PATH_COUNTERFACTUALS": "experiments/2023-03-12/counterfactuals/adult_tensorflow_i149_2023-03-12.csv",
 "SAVE_PATH_VALID_COUNTERFACTUALS": "experiments/2023-03-12/valid_counterfactuals/adult_tensorflow_i149_2023-03-12.csv",
 "PREFERENCES_RANKING": [
  0,
  4,
  2,
  3,
  5,
  1
 ],
 "K_NEIGHBORS_FEASIB": 3,
 "K_NEIGHBORS_DISCRIMINATIVE": 9,
 "QUERY_INSTANCE": {
  "age": {
   "149": 18
  },
  "education.num": {
   "149": 10
  },
  "capital.gain": {
   "149": 0
  },
  "capital.loss": {
   "149": 0
  },
  "hours.per.week": {
   "149": 10
  },
  "workclass": {
   "149": "State-gov"
  },
  "marital.status": {
   "149": "Never-married"
  },
  "occupation": {
   "149": "Adm-clerical"
  },
  "race": {
   "149": "White"
  },
  "sex": {
   "149": "Male"
  },
  "native.country": {
   "149": "United-States"
  }
 },
 "ENSEMBLE_INIT_ELAPSED_TIME": 5.710997819900513,
 "ENSEMBLE_GENERATION_ELAPSED_TIME": 99.64100337028503,
 "ORIGINAL_X_CLASS": "<=50K",
 "PARETO_METRICS": [
  "Proximity",
  "K_Feasibility(3)",
  "DiscriminativePower(9)"
 ],
 "PARETO_FRONTIERS_ALL": 6
}