{
 "dataset": "adult",
 "all_cfs_count": 82,
 "valid_cfs_count": 67,
 "valid_actionable_cfs_count": 57,
 "execution_times": {
  "dice": 3.5669991970062256,
  "cfec": 1.6800010204315186,
  "wachter": 24.588998079299927,
  "cem": 4.93899130821228,
  "cfproto": 28.732000589370728,
  "growing-spheres": 0.6190016269683838,
  "actionable-recourse": 10.776000022888184,
  "face": 26.812999486923218
 },
 "explainers": {
  "cadex": {
   "all_cfs_count": 5,
   "valid_cfs_count": 5,
   "valid_actionable_cfs_count": 5,
   "pareto_frontier_count": 1
  },
  "cem": {
   "all_cfs_count": 1,
   "valid_cfs_count": 0,
   "valid_actionable_cfs_count": 0,
   "pareto_frontier_count": 0
  },
  "cfproto": {
   "all_cfs_count": 10,
   "valid_cfs_count": 10,
   "valid_actionable_cfs_count": 0,
   "pareto_frontier_count": 0
  },
  "dice": {
   "all_cfs_count": 20,
   "valid_cfs_count": 20,
   "valid_actionable_cfs_count": 20,
   "pareto_frontier_count": 1
  },
  "face": {
   "all_cfs_count": 10,
   "valid_cfs_count": 10,
   "valid_actionable_cfs_count": 10,
   "pareto_frontier_count": 5
  },
  "fimap": {
   "all_cfs_count": 6,
   "valid_cfs_count": 4,
   "valid_actionable_cfs_count": 4,
   "pareto_frontier_count": 1
  },
  "growing-spheres": {
   "all_cfs_count": 20,
   "valid_cfs_count": 18,
   "valid_actionable_cfs_count": 18,
   "pareto_frontier_count": 0
  },
  "wachter": {
   "all_cfs_count": 10,
   "valid_cfs_count": 0,
   "valid_actionable_cfs_count": 0,
   "pareto_frontier_count": 1
  }
 },
 "DATASET_NAME": "adult",
 "INDEX_TO_EXPLAIN": 184,
 "TRAIN_DATASET_PATH": "data/adult_train.csv",
 "TEST_DATASET_PATH": "data/adult_test.csv",
 "CONSTRAINTS_PATH": "data/adult_constraints.json",
 "MODEL_PATH": "models/adult_NN/",
 "EXPLAINED_MODEL_BACKEND": "tensorflow",
 "SAVE_PATH_SCORES": "experiments/2023-03-12/scores/adult_tensorflow_i184_2023-03-12.csv",
 "SAVE_PATH_VALID_SCORES": "experiments/2023-03-12/valid_scores/adult_tensorflow_i184_2023-03-12.csv",
 "SAVE_PATH_STATS": "experiments/2023-03-12/stats/adult_tensorflow_i184_2023-03-12.json",
 "SAVE_PATH_COUNTERFACTUALS": "experiments/2023-03-12/counterfactuals/adult_tensorflow_i184_2023-03-12.csv",
 "SAVE_PATH_VALID_COUNTERFACTUALS": "experiments/2023-03-12/valid_counterfactuals/adult_tensorflow_i184_2023-03-12.csv",
 "PREFERENCES_RANKING": [
  0,
  4,
  2,
  3,
  5,
  1
 ],
 "K_NEIGHBORS_FEASIB": 3,
 "K_NEIGHBORS_DISCRIMINATIVE": 9,
 "QUERY_INSTANCE": {
  "age": {
   "184": 67
  },
  "education.num": {
   "184": 10
  },
  "capital.gain": {
   "184": 0
  },
  "capital.loss": {
   "184": 0
  },
  "hours.per.week": {
   "184": 40
  },
  "workclass": {
   "184": "State-gov"
  },
  "marital.status": {
   "184": "Married-civ-spouse"
  },
  "occupation": {
   "184": "Transport-moving"
  },
  "race": {
   "184": "White"
  },
  "sex": {
   "184": "Male"
  },
  "native.country": {
   "184": "United-States"
  }
 },
 "ENSEMBLE_INIT_ELAPSED_TIME": 8.078000545501709,
 "ENSEMBLE_GENERATION_ELAPSED_TIME": 105.02899932861328,
 "ORIGINAL_X_CLASS": "<=50K",
 "PARETO_METRICS": [
  "Proximity",
  "K_Feasibility(3)",
  "DiscriminativePower(9)"
 ],
 "PARETO_FRONTIERS_ALL": 9
}