{
 "dataset": "adult",
 "all_cfs_count": 82,
 "valid_cfs_count": 78,
 "valid_actionable_cfs_count": 70,
 "execution_times": {
  "dice": 3.128998041152954,
  "cfec": 1.83400297164917,
  "wachter": 29.764999866485596,
  "cem": 4.78399920463562,
  "cfproto": 27.934000968933105,
  "growing-spheres": 0.6139988899230957,
  "actionable-recourse": 10.901001214981079,
  "face": 28.581998825073242
 },
 "explainers": {
  "cadex": {
   "all_cfs_count": 7,
   "valid_cfs_count": 7,
   "valid_actionable_cfs_count": 7,
   "pareto_frontier_count": 1
  },
  "cem": {
   "all_cfs_count": 1,
   "valid_cfs_count": 0,
   "valid_actionable_cfs_count": 0,
   "pareto_frontier_count": 1
  },
  "cfproto": {
   "all_cfs_count": 8,
   "valid_cfs_count": 8,
   "valid_actionable_cfs_count": 0,
   "pareto_frontier_count": 0
  },
  "dice": {
   "all_cfs_count": 20,
   "valid_cfs_count": 20,
   "valid_actionable_cfs_count": 20,
   "pareto_frontier_count": 1
  },
  "face": {
   "all_cfs_count": 10,
   "valid_cfs_count": 10,
   "valid_actionable_cfs_count": 10,
   "pareto_frontier_count": 1
  },
  "fimap": {
   "all_cfs_count": 6,
   "valid_cfs_count": 4,
   "valid_actionable_cfs_count": 4,
   "pareto_frontier_count": 0
  },
  "growing-spheres": {
   "all_cfs_count": 20,
   "valid_cfs_count": 20,
   "valid_actionable_cfs_count": 20,
   "pareto_frontier_count": 0
  },
  "wachter": {
   "all_cfs_count": 10,
   "valid_cfs_count": 9,
   "valid_actionable_cfs_count": 9,
   "pareto_frontier_count": 1
  }
 },
 "DATASET_NAME": "adult",
 "INDEX_TO_EXPLAIN": 125,
 "TRAIN_DATASET_PATH": "data/adult_train.csv",
 "TEST_DATASET_PATH": "data/adult_test.csv",
 "CONSTRAINTS_PATH": "data/adult_constraints.json",
 "MODEL_PATH": "models/adult_NN/",
 "EXPLAINED_MODEL_BACKEND": "tensorflow",
 "SAVE_PATH_SCORES": "experiments/2023-03-12/scores/adult_tensorflow_i125_2023-03-12.csv",
 "SAVE_PATH_VALID_SCORES": "experiments/2023-03-12/valid_scores/adult_tensorflow_i125_2023-03-12.csv",
 "SAVE_PATH_STATS": "experiments/2023-03-12/stats/adult_tensorflow_i125_2023-03-12.json",
 "SAVE_PATH_COUNTERFACTUALS": "experiments/2023-03-12/counterfactuals/adult_tensorflow_i125_2023-03-12.csv",
 "SAVE_PATH_VALID_COUNTERFACTUALS": "experiments/2023-03-12/valid_counterfactuals/adult_tensorflow_i125_2023-03-12.csv",
 "PREFERENCES_RANKING": [
  0,
  4,
  2,
  3,
  5,
  1
 ],
 "K_NEIGHBORS_FEASIB": 3,
 "K_NEIGHBORS_DISCRIMINATIVE": 9,
 "QUERY_INSTANCE": {
  "age": {
   "125": 43
  },
  "education.num": {
   "125": 10
  },
  "capital.gain": {
   "125": 0
  },
  "capital.loss": {
   "125": 0
  },
  "hours.per.week": {
   "125": 40
  },
  "workclass": {
   "125": "Private"
  },
  "marital.status": {
   "125": "Married-civ-spouse"
  },
  "occupation": {
   "125": "Tech-support"
  },
  "race": {
   "125": "White"
  },
  "sex": {
   "125": "Male"
  },
  "native.country": {
   "125": "United-States"
  }
 },
 "ENSEMBLE_INIT_ELAPSED_TIME": 6.577000617980957,
 "ENSEMBLE_GENERATION_ELAPSED_TIME": 110.57800102233887,
 "ORIGINAL_X_CLASS": ">50K",
 "PARETO_METRICS": [
  "Proximity",
  "K_Feasibility(3)",
  "DiscriminativePower(9)"
 ],
 "PARETO_FRONTIERS_ALL": 5
}