{
 "dataset": "adult",
 "all_cfs_count": 85,
 "valid_cfs_count": 82,
 "valid_actionable_cfs_count": 68,
 "execution_times": {
  "dice": 4.112995624542236,
  "cfec": 2.5269999504089355,
  "wachter": 18.416999578475952,
  "cem": 4.855998516082764,
  "cfproto": 28.439003705978394,
  "growing-spheres": 1.0790021419525146,
  "actionable-recourse": 12.000999927520752,
  "face": 27.43999743461609
 },
 "explainers": {
  "cadex": {
   "all_cfs_count": 8,
   "valid_cfs_count": 8,
   "valid_actionable_cfs_count": 8,
   "pareto_frontier_count": 1
  },
  "cem": {
   "all_cfs_count": 1,
   "valid_cfs_count": 1,
   "valid_actionable_cfs_count": 1,
   "pareto_frontier_count": 1
  },
  "cfproto": {
   "all_cfs_count": 10,
   "valid_cfs_count": 10,
   "valid_actionable_cfs_count": 0,
   "pareto_frontier_count": 0
  },
  "dice": {
   "all_cfs_count": 20,
   "valid_cfs_count": 20,
   "valid_actionable_cfs_count": 20,
   "pareto_frontier_count": 0
  },
  "face": {
   "all_cfs_count": 10,
   "valid_cfs_count": 10,
   "valid_actionable_cfs_count": 6,
   "pareto_frontier_count": 5
  },
  "fimap": {
   "all_cfs_count": 6,
   "valid_cfs_count": 6,
   "valid_actionable_cfs_count": 6,
   "pareto_frontier_count": 0
  },
  "growing-spheres": {
   "all_cfs_count": 20,
   "valid_cfs_count": 20,
   "valid_actionable_cfs_count": 20,
   "pareto_frontier_count": 0
  },
  "wachter": {
   "all_cfs_count": 10,
   "valid_cfs_count": 7,
   "valid_actionable_cfs_count": 7,
   "pareto_frontier_count": 1
  }
 },
 "DATASET_NAME": "adult",
 "INDEX_TO_EXPLAIN": 189,
 "TRAIN_DATASET_PATH": "data/adult_train.csv",
 "TEST_DATASET_PATH": "data/adult_test.csv",
 "CONSTRAINTS_PATH": "data/adult_constraints.json",
 "MODEL_PATH": "models/adult_NN/",
 "EXPLAINED_MODEL_BACKEND": "tensorflow",
 "SAVE_PATH_SCORES": "experiments/2023-03-12/scores/adult_tensorflow_i189_2023-03-12.csv",
 "SAVE_PATH_VALID_SCORES": "experiments/2023-03-12/valid_scores/adult_tensorflow_i189_2023-03-12.csv",
 "SAVE_PATH_STATS": "experiments/2023-03-12/stats/adult_tensorflow_i189_2023-03-12.json",
 "SAVE_PATH_COUNTERFACTUALS": "experiments/2023-03-12/counterfactuals/adult_tensorflow_i189_2023-03-12.csv",
 "SAVE_PATH_VALID_COUNTERFACTUALS": "experiments/2023-03-12/valid_counterfactuals/adult_tensorflow_i189_2023-03-12.csv",
 "PREFERENCES_RANKING": [
  0,
  4,
  2,
  3,
  5,
  1
 ],
 "K_NEIGHBORS_FEASIB": 3,
 "K_NEIGHBORS_DISCRIMINATIVE": 9,
 "QUERY_INSTANCE": {
  "age": {
   "189": 47
  },
  "education.num": {
   "189": 8
  },
  "capital.gain": {
   "189": 0
  },
  "capital.loss": {
   "189": 0
  },
  "hours.per.week": {
   "189": 40
  },
  "workclass": {
   "189": "Private"
  },
  "marital.status": {
   "189": "Never-married"
  },
  "occupation": {
   "189": "Adm-clerical"
  },
  "race": {
   "189": "Black"
  },
  "sex": {
   "189": "Female"
  },
  "native.country": {
   "189": "United-States"
  }
 },
 "ENSEMBLE_INIT_ELAPSED_TIME": 6.80400013923645,
 "ENSEMBLE_GENERATION_ELAPSED_TIME": 101.95399785041809,
 "ORIGINAL_X_CLASS": "<=50K",
 "PARETO_METRICS": [
  "Proximity",
  "K_Feasibility(3)",
  "DiscriminativePower(9)"
 ],
 "PARETO_FRONTIERS_ALL": 8
}